/* * Data converted from D:/Desktop/f/esp-claw - 副本/application/basic_demo/main/web/app.js
 * (null byte appended)
 */
.data
#if !defined (__APPLE__) && !defined (__linux__)
.section .rodata.embedded
#endif

.global app_js
app_js:

.global _binary_app_js_start
_binary_app_js_start: /* for objcopy compatibility */
.byte 0x2f, 0x2a, 0x20, 0xe2, 0x95, 0x90, 0xe2, 0x95, 0x90, 0xe2, 0x95, 0x90, 0xe2, 0x95, 0x90, 0xe2
.byte 0x95, 0x90, 0xe2, 0x95, 0x90, 0xe2, 0x95, 0x90, 0xe2, 0x95, 0x90, 0xe2, 0x95, 0x90, 0xe2, 0x95
.byte 0x90, 0xe2, 0x95, 0x90, 0xe2, 0x95, 0x90, 0xe2, 0x95, 0x90, 0xe2, 0x95, 0x90, 0xe2, 0x95, 0x90
.byte 0xe2, 0x95, 0x90, 0xe2, 0x95, 0x90, 0xe2, 0x95, 0x90, 0xe2, 0x95, 0x90, 0xe2, 0x95, 0x90, 0xe2
.byte 0x95, 0x90, 0xe2, 0x95, 0x90, 0xe2, 0x95, 0x90, 0xe2, 0x95, 0x90, 0xe2, 0x95, 0x90, 0xe2, 0x95
.byte 0x90, 0xe2, 0x95, 0x90, 0xe2, 0x95, 0x90, 0xe2, 0x95, 0x90, 0xe2, 0x95, 0x90, 0xe2, 0x95, 0x90
.byte 0xe2, 0x95, 0x90, 0xe2, 0x95, 0x90, 0xe2, 0x95, 0x90, 0xe2, 0x95, 0x90, 0xe2, 0x95, 0x90, 0xe2
.byte 0x95, 0x90, 0xe2, 0x95, 0x90, 0xe2, 0x95, 0x90, 0xe2, 0x95, 0x90, 0xe2, 0x95, 0x90, 0xe2, 0x95
.byte 0x90, 0xe2, 0x95, 0x90, 0xe2, 0x95, 0x90, 0xe2, 0x95, 0x90, 0xe2, 0x95, 0x90, 0xe2, 0x95, 0x90
.byte 0xe2, 0x95, 0x90, 0xe2, 0x95, 0x90, 0xe2, 0x95, 0x90, 0xe2, 0x95, 0x90, 0x0d, 0x0a, 0x20, 0x20
.byte 0x20, 0x69, 0x31, 0x38, 0x6e, 0x20, 0xe2, 0x80, 0x93, 0x20, 0x65, 0x78, 0x74, 0x65, 0x6e, 0x73
.byte 0x69, 0x62, 0x6c, 0x65, 0x20, 0x6c, 0x6f, 0x63, 0x61, 0x6c, 0x65, 0x20, 0x72, 0x65, 0x67, 0x69
.byte 0x73, 0x74, 0x72, 0x79, 0x0d, 0x0a, 0x20, 0x20, 0x20, 0x54, 0x6f, 0x20, 0x61, 0x64, 0x64, 0x20
.byte 0x61, 0x20, 0x6e, 0x65, 0x77, 0x20, 0x6c, 0x61, 0x6e, 0x67, 0x75, 0x61, 0x67, 0x65, 0x2c, 0x20
.byte 0x61, 0x70, 0x70, 0x65, 0x6e, 0x64, 0x20, 0x61, 0x6e, 0x20, 0x65, 0x6e, 0x74, 0x72, 0x79, 0x20
.byte 0x74, 0x6f, 0x20, 0x4c, 0x4f, 0x43, 0x41, 0x4c, 0x45, 0x53, 0x0d, 0x0a, 0x20, 0x20, 0x20, 0x61
.byte 0x6e, 0x64, 0x20, 0x61, 0x64, 0x64, 0x20, 0x61, 0x20, 0x6d, 0x61, 0x74, 0x63, 0x68, 0x69, 0x6e
.byte 0x67, 0x20, 0x6b, 0x65, 0x79, 0x20, 0x69, 0x6e, 0x20, 0x60, 0x73, 0x74, 0x72, 0x69, 0x6e, 0x67
.byte 0x73, 0x60, 0x2e, 0x0d, 0x0a, 0x20, 0x20, 0x20, 0xe2, 0x95, 0x90, 0xe2, 0x95, 0x90, 0xe2, 0x95
.byte 0x90, 0xe2, 0x95, 0x90, 0xe2, 0x95, 0x90, 0xe2, 0x95, 0x90, 0xe2, 0x95, 0x90, 0xe2, 0x95, 0x90
.byte 0xe2, 0x95, 0x90, 0xe2, 0x95, 0x90, 0xe2, 0x95, 0x90, 0xe2, 0x95, 0x90, 0xe2, 0x95, 0x90, 0xe2
.byte 0x95, 0x90, 0xe2, 0x95, 0x90, 0xe2, 0x95, 0x90, 0xe2, 0x95, 0x90, 0xe2, 0x95, 0x90, 0xe2, 0x95
.byte 0x90, 0xe2, 0x95, 0x90, 0xe2, 0x95, 0x90, 0xe2, 0x95, 0x90, 0xe2, 0x95, 0x90, 0xe2, 0x95, 0x90
.byte 0xe2, 0x95, 0x90, 0xe2, 0x95, 0x90, 0xe2, 0x95, 0x90, 0xe2, 0x95, 0x90, 0xe2, 0x95, 0x90, 0xe2
.byte 0x95, 0x90, 0xe2, 0x95, 0x90, 0xe2, 0x95, 0x90, 0xe2, 0x95, 0x90, 0xe2, 0x95, 0x90, 0xe2, 0x95
.byte 0x90, 0xe2, 0x95, 0x90, 0xe2, 0x95, 0x90, 0xe2, 0x95, 0x90, 0xe2, 0x95, 0x90, 0xe2, 0x95, 0x90
.byte 0xe2, 0x95, 0x90, 0xe2, 0x95, 0x90, 0xe2, 0x95, 0x90, 0xe2, 0x95, 0x90, 0xe2, 0x95, 0x90, 0xe2
.byte 0x95, 0x90, 0xe2, 0x95, 0x90, 0xe2, 0x95, 0x90, 0xe2, 0x95, 0x90, 0xe2, 0x95, 0x90, 0xe2, 0x95
.byte 0x90, 0x20, 0x2a, 0x2f, 0x0d, 0x0a, 0x0d, 0x0a, 0x63, 0x6f, 0x6e, 0x73, 0x74, 0x20, 0x4c, 0x4f
.byte 0x43, 0x41, 0x4c, 0x45, 0x53, 0x20, 0x3d, 0x20, 0x5b, 0x0d, 0x0a, 0x20, 0x20, 0x7b, 0x20, 0x69
.byte 0x64, 0x3a, 0x20, 0x22, 0x65, 0x6e, 0x22, 0x2c, 0x20, 0x6c, 0x61, 0x62, 0x65, 0x6c, 0x3a, 0x20
.byte 0x22, 0x45, 0x6e, 0x67, 0x6c, 0x69, 0x73, 0x68, 0x22, 0x20, 0x7d, 0x2c, 0x0d, 0x0a, 0x20, 0x20
.byte 0x7b, 0x20, 0x69, 0x64, 0x3a, 0x20, 0x22, 0x7a, 0x68, 0x2d, 0x63, 0x6e, 0x22, 0x2c, 0x20, 0x6c
.byte 0x61, 0x62, 0x65, 0x6c, 0x3a, 0x20, 0x22, 0xe7, 0xae, 0x80, 0xe4, 0xbd, 0x93, 0xe4, 0xb8, 0xad
.byte 0xe6, 0x96, 0x87, 0x22, 0x20, 0x7d, 0x2c, 0x0d, 0x0a, 0x5d, 0x3b, 0x0d, 0x0a, 0x0d, 0x0a, 0x63
.byte 0x6f, 0x6e, 0x73, 0x74, 0x20, 0x73, 0x74, 0x72, 0x69, 0x6e, 0x67, 0x73, 0x20, 0x3d, 0x20, 0x7b
.byte 0x0d, 0x0a, 0x20, 0x20, 0x65, 0x6e, 0x3a, 0x20, 0x7b, 0x0d, 0x0a, 0x20, 0x20, 0x20, 0x20, 0x64
.byte 0x6f, 0x63, 0x54, 0x69, 0x74, 0x6c, 0x65, 0x3a, 0x20, 0x22, 0x45, 0x53, 0x50, 0x2d, 0x43, 0x6c
.byte 0x61, 0x77, 0x20, 0x53, 0x65, 0x74, 0x74, 0x69, 0x6e, 0x67, 0x73, 0x22, 0x2c, 0x0d, 0x0a, 0x20
.byte 0x20, 0x20, 0x20, 0x70, 0x61, 0x67, 0x65, 0x54, 0x69, 0x74, 0x6c, 0x65, 0x3a, 0x20, 0x22, 0x44
.byte 0x65, 0x76, 0x69, 0x63, 0x65, 0x20, 0x53, 0x65, 0x74, 0x74, 0x69, 0x6e, 0x67, 0x73, 0x22, 0x2c
.byte 0x0d, 0x0a, 0x20, 0x20, 0x20, 0x20, 0x70, 0x61, 0x67, 0x65, 0x53, 0x75, 0x62, 0x74, 0x69, 0x74
.byte 0x6c, 0x65, 0x3a, 0x0d, 0x0a, 0x20, 0x20, 0x20, 0x20, 0x20, 0x20, 0x22, 0x43, 0x6f, 0x6e, 0x66
.byte 0x69, 0x67, 0x75, 0x72, 0x65, 0x20, 0x63, 0x72, 0x65, 0x64, 0x65, 0x6e, 0x74, 0x69, 0x61, 0x6c
.byte 0x73, 0x2c, 0x20, 0x72, 0x75, 0x6e, 0x74, 0x69, 0x6d, 0x65, 0x20, 0x73, 0x65, 0x74, 0x74, 0x69
.byte 0x6e, 0x67, 0x73, 0x2c, 0x20, 0x61, 0x6e, 0x64, 0x20, 0x6d, 0x61, 0x6e, 0x61, 0x67, 0x65, 0x20
.byte 0x46, 0x41, 0x54, 0x46, 0x53, 0x20, 0x73, 0x74, 0x6f, 0x72, 0x61, 0x67, 0x65, 0x20, 0x6f, 0x6e
.byte 0x20, 0x79, 0x6f, 0x75, 0x72, 0x20, 0x45, 0x53, 0x50, 0x20, 0x64, 0x65, 0x76, 0x69, 0x63, 0x65
.byte 0x2e, 0x22, 0x2c, 0x0d, 0x0a, 0x20, 0x20, 0x20, 0x20, 0x74, 0x61, 0x62, 0x43, 0x6f, 0x6e, 0x66
.byte 0x69, 0x67, 0x3a, 0x20, 0x22, 0x43, 0x6f, 0x6e, 0x66, 0x69, 0x67, 0x75, 0x72, 0x61, 0x74, 0x69
.byte 0x6f, 0x6e, 0x22, 0x2c, 0x0d, 0x0a, 0x20, 0x20, 0x20, 0x20, 0x74, 0x61, 0x62, 0x4d, 0x65, 0x6d
.byte 0x6f, 0x72, 0x79, 0x3a, 0x20, 0x22, 0x4d, 0x65, 0x6d, 0x6f, 0x72, 0x79, 0x22, 0x2c, 0x0d, 0x0a
.byte 0x20, 0x20, 0x20, 0x20, 0x74, 0x61, 0x62, 0x46, 0x69, 0x6c, 0x65, 0x73, 0x3a, 0x20, 0x22, 0x46
.byte 0x69, 0x6c, 0x65, 0x20, 0x4d, 0x61, 0x6e, 0x61, 0x67, 0x65, 0x72, 0x22, 0x2c, 0x0d, 0x0a, 0x0d
.byte 0x0a, 0x20, 0x20, 0x20, 0x20, 0x73, 0x74, 0x61, 0x74, 0x75, 0x73, 0x4c, 0x6f, 0x61, 0x64, 0x69
.byte 0x6e, 0x67, 0x3a, 0x20, 0x22, 0x4c, 0x6f, 0x61, 0x64, 0x69, 0x6e, 0x67, 0x5c, 0x75, 0x32, 0x30
.byte 0x32, 0x36, 0x22, 0x2c, 0x0d, 0x0a, 0x20, 0x20, 0x20, 0x20, 0x73, 0x74, 0x61, 0x74, 0x75, 0x73
.byte 0x4f, 0x6e, 0x6c, 0x69, 0x6e, 0x65, 0x3a, 0x20, 0x22, 0x57, 0x69, 0x2d, 0x46, 0x69, 0x20, 0x43
.byte 0x6f, 0x6e, 0x6e, 0x65, 0x63, 0x74, 0x65, 0x64, 0x22, 0x2c, 0x0d, 0x0a, 0x20, 0x20, 0x20, 0x20
.byte 0x73, 0x74, 0x61, 0x74, 0x75, 0x73, 0x4f, 0x66, 0x66, 0x6c, 0x69, 0x6e, 0x65, 0x3a, 0x20, 0x22
.byte 0x57, 0x69, 0x2d, 0x46, 0x69, 0x20, 0x4f, 0x66, 0x66, 0x6c, 0x69, 0x6e, 0x65, 0x22, 0x2c, 0x0d
.byte 0x0a, 0x0d, 0x0a, 0x20, 0x20, 0x20, 0x20, 0x73, 0x65, 0x63, 0x74, 0x69, 0x6f, 0x6e, 0x57, 0x69
.byte 0x66, 0x69, 0x3a, 0x20, 0x22, 0x57, 0x69, 0x2d, 0x46, 0x69, 0x20, 0x53, 0x65, 0x74, 0x74, 0x69
.byte 0x6e, 0x67, 0x73, 0x22, 0x2c, 0x0d, 0x0a, 0x20, 0x20, 0x20, 0x20, 0x77, 0x69, 0x66, 0x69, 0x53
.byte 0x73, 0x69, 0x64, 0x3a, 0x20, 0x22, 0x57, 0x69, 0x2d, 0x46, 0x69, 0x20, 0x53, 0x53, 0x49, 0x44
.byte 0x22, 0x2c, 0x0d, 0x0a, 0x20, 0x20, 0x20, 0x20, 0x77, 0x69, 0x66, 0x69, 0x50, 0x61, 0x73, 0x73
.byte 0x77, 0x6f, 0x72, 0x64, 0x3a, 0x20, 0x22, 0x57, 0x69, 0x2d, 0x46, 0x69, 0x20, 0x50, 0x61, 0x73
.byte 0x73, 0x77, 0x6f, 0x72, 0x64, 0x22, 0x2c, 0x0d, 0x0a, 0x0d, 0x0a, 0x20, 0x20, 0x20, 0x20, 0x73
.byte 0x65, 0x63, 0x74, 0x69, 0x6f, 0x6e, 0x4c, 0x6c, 0x6d, 0x3a, 0x20, 0x22, 0x4c, 0x4c, 0x4d, 0x20
.byte 0x53, 0x65, 0x74, 0x74, 0x69, 0x6e, 0x67, 0x73, 0x22, 0x2c, 0x0d, 0x0a, 0x20, 0x20, 0x20, 0x20
.byte 0x6c, 0x6c, 0x6d, 0x50, 0x72, 0x6f, 0x76, 0x69, 0x64, 0x65, 0x72, 0x3a, 0x20, 0x22, 0x4c, 0x4c
.byte 0x4d, 0x20, 0x50, 0x72, 0x6f, 0x76, 0x69, 0x64, 0x65, 0x72, 0x22, 0x2c, 0x0d, 0x0a, 0x20, 0x20
.byte 0x20, 0x20, 0x6c, 0x6c, 0x6d, 0x50, 0x72, 0x6f, 0x76, 0x69, 0x64, 0x65, 0x72, 0x4f, 0x70, 0x65
.byte 0x6e, 0x61, 0x69, 0x3a, 0x20, 0x22, 0x4f, 0x70, 0x65, 0x6e, 0x41, 0x49, 0x22, 0x2c, 0x0d, 0x0a
.byte 0x20, 0x20, 0x20, 0x20, 0x6c, 0x6c, 0x6d, 0x50, 0x72, 0x6f, 0x76, 0x69, 0x64, 0x65, 0x72, 0x51
.byte 0x77, 0x65, 0x6e, 0x3a, 0x20, 0x22, 0x51, 0x77, 0x65, 0x6e, 0x20, 0x43, 0x6f, 0x6d, 0x70, 0x61
.byte 0x74, 0x69, 0x62, 0x6c, 0x65, 0x22, 0x2c, 0x0d, 0x0a, 0x20, 0x20, 0x20, 0x20, 0x6c, 0x6c, 0x6d
.byte 0x50, 0x72, 0x6f, 0x76, 0x69, 0x64, 0x65, 0x72, 0x41, 0x6e, 0x74, 0x68, 0x72, 0x6f, 0x70, 0x69
.byte 0x63, 0x3a, 0x20, 0x22, 0x41, 0x6e, 0x74, 0x68, 0x72, 0x6f, 0x70, 0x69, 0x63, 0x22, 0x2c, 0x0d
.byte 0x0a, 0x20, 0x20, 0x20, 0x20, 0x6c, 0x6c, 0x6d, 0x50, 0x72, 0x6f, 0x76, 0x69, 0x64, 0x65, 0x72
.byte 0x43, 0x75, 0x73, 0x74, 0x6f, 0x6d, 0x3a, 0x20, 0x22, 0x43, 0x75, 0x73, 0x74, 0x6f, 0x6d, 0x22
.byte 0x2c, 0x0d, 0x0a, 0x20, 0x20, 0x20, 0x20, 0x6c, 0x6c, 0x6d, 0x41, 0x70, 0x69, 0x4b, 0x65, 0x79
.byte 0x3a, 0x20, 0x22, 0x41, 0x50, 0x49, 0x20, 0x4b, 0x65, 0x79, 0x22, 0x2c, 0x0d, 0x0a, 0x20, 0x20
.byte 0x20, 0x20, 0x6c, 0x6c, 0x6d, 0x4d, 0x6f, 0x64, 0x65, 0x6c, 0x3a, 0x20, 0x22, 0x4d, 0x6f, 0x64
.byte 0x65, 0x6c, 0x22, 0x2c, 0x0d, 0x0a, 0x20, 0x20, 0x20, 0x20, 0x6c, 0x6c, 0x6d, 0x54, 0x69, 0x6d
.byte 0x65, 0x6f, 0x75, 0x74, 0x3a, 0x20, 0x22, 0x54, 0x69, 0x6d, 0x65, 0x6f, 0x75, 0x74, 0x20, 0x28
.byte 0x6d, 0x73, 0x29, 0x22, 0x2c, 0x0d, 0x0a, 0x20, 0x20, 0x20, 0x20, 0x6c, 0x6c, 0x6d, 0x54, 0x69
.byte 0x6d, 0x65, 0x6f, 0x75, 0x74, 0x50, 0x6c, 0x61, 0x63, 0x65, 0x68, 0x6f, 0x6c, 0x64, 0x65, 0x72
.byte 0x3a, 0x20, 0x22, 0x31, 0x32, 0x30, 0x30, 0x30, 0x30, 0x22, 0x2c, 0x0d, 0x0a, 0x20, 0x20, 0x20
.byte 0x20, 0x6c, 0x6c, 0x6d, 0x41, 0x64, 0x76, 0x61, 0x6e, 0x63, 0x65, 0x64, 0x3a, 0x20, 0x22, 0x4c
.byte 0x4c, 0x4d, 0x20, 0x41, 0x64, 0x76, 0x61, 0x6e, 0x63, 0x65, 0x64, 0x20, 0x4f, 0x70, 0x74, 0x69
.byte 0x6f, 0x6e, 0x73, 0x22, 0x2c, 0x0d, 0x0a, 0x20, 0x20, 0x20, 0x20, 0x6c, 0x6c, 0x6d, 0x42, 0x61
.byte 0x63, 0x6b, 0x65, 0x6e, 0x64, 0x3a, 0x20, 0x22, 0x42, 0x61, 0x63, 0x6b, 0x65, 0x6e, 0x64, 0x20
.byte 0x54, 0x79, 0x70, 0x65, 0x22, 0x2c, 0x0d, 0x0a, 0x20, 0x20, 0x20, 0x20, 0x6c, 0x6c, 0x6d, 0x42
.byte 0x61, 0x63, 0x6b, 0x65, 0x6e, 0x64, 0x50, 0x6c, 0x61, 0x63, 0x65, 0x68, 0x6f, 0x6c, 0x64, 0x65
.byte 0x72, 0x3a, 0x20, 0x22, 0x6f, 0x70, 0x65, 0x6e, 0x61, 0x69, 0x5f, 0x63, 0x6f, 0x6d, 0x70, 0x61
.byte 0x74, 0x69, 0x62, 0x6c, 0x65, 0x20, 0x2f, 0x20, 0x61, 0x6e, 0x74, 0x68, 0x72, 0x6f, 0x70, 0x69
.byte 0x63, 0x20, 0x2f, 0x20, 0x63, 0x75, 0x73, 0x74, 0x6f, 0x6d, 0x22, 0x2c, 0x0d, 0x0a, 0x20, 0x20
.byte 0x20, 0x20, 0x6c, 0x6c, 0x6d, 0x50, 0x72, 0x6f, 0x66, 0x69, 0x6c, 0x65, 0x3a, 0x20, 0x22, 0x50
.byte 0x72, 0x6f, 0x66, 0x69, 0x6c, 0x65, 0x22, 0x2c, 0x0d, 0x0a, 0x20, 0x20, 0x20, 0x20, 0x6c, 0x6c
.byte 0x6d, 0x50, 0x72, 0x6f, 0x66, 0x69, 0x6c, 0x65, 0x50, 0x6c, 0x61, 0x63, 0x65, 0x68, 0x6f, 0x6c
.byte 0x64, 0x65, 0x72, 0x3a, 0x20, 0x22, 0x6f, 0x70, 0x65, 0x6e, 0x61, 0x69, 0x20, 0x2f, 0x20, 0x71
.byte 0x77, 0x65, 0x6e, 0x5f, 0x63, 0x6f, 0x6d, 0x70, 0x61, 0x74, 0x69, 0x62, 0x6c, 0x65, 0x20, 0x2f
.byte 0x20, 0x61, 0x6e, 0x74, 0x68, 0x72, 0x6f, 0x70, 0x69, 0x63, 0x22, 0x2c, 0x0d, 0x0a, 0x20, 0x20
.byte 0x20, 0x20, 0x6c, 0x6c, 0x6d, 0x42, 0x61, 0x73, 0x65, 0x55, 0x72, 0x6c, 0x3a, 0x20, 0x22, 0x42
.byte 0x61, 0x73, 0x65, 0x20, 0x55, 0x52, 0x4c, 0x22, 0x2c, 0x0d, 0x0a, 0x20, 0x20, 0x20, 0x20, 0x6c
.byte 0x6c, 0x6d, 0x42, 0x61, 0x73, 0x65, 0x55, 0x72, 0x6c, 0x50, 0x6c, 0x61, 0x63, 0x65, 0x68, 0x6f
.byte 0x6c, 0x64, 0x65, 0x72, 0x3a, 0x20, 0x22, 0x68, 0x74, 0x74, 0x70, 0x73, 0x3a, 0x2f, 0x2f, 0x61
.byte 0x70, 0x69, 0x2e, 0x6f, 0x70, 0x65, 0x6e, 0x61, 0x69, 0x2e, 0x63, 0x6f, 0x6d, 0x2f, 0x76, 0x31
.byte 0x22, 0x2c, 0x0d, 0x0a, 0x20, 0x20, 0x20, 0x20, 0x6c, 0x6c, 0x6d, 0x41, 0x75, 0x74, 0x68, 0x54
.byte 0x79, 0x70, 0x65, 0x3a, 0x20, 0x22, 0x41, 0x75, 0x74, 0x68, 0x20, 0x54, 0x79, 0x70, 0x65, 0x22
.byte 0x2c, 0x0d, 0x0a, 0x20, 0x20, 0x20, 0x20, 0x6c, 0x6c, 0x6d, 0x41, 0x75, 0x74, 0x68, 0x54, 0x79
.byte 0x70, 0x65, 0x50, 0x6c, 0x61, 0x63, 0x65, 0x68, 0x6f, 0x6c, 0x64, 0x65, 0x72, 0x3a, 0x20, 0x22
.byte 0x62, 0x65, 0x61, 0x72, 0x65, 0x72, 0x20, 0x2f, 0x20, 0x61, 0x70, 0x69, 0x2d, 0x6b, 0x65, 0x79
.byte 0x20, 0x2f, 0x20, 0x6e, 0x6f, 0x6e, 0x65, 0x22, 0x2c, 0x0d, 0x0a, 0x0d, 0x0a, 0x20, 0x20, 0x20
.byte 0x20, 0x73, 0x65, 0x63, 0x74, 0x69, 0x6f, 0x6e, 0x49, 0x6d, 0x3a, 0x20, 0x22, 0x49, 0x6e, 0x73
.byte 0x74, 0x61, 0x6e, 0x74, 0x20, 0x4d, 0x65, 0x73, 0x73, 0x61, 0x67, 0x69, 0x6e, 0x67, 0x20, 0x28
.byte 0x49, 0x4d, 0x29, 0x22, 0x2c, 0x0d, 0x0a, 0x20, 0x20, 0x20, 0x20, 0x69, 0x6d, 0x57, 0x65, 0x63
.byte 0x68, 0x61, 0x74, 0x54, 0x69, 0x74, 0x6c, 0x65, 0x3a, 0x20, 0x22, 0x57, 0x65, 0x43, 0x68, 0x61
.byte 0x74, 0x22, 0x2c, 0x0d, 0x0a, 0x20, 0x20, 0x20, 0x20, 0x69, 0x6d, 0x46, 0x65, 0x69, 0x73, 0x68
.byte 0x75, 0x54, 0x69, 0x74, 0x6c, 0x65, 0x3a, 0x20, 0x22, 0x46, 0x65, 0x69, 0x73, 0x68, 0x75, 0x22
.byte 0x2c, 0x0d, 0x0a, 0x20, 0x20, 0x20, 0x20, 0x77, 0x65, 0x63, 0x68, 0x61, 0x74, 0x4c, 0x6f, 0x67
.byte 0x69, 0x6e, 0x44, 0x65, 0x73, 0x63, 0x3a, 0x20, 0x22, 0x51, 0x52, 0x20, 0x43, 0x6f, 0x64, 0x65
.byte 0x20, 0x53, 0x69, 0x67, 0x6e, 0x2d, 0x69, 0x6e, 0x22, 0x2c, 0x0d, 0x0a, 0x20, 0x20, 0x20, 0x20
.byte 0x71, 0x71, 0x41, 0x70, 0x70, 0x49, 0x64, 0x3a, 0x20, 0x22, 0x51, 0x51, 0x20, 0x41, 0x70, 0x70
.byte 0x20, 0x49, 0x44, 0x22, 0x2c, 0x0d, 0x0a, 0x20, 0x20, 0x20, 0x20, 0x71, 0x71, 0x41, 0x70, 0x70
.byte 0x53, 0x65, 0x63, 0x72, 0x65, 0x74, 0x3a, 0x20, 0x22, 0x51, 0x51, 0x20, 0x41, 0x70, 0x70, 0x20
.byte 0x53, 0x65, 0x63, 0x72, 0x65, 0x74, 0x22, 0x2c, 0x0d, 0x0a, 0x20, 0x20, 0x20, 0x20, 0x66, 0x65
.byte 0x69, 0x73, 0x68, 0x75, 0x41, 0x70, 0x70, 0x49, 0x64, 0x3a, 0x20, 0x22, 0x46, 0x65, 0x69, 0x73
.byte 0x68, 0x75, 0x20, 0x41, 0x70, 0x70, 0x20, 0x49, 0x44, 0x22, 0x2c, 0x0d, 0x0a, 0x20, 0x20, 0x20
.byte 0x20, 0x66, 0x65, 0x69, 0x73, 0x68, 0x75, 0x41, 0x70, 0x70, 0x53, 0x65, 0x63, 0x72, 0x65, 0x74
.byte 0x3a, 0x20, 0x22, 0x46, 0x65, 0x69, 0x73, 0x68, 0x75, 0x20, 0x41, 0x70, 0x70, 0x20, 0x53, 0x65
.byte 0x63, 0x72, 0x65, 0x74, 0x22, 0x2c, 0x0d, 0x0a, 0x20, 0x20, 0x20, 0x20, 0x74, 0x67, 0x42, 0x6f
.byte 0x74, 0x54, 0x6f, 0x6b, 0x65, 0x6e, 0x3a, 0x20, 0x22, 0x54, 0x65, 0x6c, 0x65, 0x67, 0x72, 0x61
.byte 0x6d, 0x20, 0x42, 0x6f, 0x74, 0x20, 0x54, 0x6f, 0x6b, 0x65, 0x6e, 0x22, 0x2c, 0x0d, 0x0a, 0x20
.byte 0x20, 0x20, 0x20, 0x77, 0x65, 0x63, 0x68, 0x61, 0x74, 0x54, 0x6f, 0x6b, 0x65, 0x6e, 0x3a, 0x20
.byte 0x22, 0x57, 0x65, 0x43, 0x68, 0x61, 0x74, 0x20, 0x54, 0x6f, 0x6b, 0x65, 0x6e, 0x22, 0x2c, 0x0d
.byte 0x0a, 0x20, 0x20, 0x20, 0x20, 0x77, 0x65, 0x63, 0x68, 0x61, 0x74, 0x42, 0x61, 0x73, 0x65, 0x55
.byte 0x72, 0x6c, 0x3a, 0x20, 0x22, 0x57, 0x65, 0x43, 0x68, 0x61, 0x74, 0x20, 0x42, 0x61, 0x73, 0x65
.byte 0x20, 0x55, 0x52, 0x4c, 0x22, 0x2c, 0x0d, 0x0a, 0x20, 0x20, 0x20, 0x20, 0x77, 0x65, 0x63, 0x68
.byte 0x61, 0x74, 0x42, 0x61, 0x73, 0x65, 0x55, 0x72, 0x6c, 0x50, 0x6c, 0x61, 0x63, 0x65, 0x68, 0x6f
.byte 0x6c, 0x64, 0x65, 0x72, 0x3a, 0x20, 0x22, 0x68, 0x74, 0x74, 0x70, 0x73, 0x3a, 0x2f, 0x2f, 0x69
.byte 0x6c, 0x69, 0x6e, 0x6b, 0x61, 0x69, 0x2e, 0x77, 0x65, 0x69, 0x78, 0x69, 0x6e, 0x2e, 0x71, 0x71
.byte 0x2e, 0x63, 0x6f, 0x6d, 0x22, 0x2c, 0x0d, 0x0a, 0x20, 0x20, 0x20, 0x20, 0x77, 0x65, 0x63, 0x68
.byte 0x61, 0x74, 0x43, 0x64, 0x6e, 0x42, 0x61, 0x73, 0x65, 0x55, 0x72, 0x6c, 0x3a, 0x20, 0x22, 0x57
.byte 0x65, 0x43, 0x68, 0x61, 0x74, 0x20, 0x43, 0x44, 0x4e, 0x20, 0x42, 0x61, 0x73, 0x65, 0x20, 0x55
.byte 0x52, 0x4c, 0x22, 0x2c, 0x0d, 0x0a, 0x20, 0x20, 0x20, 0x20, 0x77, 0x65, 0x63, 0x68, 0x61, 0x74
.byte 0x43, 0x64, 0x6e, 0x42, 0x61, 0x73, 0x65, 0x55, 0x72, 0x6c, 0x50, 0x6c, 0x61, 0x63, 0x65, 0x68
.byte 0x6f, 0x6c, 0x64, 0x65, 0x72, 0x3a, 0x20, 0x22, 0x68, 0x74, 0x74, 0x70, 0x73, 0x3a, 0x2f, 0x2f
.byte 0x6e, 0x6f, 0x76, 0x61, 0x63, 0x32, 0x63, 0x2e, 0x63, 0x64, 0x6e, 0x2e, 0x77, 0x65, 0x69, 0x78
.byte 0x69, 0x6e, 0x2e, 0x71, 0x71, 0x2e, 0x63, 0x6f, 0x6d, 0x2f, 0x63, 0x32, 0x63, 0x22, 0x2c, 0x0d
.byte 0x0a, 0x20, 0x20, 0x20, 0x20, 0x77, 0x65, 0x63, 0x68, 0x61, 0x74, 0x41, 0x63, 0x63, 0x6f, 0x75
.byte 0x6e, 0x74, 0x49, 0x64, 0x3a, 0x20, 0x22, 0x57, 0x65, 0x43, 0x68, 0x61, 0x74, 0x20, 0x41, 0x63
.byte 0x63, 0x6f, 0x75, 0x6e, 0x74, 0x20, 0x49, 0x44, 0x22, 0x2c, 0x0d, 0x0a, 0x20, 0x20, 0x20, 0x20
.byte 0x77, 0x65, 0x63, 0x68, 0x61, 0x74, 0x41, 0x63, 0x63, 0x6f, 0x75, 0x6e, 0x74, 0x49, 0x64, 0x50
.byte 0x6c, 0x61, 0x63, 0x65, 0x68, 0x6f, 0x6c, 0x64, 0x65, 0x72, 0x3a, 0x20, 0x22, 0x64, 0x65, 0x66
.byte 0x61, 0x75, 0x6c, 0x74, 0x22, 0x2c, 0x0d, 0x0a, 0x20, 0x20, 0x20, 0x20, 0x77, 0x65, 0x63, 0x68
.byte 0x61, 0x74, 0x4c, 0x6f, 0x67, 0x69, 0x6e, 0x3a, 0x20, 0x22, 0x57, 0x65, 0x43, 0x68, 0x61, 0x74
.byte 0x20, 0x4c, 0x6f, 0x67, 0x69, 0x6e, 0x22, 0x2c, 0x0d, 0x0a, 0x20, 0x20, 0x20, 0x20, 0x77, 0x65
.byte 0x63, 0x68, 0x61, 0x74, 0x4c, 0x6f, 0x67, 0x69, 0x6e, 0x47, 0x65, 0x6e, 0x65, 0x72, 0x61, 0x74
.byte 0x65, 0x3a, 0x20, 0x22, 0x47, 0x65, 0x6e, 0x65, 0x72, 0x61, 0x74, 0x65, 0x20, 0x51, 0x52, 0x22
.byte 0x2c, 0x0d, 0x0a, 0x20, 0x20, 0x20, 0x20, 0x77, 0x65, 0x63, 0x68, 0x61, 0x74, 0x4c, 0x6f, 0x67
.byte 0x69, 0x6e, 0x43, 0x61, 0x6e, 0x63, 0x65, 0x6c, 0x3a, 0x20, 0x22, 0x43, 0x61, 0x6e, 0x63, 0x65
.byte 0x6c, 0x22, 0x2c, 0x0d, 0x0a, 0x20, 0x20, 0x20, 0x20, 0x77, 0x65, 0x63, 0x68, 0x61, 0x74, 0x4c
.byte 0x6f, 0x67, 0x69, 0x6e, 0x53, 0x74, 0x61, 0x74, 0x75, 0x73, 0x3a, 0x20, 0x22, 0x53, 0x74, 0x61
.byte 0x74, 0x75, 0x73, 0x3a, 0x20, 0x69, 0x64, 0x6c, 0x65, 0x22, 0x2c, 0x0d, 0x0a, 0x20, 0x20, 0x20
.byte 0x20, 0x77, 0x65, 0x63, 0x68, 0x61, 0x74, 0x4c, 0x6f, 0x67, 0x69, 0x6e, 0x4e, 0x6f, 0x74, 0x65
.byte 0x3a, 0x0d, 0x0a, 0x20, 0x20, 0x20, 0x20, 0x20, 0x20, 0x22, 0x47, 0x65, 0x6e, 0x65, 0x72, 0x61
.byte 0x74, 0x65, 0x20, 0x61, 0x20, 0x51, 0x52, 0x20, 0x63, 0x6f, 0x64, 0x65, 0x20, 0x68, 0x65, 0x72
.byte 0x65, 0x20, 0x74, 0x6f, 0x20, 0x6f, 0x62, 0x74, 0x61, 0x69, 0x6e, 0x20, 0x77, 0x65, 0x63, 0x68
.byte 0x61, 0x74, 0x5f, 0x74, 0x6f, 0x6b, 0x65, 0x6e, 0x20, 0x61, 0x75, 0x74, 0x6f, 0x6d, 0x61, 0x74
.byte 0x69, 0x63, 0x61, 0x6c, 0x6c, 0x79, 0x2e, 0x20, 0x54, 0x68, 0x65, 0x20, 0x74, 0x6f, 0x6b, 0x65
.byte 0x6e, 0x20, 0x69, 0x73, 0x20, 0x73, 0x61, 0x76, 0x65, 0x64, 0x20, 0x74, 0x6f, 0x20, 0x4e, 0x56
.byte 0x53, 0x20, 0x61, 0x66, 0x74, 0x65, 0x72, 0x20, 0x63, 0x6f, 0x6e, 0x66, 0x69, 0x72, 0x6d, 0x61
.byte 0x74, 0x69, 0x6f, 0x6e, 0x2e, 0x20, 0x52, 0x65, 0x73, 0x74, 0x61, 0x72, 0x74, 0x20, 0x74, 0x68
.byte 0x65, 0x20, 0x64, 0x65, 0x76, 0x69, 0x63, 0x65, 0x20, 0x74, 0x6f, 0x20, 0x61, 0x70, 0x70, 0x6c
.byte 0x79, 0x20, 0x74, 0x68, 0x65, 0x20, 0x6e, 0x65, 0x77, 0x20, 0x6c, 0x6f, 0x67, 0x69, 0x6e, 0x2e
.byte 0x22, 0x2c, 0x0d, 0x0a, 0x20, 0x20, 0x20, 0x20, 0x77, 0x65, 0x63, 0x68, 0x61, 0x74, 0x4c, 0x6f
.byte 0x67, 0x69, 0x6e, 0x4f, 0x70, 0x65, 0x6e, 0x4c, 0x69, 0x6e, 0x6b, 0x3a, 0x20, 0x22, 0x4f, 0x70
.byte 0x65, 0x6e, 0x20, 0x6c, 0x6f, 0x67, 0x69, 0x6e, 0x20, 0x6c, 0x69, 0x6e, 0x6b, 0x22, 0x2c, 0x0d
.byte 0x0a, 0x0d, 0x0a, 0x20, 0x20, 0x20, 0x20, 0x73, 0x65, 0x63, 0x74, 0x69, 0x6f, 0x6e, 0x53, 0x65
.byte 0x61, 0x72, 0x63, 0x68, 0x3a, 0x20, 0x22, 0x53, 0x65, 0x61, 0x72, 0x63, 0x68, 0x20, 0x28, 0x4f
.byte 0x70, 0x74, 0x69, 0x6f, 0x6e, 0x61, 0x6c, 0x29, 0x22, 0x2c, 0x0d, 0x0a, 0x20, 0x20, 0x20, 0x20
.byte 0x73, 0x65, 0x61, 0x72, 0x63, 0x68, 0x4e, 0x6f, 0x74, 0x65, 0x3a, 0x0d, 0x0a, 0x20, 0x20, 0x20
.byte 0x20, 0x20, 0x20, 0x22, 0x49, 0x66, 0x20, 0x73, 0x65, 0x74, 0x2c, 0x20, 0x45, 0x53, 0x50, 0x2d
.byte 0x43, 0x6c, 0x61, 0x77, 0x20, 0x63, 0x61, 0x6e, 0x20, 0x73, 0x65, 0x61, 0x72, 0x63, 0x68, 0x20
.byte 0x6f, 0x6e, 0x6c, 0x69, 0x6e, 0x65, 0x2e, 0x20, 0x54, 0x69, 0x70, 0x3a, 0x20, 0x42, 0x75, 0x69
.byte 0x6c, 0x74, 0x2d, 0x69, 0x6e, 0x20, 0x77, 0x65, 0x61, 0x74, 0x68, 0x65, 0x72, 0x20, 0x73, 0x6b
.byte 0x69, 0x6c, 0x6c, 0x20, 0x61, 0x6c, 0x73, 0x6f, 0x20, 0x72, 0x65, 0x6c, 0x69, 0x65, 0x73, 0x20
.byte 0x6f, 0x6e, 0x20, 0x6f, 0x6e, 0x6c, 0x69, 0x6e, 0x65, 0x20, 0x73, 0x65, 0x61, 0x72, 0x63, 0x68
.byte 0x2e, 0x22, 0x2c, 0x0d, 0x0a, 0x20, 0x20, 0x20, 0x20, 0x73, 0x65, 0x61, 0x72, 0x63, 0x68, 0x42
.byte 0x72, 0x61, 0x76, 0x65, 0x4b, 0x65, 0x79, 0x3a, 0x20, 0x22, 0x42, 0x72, 0x61, 0x76, 0x65, 0x20
.byte 0x53, 0x65, 0x61, 0x72, 0x63, 0x68, 0x20, 0x41, 0x50, 0x49, 0x20, 0x4b, 0x65, 0x79, 0x22, 0x2c
.byte 0x0d, 0x0a, 0x20, 0x20, 0x20, 0x20, 0x73, 0x65, 0x61, 0x72, 0x63, 0x68, 0x54, 0x61, 0x76, 0x69
.byte 0x6c, 0x79, 0x4b, 0x65, 0x79, 0x3a, 0x20, 0x22, 0x54, 0x61, 0x76, 0x69, 0x6c, 0x79, 0x20, 0x41
.byte 0x50, 0x49, 0x20, 0x4b, 0x65, 0x79, 0x22, 0x2c, 0x0d, 0x0a, 0x0d, 0x0a, 0x20, 0x20, 0x20, 0x20
.byte 0x73, 0x65, 0x63, 0x74, 0x69, 0x6f, 0x6e, 0x41, 0x64, 0x76, 0x61, 0x6e, 0x63, 0x65, 0x64, 0x3a
.byte 0x20, 0x22, 0x41, 0x64, 0x76, 0x61, 0x6e, 0x63, 0x65, 0x64, 0x20, 0x53, 0x65, 0x74, 0x74, 0x69
.byte 0x6e, 0x67, 0x73, 0x22, 0x2c, 0x0d, 0x0a, 0x20, 0x20, 0x20, 0x20, 0x74, 0x69, 0x6d, 0x65, 0x7a
.byte 0x6f, 0x6e, 0x65, 0x3a, 0x20, 0x22, 0x54, 0x69, 0x6d, 0x65, 0x7a, 0x6f, 0x6e, 0x65, 0x22, 0x2c
.byte 0x0d, 0x0a, 0x20, 0x20, 0x20, 0x20, 0x74, 0x69, 0x6d, 0x65, 0x7a, 0x6f, 0x6e, 0x65, 0x50, 0x6c
.byte 0x61, 0x63, 0x65, 0x68, 0x6f, 0x6c, 0x64, 0x65, 0x72, 0x3a, 0x20, 0x22, 0x65, 0x2e, 0x67, 0x2e
.byte 0x20, 0x43, 0x53, 0x54, 0x2d, 0x38, 0x20, 0x28, 0x42, 0x65, 0x69, 0x6a, 0x69, 0x6e, 0x67, 0x29
.byte 0x20, 0x6f, 0x72, 0x20, 0x55, 0x54, 0x43, 0x30, 0x22, 0x2c, 0x0d, 0x0a, 0x20, 0x20, 0x20, 0x20
.byte 0x74, 0x69, 0x6d, 0x65, 0x7a, 0x6f, 0x6e, 0x65, 0x48, 0x65, 0x6c, 0x70, 0x3a, 0x0d, 0x0a, 0x20
.byte 0x20, 0x20, 0x20, 0x20, 0x20, 0x22, 0x50, 0x4f, 0x53, 0x49, 0x58, 0x20, 0x54, 0x5a, 0x20, 0x73
.byte 0x74, 0x72, 0x69, 0x6e, 0x67, 0x20, 0x6f, 0x6e, 0x6c, 0x79, 0x2e, 0x20, 0x54, 0x68, 0x65, 0x20
.byte 0x73, 0x69, 0x67, 0x6e, 0x20, 0x69, 0x73, 0x20, 0x49, 0x4e, 0x56, 0x45, 0x52, 0x54, 0x45, 0x44
.byte 0x20, 0x72, 0x65, 0x6c, 0x61, 0x74, 0x69, 0x76, 0x65, 0x20, 0x74, 0x6f, 0x20, 0x63, 0x6f, 0x6d
.byte 0x6d, 0x6f, 0x6e, 0x20, 0x55, 0x54, 0x43, 0x20, 0x6e, 0x6f, 0x74, 0x61, 0x74, 0x69, 0x6f, 0x6e
.byte 0x3a, 0x20, 0x42, 0x65, 0x69, 0x6a, 0x69, 0x6e, 0x67, 0x20, 0x28, 0x55, 0x54, 0x43, 0x2b, 0x38
.byte 0x29, 0x20, 0x6d, 0x75, 0x73, 0x74, 0x20, 0x62, 0x65, 0x20, 0x77, 0x72, 0x69, 0x74, 0x74, 0x65
.byte 0x6e, 0x20, 0x61, 0x73, 0x20, 0x27, 0x43, 0x53, 0x54, 0x2d, 0x38, 0x27, 0x3b, 0x20, 0x4e, 0x65
.byte 0x77, 0x20, 0x59, 0x6f, 0x72, 0x6b, 0x20, 0x28, 0x55, 0x54, 0x43, 0x2d, 0x35, 0x29, 0x20, 0x69
.byte 0x73, 0x20, 0x27, 0x45, 0x53, 0x54, 0x35, 0x27, 0x2e, 0x20, 0x4e, 0x61, 0x6d, 0x65, 0x73, 0x20
.byte 0x6c, 0x69, 0x6b, 0x65, 0x20, 0x27, 0x41, 0x73, 0x69, 0x61, 0x2f, 0x53, 0x68, 0x61, 0x6e, 0x67
.byte 0x68, 0x61, 0x69, 0x27, 0x20, 0x77, 0x69, 0x6c, 0x6c, 0x20, 0x4e, 0x4f, 0x54, 0x20, 0x77, 0x6f
.byte 0x72, 0x6b, 0x20, 0xe2, 0x80, 0x94, 0x20, 0x70, 0x6c, 0x65, 0x61, 0x73, 0x65, 0x20, 0x63, 0x6f
.byte 0x6e, 0x76, 0x65, 0x72, 0x74, 0x20, 0x6d, 0x61, 0x6e, 0x75, 0x61, 0x6c, 0x6c, 0x79, 0x2e, 0x22
.byte 0x2c, 0x0d, 0x0a, 0x20, 0x20, 0x20, 0x20, 0x73, 0x61, 0x76, 0x65, 0x42, 0x74, 0x6e, 0x3a, 0x20
.byte 0x22, 0x53, 0x61, 0x76, 0x65, 0x20, 0x43, 0x68, 0x61, 0x6e, 0x67, 0x65, 0x73, 0x22, 0x2c, 0x0d
.byte 0x0a, 0x20, 0x20, 0x20, 0x20, 0x73, 0x61, 0x76, 0x65, 0x53, 0x75, 0x63, 0x63, 0x65, 0x73, 0x73
.byte 0x3a, 0x20, 0x22, 0x53, 0x65, 0x74, 0x74, 0x69, 0x6e, 0x67, 0x73, 0x20, 0x73, 0x61, 0x76, 0x65
.byte 0x64, 0x22, 0x2c, 0x0d, 0x0a, 0x20, 0x20, 0x20, 0x20, 0x73, 0x61, 0x76, 0x65, 0x45, 0x72, 0x72
.byte 0x6f, 0x72, 0x3a, 0x20, 0x22, 0x46, 0x61, 0x69, 0x6c, 0x65, 0x64, 0x20, 0x74, 0x6f, 0x20, 0x73
.byte 0x61, 0x76, 0x65, 0x20, 0x73, 0x65, 0x74, 0x74, 0x69, 0x6e, 0x67, 0x73, 0x22, 0x2c, 0x0d, 0x0a
.byte 0x20, 0x20, 0x20, 0x20, 0x6d, 0x65, 0x6d, 0x6f, 0x72, 0x79, 0x54, 0x69, 0x74, 0x6c, 0x65, 0x3a
.byte 0x20, 0x22, 0x4d, 0x65, 0x6d, 0x6f, 0x72, 0x79, 0x20, 0x46, 0x69, 0x6c, 0x65, 0x73, 0x22, 0x2c
.byte 0x0d, 0x0a, 0x20, 0x20, 0x20, 0x20, 0x6d, 0x65, 0x6d, 0x6f, 0x72, 0x79, 0x44, 0x65, 0x73, 0x63
.byte 0x72, 0x69, 0x70, 0x74, 0x69, 0x6f, 0x6e, 0x3a, 0x20, 0x22, 0x4d, 0x61, 0x6e, 0x61, 0x67, 0x65
.byte 0x20, 0x74, 0x68, 0x65, 0x20, 0x64, 0x65, 0x76, 0x69, 0x63, 0x65, 0x20, 0x6d, 0x65, 0x6d, 0x6f
.byte 0x72, 0x79, 0x20, 0x66, 0x69, 0x6c, 0x65, 0x73, 0x2e, 0x22, 0x2c, 0x0d, 0x0a, 0x20, 0x20, 0x20
.byte 0x20, 0x6d, 0x65, 0x6d, 0x6f, 0x72, 0x79, 0x43, 0x61, 0x72, 0x64, 0x4c, 0x6f, 0x6e, 0x67, 0x54
.byte 0x65, 0x72, 0x6d, 0x3a, 0x20, 0x22, 0x4c, 0x6f, 0x6e, 0x67, 0x2d, 0x74, 0x65, 0x72, 0x6d, 0x20
.byte 0x4d, 0x65, 0x6d, 0x6f, 0x72, 0x79, 0x22, 0x2c, 0x0d, 0x0a, 0x20, 0x20, 0x20, 0x20, 0x6d, 0x65
.byte 0x6d, 0x6f, 0x72, 0x79, 0x43, 0x61, 0x72, 0x64, 0x53, 0x6f, 0x75, 0x6c, 0x3a, 0x20, 0x22, 0x53
.byte 0x6f, 0x75, 0x6c, 0x22, 0x2c, 0x0d, 0x0a, 0x20, 0x20, 0x20, 0x20, 0x6d, 0x65, 0x6d, 0x6f, 0x72
.byte 0x79, 0x43, 0x61, 0x72, 0x64, 0x49, 0x64, 0x65, 0x6e, 0x74, 0x69, 0x74, 0x79, 0x3a, 0x20, 0x22
.byte 0x49, 0x64, 0x65, 0x6e, 0x74, 0x69, 0x74, 0x79, 0x22, 0x2c, 0x0d, 0x0a, 0x20, 0x20, 0x20, 0x20
.byte 0x6d, 0x65, 0x6d, 0x6f, 0x72, 0x79, 0x43, 0x61, 0x72, 0x64, 0x55, 0x73, 0x65, 0x72, 0x49, 0x6e
.byte 0x66, 0x6f, 0x3a, 0x20, 0x22, 0x55, 0x73, 0x65, 0x72, 0x20, 0x49, 0x6e, 0x66, 0x6f, 0x22, 0x2c
.byte 0x0d, 0x0a, 0x20, 0x20, 0x20, 0x20, 0x6d, 0x65, 0x6d, 0x6f, 0x72, 0x79, 0x4d, 0x69, 0x73, 0x73
.byte 0x69, 0x6e, 0x67, 0x3a, 0x20, 0x22, 0x4c, 0x6f, 0x6e, 0x67, 0x2d, 0x74, 0x65, 0x72, 0x6d, 0x20
.byte 0x6d, 0x65, 0x6d, 0x6f, 0x72, 0x79, 0x20, 0x66, 0x69, 0x6c, 0x65, 0x20, 0x64, 0x6f, 0x65, 0x73
.byte 0x20, 0x6e, 0x6f, 0x74, 0x20, 0x65, 0x78, 0x69, 0x73, 0x74, 0x20, 0x79, 0x65, 0x74, 0x2e, 0x22
.byte 0x2c, 0x0d, 0x0a, 0x20, 0x20, 0x20, 0x20, 0x6d, 0x65, 0x6d, 0x6f, 0x72, 0x79, 0x52, 0x65, 0x66
.byte 0x72, 0x65, 0x73, 0x68, 0x41, 0x6c, 0x6c, 0x3a, 0x20, 0x22, 0x52, 0x65, 0x66, 0x72, 0x65, 0x73
.byte 0x68, 0x20, 0x41, 0x6c, 0x6c, 0x22, 0x2c, 0x0d, 0x0a, 0x20, 0x20, 0x20, 0x20, 0x6d, 0x65, 0x6d
.byte 0x6f, 0x72, 0x79, 0x52, 0x65, 0x66, 0x72, 0x65, 0x73, 0x68, 0x3a, 0x20, 0x22, 0x52, 0x65, 0x66
.byte 0x72, 0x65, 0x73, 0x68, 0x22, 0x2c, 0x0d, 0x0a, 0x20, 0x20, 0x20, 0x20, 0x6d, 0x65, 0x6d, 0x6f
.byte 0x72, 0x79, 0x41, 0x75, 0x78, 0x4d, 0x69, 0x73, 0x73, 0x69, 0x6e, 0x67, 0x3a, 0x20, 0x22, 0x4d
.byte 0x65, 0x6d, 0x6f, 0x72, 0x79, 0x20, 0x66, 0x69, 0x6c, 0x65, 0x20, 0x64, 0x6f, 0x65, 0x73, 0x20
.byte 0x6e, 0x6f, 0x74, 0x20, 0x65, 0x78, 0x69, 0x73, 0x74, 0x20, 0x79, 0x65, 0x74, 0x2e, 0x22, 0x2c
.byte 0x0d, 0x0a, 0x20, 0x20, 0x20, 0x20, 0x6d, 0x65, 0x6d, 0x6f, 0x72, 0x79, 0x52, 0x65, 0x66, 0x72
.byte 0x65, 0x73, 0x68, 0x65, 0x64, 0x3a, 0x20, 0x22, 0x4d, 0x65, 0x6d, 0x6f, 0x72, 0x79, 0x20, 0x72
.byte 0x65, 0x6c, 0x6f, 0x61, 0x64, 0x65, 0x64, 0x22, 0x2c, 0x0d, 0x0a, 0x20, 0x20, 0x20, 0x20, 0x6d
.byte 0x65, 0x6d, 0x6f, 0x72, 0x79, 0x4c, 0x6f, 0x61, 0x64, 0x45, 0x72, 0x72, 0x6f, 0x72, 0x3a, 0x20
.byte 0x22, 0x46, 0x61, 0x69, 0x6c, 0x65, 0x64, 0x20, 0x74, 0x6f, 0x20, 0x6c, 0x6f, 0x61, 0x64, 0x20
.byte 0x6d, 0x65, 0x6d, 0x6f, 0x72, 0x79, 0x22, 0x2c, 0x0d, 0x0a, 0x20, 0x20, 0x20, 0x20, 0x6d, 0x65
.byte 0x6d, 0x6f, 0x72, 0x79, 0x53, 0x61, 0x76, 0x65, 0x45, 0x72, 0x72, 0x6f, 0x72, 0x3a, 0x20, 0x22
.byte 0x46, 0x61, 0x69, 0x6c, 0x65, 0x64, 0x20, 0x74, 0x6f, 0x20, 0x73, 0x61, 0x76, 0x65, 0x20, 0x6d
.byte 0x65, 0x6d, 0x6f, 0x72, 0x79, 0x22, 0x2c, 0x0d, 0x0a, 0x20, 0x20, 0x20, 0x20, 0x63, 0x6f, 0x6e
.byte 0x66, 0x69, 0x67, 0x4e, 0x6f, 0x74, 0x65, 0x3a, 0x0d, 0x0a, 0x20, 0x20, 0x20, 0x20, 0x20, 0x20
.byte 0x22, 0x43, 0x68, 0x61, 0x6e, 0x67, 0x65, 0x73, 0x20, 0x61, 0x72, 0x65, 0x20, 0x73, 0x74, 0x6f
.byte 0x72, 0x65, 0x64, 0x20, 0x69, 0x6e, 0x20, 0x4e, 0x56, 0x53, 0x2e, 0x20, 0x43, 0x68, 0x6f, 0x6f
.byte 0x73, 0x65, 0x20, 0x61, 0x6e, 0x20, 0x4c, 0x4c, 0x4d, 0x20, 0x70, 0x72, 0x6f, 0x76, 0x69, 0x64
.byte 0x65, 0x72, 0x20, 0x66, 0x69, 0x72, 0x73, 0x74, 0x2c, 0x20, 0x74, 0x68, 0x65, 0x6e, 0x20, 0x66
.byte 0x69, 0x6c, 0x6c, 0x20, 0x74, 0x68, 0x65, 0x20, 0x73, 0x68, 0x61, 0x72, 0x65, 0x64, 0x20, 0x41
.byte 0x50, 0x49, 0x20, 0x6b, 0x65, 0x79, 0x20, 0x61, 0x6e, 0x64, 0x20, 0x6d, 0x6f, 0x64, 0x65, 0x6c
.byte 0x20, 0x66, 0x69, 0x65, 0x6c, 0x64, 0x73, 0x2e, 0x20, 0x52, 0x65, 0x73, 0x74, 0x61, 0x72, 0x74
.byte 0x20, 0x74, 0x68, 0x65, 0x20, 0x64, 0x65, 0x76, 0x69, 0x63, 0x65, 0x20, 0x61, 0x66, 0x74, 0x65
.byte 0x72, 0x20, 0x75, 0x70, 0x64, 0x61, 0x74, 0x69, 0x6e, 0x67, 0x20, 0x57, 0x69, 0x2d, 0x46, 0x69
.byte 0x2c, 0x20, 0x46, 0x65, 0x69, 0x73, 0x68, 0x75, 0x2c, 0x20, 0x6f, 0x72, 0x20, 0x63, 0x6f, 0x72
.byte 0x65, 0x20, 0x4c, 0x4c, 0x4d, 0x20, 0x73, 0x65, 0x74, 0x74, 0x69, 0x6e, 0x67, 0x73, 0x2e, 0x22
.byte 0x2c, 0x0d, 0x0a, 0x0d, 0x0a, 0x20, 0x20, 0x20, 0x20, 0x66, 0x69, 0x6c, 0x65, 0x52, 0x65, 0x66
.byte 0x72, 0x65, 0x73, 0x68, 0x3a, 0x20, 0x22, 0x52, 0x65, 0x66, 0x72, 0x65, 0x73, 0x68, 0x22, 0x2c
.byte 0x0d, 0x0a, 0x20, 0x20, 0x20, 0x20, 0x66, 0x69, 0x6c, 0x65, 0x55, 0x70, 0x44, 0x69, 0x72, 0x3a
.byte 0x20, 0x22, 0x55, 0x70, 0x20, 0x4f, 0x6e, 0x65, 0x20, 0x4c, 0x65, 0x76, 0x65, 0x6c, 0x22, 0x2c
.byte 0x0d, 0x0a, 0x20, 0x20, 0x20, 0x20, 0x66, 0x69, 0x6c, 0x65, 0x4e, 0x65, 0x77, 0x46, 0x6f, 0x6c
.byte 0x64, 0x65, 0x72, 0x3a, 0x20, 0x22, 0x4e, 0x65, 0x77, 0x20, 0x66, 0x6f, 0x6c, 0x64, 0x65, 0x72
.byte 0x20, 0x6e, 0x61, 0x6d, 0x65, 0x22, 0x2c, 0x0d, 0x0a, 0x20, 0x20, 0x20, 0x20, 0x66, 0x69, 0x6c
.byte 0x65, 0x43, 0x72, 0x65, 0x61, 0x74, 0x65, 0x46, 0x6f, 0x6c, 0x64, 0x65, 0x72, 0x3a, 0x20, 0x22
.byte 0x43, 0x72, 0x65, 0x61, 0x74, 0x65, 0x20, 0x46, 0x6f, 0x6c, 0x64, 0x65, 0x72, 0x22, 0x2c, 0x0d
.byte 0x0a, 0x20, 0x20, 0x20, 0x20, 0x66, 0x69, 0x6c, 0x65, 0x55, 0x70, 0x6c, 0x6f, 0x61, 0x64, 0x50
.byte 0x61, 0x74, 0x68, 0x3a, 0x20, 0x22, 0x2f, 0x65, 0x78, 0x61, 0x6d, 0x70, 0x6c, 0x65, 0x2e, 0x74
.byte 0x78, 0x74, 0x22, 0x2c, 0x0d, 0x0a, 0x20, 0x20, 0x20, 0x20, 0x66, 0x69, 0x6c, 0x65, 0x43, 0x68
.byte 0x6f, 0x6f, 0x73, 0x65, 0x3a, 0x20, 0x22, 0x43, 0x68, 0x6f, 0x6f, 0x73, 0x65, 0x20, 0x46, 0x69
.byte 0x6c, 0x65, 0x22, 0x2c, 0x0d, 0x0a, 0x20, 0x20, 0x20, 0x20, 0x66, 0x69, 0x6c, 0x65, 0x4e, 0x6f
.byte 0x46, 0x69, 0x6c, 0x65, 0x53, 0x65, 0x6c, 0x65, 0x63, 0x74, 0x65, 0x64, 0x3a, 0x20, 0x22, 0x4e
.byte 0x6f, 0x20, 0x66, 0x69, 0x6c, 0x65, 0x20, 0x73, 0x65, 0x6c, 0x65, 0x63, 0x74, 0x65, 0x64, 0x22
.byte 0x2c, 0x0d, 0x0a, 0x20, 0x20, 0x20, 0x20, 0x66, 0x69, 0x6c, 0x65, 0x55, 0x70, 0x6c, 0x6f, 0x61
.byte 0x64, 0x3a, 0x20, 0x22, 0x55, 0x70, 0x6c, 0x6f, 0x61, 0x64, 0x22, 0x2c, 0x0d, 0x0a, 0x20, 0x20
.byte 0x20, 0x20, 0x66, 0x69, 0x6c, 0x65, 0x43, 0x6f, 0x6c, 0x4e, 0x61, 0x6d, 0x65, 0x3a, 0x20, 0x22
.byte 0x4e, 0x61, 0x6d, 0x65, 0x22, 0x2c, 0x0d, 0x0a, 0x20, 0x20, 0x20, 0x20, 0x66, 0x69, 0x6c, 0x65
.byte 0x43, 0x6f, 0x6c, 0x54, 0x79, 0x70, 0x65, 0x3a, 0x20, 0x22, 0x54, 0x79, 0x70, 0x65, 0x22, 0x2c
.byte 0x0d, 0x0a, 0x20, 0x20, 0x20, 0x20, 0x66, 0x69, 0x6c, 0x65, 0x43, 0x6f, 0x6c, 0x53, 0x69, 0x7a
.byte 0x65, 0x3a, 0x20, 0x22, 0x53, 0x69, 0x7a, 0x65, 0x22, 0x2c, 0x0d, 0x0a, 0x20, 0x20, 0x20, 0x20
.byte 0x66, 0x69, 0x6c, 0x65, 0x43, 0x6f, 0x6c, 0x41, 0x63, 0x74, 0x69, 0x6f, 0x6e, 0x73, 0x3a, 0x20
.byte 0x22, 0x41, 0x63, 0x74, 0x69, 0x6f, 0x6e, 0x73, 0x22, 0x2c, 0x0d, 0x0a, 0x20, 0x20, 0x20, 0x20
.byte 0x66, 0x69, 0x6c, 0x65, 0x54, 0x79, 0x70, 0x65, 0x46, 0x6f, 0x6c, 0x64, 0x65, 0x72, 0x3a, 0x20
.byte 0x22, 0x46, 0x6f, 0x6c, 0x64, 0x65, 0x72, 0x22, 0x2c, 0x0d, 0x0a, 0x20, 0x20, 0x20, 0x20, 0x66
.byte 0x69, 0x6c, 0x65, 0x54, 0x79, 0x70, 0x65, 0x46, 0x69, 0x6c, 0x65, 0x3a, 0x20, 0x22, 0x46, 0x69
.byte 0x6c, 0x65, 0x22, 0x2c, 0x0d, 0x0a, 0x20, 0x20, 0x20, 0x20, 0x66, 0x69, 0x6c, 0x65, 0x45, 0x6d
.byte 0x70, 0x74, 0x79, 0x3a, 0x20, 0x22, 0x54, 0x68, 0x69, 0x73, 0x20, 0x66, 0x6f, 0x6c, 0x64, 0x65
.byte 0x72, 0x20, 0x69, 0x73, 0x20, 0x65, 0x6d, 0x70, 0x74, 0x79, 0x2e, 0x22, 0x2c, 0x0d, 0x0a, 0x20
.byte 0x20, 0x20, 0x20, 0x66, 0x69, 0x6c, 0x65, 0x4f, 0x70, 0x65, 0x6e, 0x3a, 0x20, 0x22, 0x4f, 0x70
.byte 0x65, 0x6e, 0x22, 0x2c, 0x0d, 0x0a, 0x20, 0x20, 0x20, 0x20, 0x66, 0x69, 0x6c, 0x65, 0x45, 0x64
.byte 0x69, 0x74, 0x3a, 0x20, 0x22, 0x45, 0x64, 0x69, 0x74, 0x22, 0x2c, 0x0d, 0x0a, 0x20, 0x20, 0x20
.byte 0x20, 0x66, 0x69, 0x6c, 0x65, 0x50, 0x72, 0x65, 0x76, 0x69, 0x65, 0x77, 0x3a, 0x20, 0x22, 0x50
.byte 0x72, 0x65, 0x76, 0x69, 0x65, 0x77, 0x22, 0x2c, 0x0d, 0x0a, 0x20, 0x20, 0x20, 0x20, 0x66, 0x69
.byte 0x6c, 0x65, 0x44, 0x6f, 0x77, 0x6e, 0x6c, 0x6f, 0x61, 0x64, 0x3a, 0x20, 0x22, 0x44, 0x6f, 0x77
.byte 0x6e, 0x6c, 0x6f, 0x61, 0x64, 0x22, 0x2c, 0x0d, 0x0a, 0x20, 0x20, 0x20, 0x20, 0x66, 0x69, 0x6c
.byte 0x65, 0x44, 0x65, 0x6c, 0x65, 0x74, 0x65, 0x3a, 0x20, 0x22, 0x44, 0x65, 0x6c, 0x65, 0x74, 0x65
.byte 0x22, 0x2c, 0x0d, 0x0a, 0x20, 0x20, 0x20, 0x20, 0x66, 0x69, 0x6c, 0x65, 0x44, 0x65, 0x76, 0x4d
.byte 0x6f, 0x64, 0x65, 0x3a, 0x20, 0x22, 0x44, 0x65, 0x76, 0x20, 0x4d, 0x6f, 0x64, 0x65, 0x22, 0x2c
.byte 0x0d, 0x0a, 0x20, 0x20, 0x20, 0x20, 0x66, 0x69, 0x6c, 0x65, 0x44, 0x65, 0x76, 0x4d, 0x6f, 0x64
.byte 0x65, 0x52, 0x65, 0x71, 0x75, 0x69, 0x72, 0x65, 0x64, 0x3a, 0x20, 0x22, 0x45, 0x6e, 0x61, 0x62
.byte 0x6c, 0x65, 0x20, 0x44, 0x65, 0x76, 0x20, 0x4d, 0x6f, 0x64, 0x65, 0x20, 0x74, 0x6f, 0x20, 0x6d
.byte 0x6f, 0x64, 0x69, 0x66, 0x79, 0x20, 0x66, 0x69, 0x6c, 0x65, 0x73, 0x2e, 0x22, 0x2c, 0x0d, 0x0a
.byte 0x20, 0x20, 0x20, 0x20, 0x66, 0x69, 0x6c, 0x65, 0x44, 0x65, 0x76, 0x4d, 0x6f, 0x64, 0x65, 0x43
.byte 0x6f, 0x6e, 0x66, 0x69, 0x72, 0x6d, 0x3a, 0x0d, 0x0a, 0x20, 0x20, 0x20, 0x20, 0x20, 0x20, 0x22
.byte 0x41, 0x66, 0x74, 0x65, 0x72, 0x20, 0x65, 0x6e, 0x74, 0x65, 0x72, 0x69, 0x6e, 0x67, 0x20, 0x44
.byte 0x65, 0x76, 0x20, 0x4d, 0x6f, 0x64, 0x65, 0x2c, 0x20, 0x79, 0x6f, 0x75, 0x20, 0x63, 0x61, 0x6e
.byte 0x20, 0x75, 0x70, 0x6c, 0x6f, 0x61, 0x64, 0x2c, 0x20, 0x6d, 0x6f, 0x64, 0x69, 0x66, 0x79, 0x2c
.byte 0x20, 0x6f, 0x72, 0x20, 0x64, 0x65, 0x6c, 0x65, 0x74, 0x65, 0x20, 0x66, 0x69, 0x6c, 0x65, 0x73
.byte 0x2e, 0x20, 0x49, 0x6e, 0x63, 0x6f, 0x72, 0x72, 0x65, 0x63, 0x74, 0x20, 0x63, 0x68, 0x61, 0x6e
.byte 0x67, 0x65, 0x73, 0x20, 0x6d, 0x61, 0x79, 0x20, 0x63, 0x61, 0x75, 0x73, 0x65, 0x20, 0x74, 0x68
.byte 0x65, 0x20, 0x73, 0x79, 0x73, 0x74, 0x65, 0x6d, 0x20, 0x74, 0x6f, 0x20, 0x66, 0x61, 0x69, 0x6c
.byte 0x2c, 0x20, 0x72, 0x65, 0x62, 0x6f, 0x6f, 0x74, 0x20, 0x65, 0x6e, 0x64, 0x6c, 0x65, 0x73, 0x73
.byte 0x6c, 0x79, 0x2c, 0x20, 0x6f, 0x72, 0x20, 0x62, 0x65, 0x68, 0x61, 0x76, 0x65, 0x20, 0x75, 0x6e
.byte 0x65, 0x78, 0x70, 0x65, 0x63, 0x74, 0x65, 0x64, 0x6c, 0x79, 0x2e, 0x20, 0x50, 0x6c, 0x65, 0x61
.byte 0x73, 0x65, 0x20, 0x70, 0x72, 0x6f, 0x63, 0x65, 0x65, 0x64, 0x20, 0x63, 0x61, 0x72, 0x65, 0x66
.byte 0x75, 0x6c, 0x6c, 0x79, 0x2e, 0x22, 0x2c, 0x0d, 0x0a, 0x20, 0x20, 0x20, 0x20, 0x66, 0x69, 0x6c
.byte 0x65, 0x44, 0x65, 0x6c, 0x65, 0x74, 0x65, 0x43, 0x6f, 0x6e, 0x66, 0x69, 0x72, 0x6d, 0x3a, 0x20
.byte 0x22, 0x44, 0x65, 0x6c, 0x65, 0x74, 0x65, 0x20, 0x7b, 0x70, 0x61, 0x74, 0x68, 0x7d, 0x3f, 0x22
.byte 0x2c, 0x0d, 0x0a, 0x20, 0x20, 0x20, 0x20, 0x66, 0x69, 0x6c, 0x65, 0x55, 0x70, 0x6c, 0x6f, 0x61
.byte 0x64, 0x43, 0x6f, 0x6d, 0x70, 0x6c, 0x65, 0x74, 0x65, 0x3a, 0x20, 0x22, 0x55, 0x70, 0x6c, 0x6f
.byte 0x61, 0x64, 0x20, 0x63, 0x6f, 0x6d, 0x70, 0x6c, 0x65, 0x74, 0x65, 0x64, 0x22, 0x2c, 0x0d, 0x0a
.byte 0x20, 0x20, 0x20, 0x20, 0x66, 0x69, 0x6c, 0x65, 0x46, 0x6f, 0x6c, 0x64, 0x65, 0x72, 0x43, 0x72
.byte 0x65, 0x61, 0x74, 0x65, 0x64, 0x3a, 0x20, 0x22, 0x46, 0x6f, 0x6c, 0x64, 0x65, 0x72, 0x20, 0x63
.byte 0x72, 0x65, 0x61, 0x74, 0x65, 0x64, 0x22, 0x2c, 0x0d, 0x0a, 0x20, 0x20, 0x20, 0x20, 0x66, 0x69
.byte 0x6c, 0x65, 0x44, 0x65, 0x6c, 0x65, 0x74, 0x65, 0x43, 0x6f, 0x6d, 0x70, 0x6c, 0x65, 0x74, 0x65
.byte 0x3a, 0x20, 0x22, 0x44, 0x65, 0x6c, 0x65, 0x74, 0x65, 0x20, 0x63, 0x6f, 0x6d, 0x70, 0x6c, 0x65
.byte 0x74, 0x65, 0x64, 0x22, 0x2c, 0x0d, 0x0a, 0x20, 0x20, 0x20, 0x20, 0x66, 0x69, 0x6c, 0x65, 0x45
.byte 0x64, 0x69, 0x74, 0x6f, 0x72, 0x54, 0x69, 0x74, 0x6c, 0x65, 0x3a, 0x20, 0x22, 0x45, 0x64, 0x69
.byte 0x74, 0x20, 0x46, 0x69, 0x6c, 0x65, 0x22, 0x2c, 0x0d, 0x0a, 0x20, 0x20, 0x20, 0x20, 0x66, 0x69
.byte 0x6c, 0x65, 0x45, 0x64, 0x69, 0x74, 0x6f, 0x72, 0x52, 0x65, 0x66, 0x72, 0x65, 0x73, 0x68, 0x3a
.byte 0x20, 0x22, 0x52, 0x65, 0x66, 0x72, 0x65, 0x73, 0x68, 0x22, 0x2c, 0x0d, 0x0a, 0x20, 0x20, 0x20
.byte 0x20, 0x66, 0x69, 0x6c, 0x65, 0x45, 0x64, 0x69, 0x74, 0x6f, 0x72, 0x43, 0x6c, 0x6f, 0x73, 0x65
.byte 0x3a, 0x20, 0x22, 0x43, 0x6c, 0x6f, 0x73, 0x65, 0x22, 0x2c, 0x0d, 0x0a, 0x20, 0x20, 0x20, 0x20
.byte 0x66, 0x69, 0x6c, 0x65, 0x45, 0x64, 0x69, 0x74, 0x6f, 0x72, 0x53, 0x61, 0x76, 0x65, 0x3a, 0x20
.byte 0x22, 0x53, 0x61, 0x76, 0x65, 0x22, 0x2c, 0x0d, 0x0a, 0x20, 0x20, 0x20, 0x20, 0x66, 0x69, 0x6c
.byte 0x65, 0x45, 0x64, 0x69, 0x74, 0x6f, 0x72, 0x53, 0x61, 0x76, 0x65, 0x64, 0x3a, 0x20, 0x22, 0x46
.byte 0x69, 0x6c, 0x65, 0x20, 0x73, 0x61, 0x76, 0x65, 0x64, 0x22, 0x2c, 0x0d, 0x0a, 0x20, 0x20, 0x20
.byte 0x20, 0x66, 0x69, 0x6c, 0x65, 0x45, 0x64, 0x69, 0x74, 0x6f, 0x72, 0x4c, 0x6f, 0x61, 0x64, 0x45
.byte 0x72, 0x72, 0x6f, 0x72, 0x3a, 0x20, 0x22, 0x46, 0x61, 0x69, 0x6c, 0x65, 0x64, 0x20, 0x74, 0x6f
.byte 0x20, 0x6c, 0x6f, 0x61, 0x64, 0x20, 0x66, 0x69, 0x6c, 0x65, 0x22, 0x2c, 0x0d, 0x0a, 0x20, 0x20
.byte 0x20, 0x20, 0x66, 0x69, 0x6c, 0x65, 0x45, 0x64, 0x69, 0x74, 0x6f, 0x72, 0x53, 0x61, 0x76, 0x65
.byte 0x45, 0x72, 0x72, 0x6f, 0x72, 0x3a, 0x20, 0x22, 0x46, 0x61, 0x69, 0x6c, 0x65, 0x64, 0x20, 0x74
.byte 0x6f, 0x20, 0x73, 0x61, 0x76, 0x65, 0x20, 0x66, 0x69, 0x6c, 0x65, 0x22, 0x2c, 0x0d, 0x0a, 0x20
.byte 0x20, 0x20, 0x20, 0x66, 0x69, 0x6c, 0x65, 0x53, 0x65, 0x6c, 0x65, 0x63, 0x74, 0x41, 0x6e, 0x64
.byte 0x50, 0x61, 0x74, 0x68, 0x3a, 0x0d, 0x0a, 0x20, 0x20, 0x20, 0x20, 0x20, 0x20, 0x22, 0x53, 0x65
.byte 0x6c, 0x65, 0x63, 0x74, 0x20, 0x61, 0x20, 0x66, 0x69, 0x6c, 0x65, 0x20, 0x61, 0x6e, 0x64, 0x20
.byte 0x70, 0x72, 0x6f, 0x76, 0x69, 0x64, 0x65, 0x20, 0x61, 0x20, 0x74, 0x61, 0x72, 0x67, 0x65, 0x74
.byte 0x20, 0x70, 0x61, 0x74, 0x68, 0x20, 0x74, 0x68, 0x61, 0x74, 0x20, 0x73, 0x74, 0x61, 0x72, 0x74
.byte 0x73, 0x20, 0x77, 0x69, 0x74, 0x68, 0x20, 0x2f, 0x2e, 0x22, 0x2c, 0x0d, 0x0a, 0x20, 0x20, 0x20
.byte 0x20, 0x66, 0x69, 0x6c, 0x65, 0x46, 0x6f, 0x6c, 0x64, 0x65, 0x72, 0x4e, 0x61, 0x6d, 0x65, 0x52
.byte 0x65, 0x71, 0x75, 0x69, 0x72, 0x65, 0x64, 0x3a, 0x20, 0x22, 0x45, 0x6e, 0x74, 0x65, 0x72, 0x20
.byte 0x61, 0x20, 0x66, 0x6f, 0x6c, 0x64, 0x65, 0x72, 0x20, 0x6e, 0x61, 0x6d, 0x65, 0x2e, 0x22, 0x2c
.byte 0x0d, 0x0a, 0x20, 0x20, 0x7d, 0x2c, 0x0d, 0x0a, 0x0d, 0x0a, 0x20, 0x20, 0x22, 0x7a, 0x68, 0x2d
.byte 0x63, 0x6e, 0x22, 0x3a, 0x20, 0x7b, 0x0d, 0x0a, 0x20, 0x20, 0x20, 0x20, 0x64, 0x6f, 0x63, 0x54
.byte 0x69, 0x74, 0x6c, 0x65, 0x3a, 0x20, 0x22, 0x45, 0x53, 0x50, 0x2d, 0x43, 0x6c, 0x61, 0x77, 0x20
.byte 0xe8, 0xae, 0xbe, 0xe7, 0xbd, 0xae, 0x22, 0x2c, 0x0d, 0x0a, 0x20, 0x20, 0x20, 0x20, 0x70, 0x61
.byte 0x67, 0x65, 0x54, 0x69, 0x74, 0x6c, 0x65, 0x3a, 0x20, 0x22, 0xe8, 0xae, 0xbe, 0xe5, 0xa4, 0x87
.byte 0xe8, 0xae, 0xbe, 0xe7, 0xbd, 0xae, 0x22, 0x2c, 0x0d, 0x0a, 0x20, 0x20, 0x20, 0x20, 0x70, 0x61
.byte 0x67, 0x65, 0x53, 0x75, 0x62, 0x74, 0x69, 0x74, 0x6c, 0x65, 0x3a, 0x0d, 0x0a, 0x20, 0x20, 0x20
.byte 0x20, 0x20, 0x20, 0x22, 0xe9, 0x85, 0x8d, 0xe7, 0xbd, 0xae, 0xe5, 0x87, 0xad, 0xe6, 0x8d, 0xae
.byte 0xe3, 0x80, 0x81, 0xe8, 0xbf, 0x90, 0xe8, 0xa1, 0x8c, 0xe6, 0x97, 0xb6, 0xe8, 0xae, 0xbe, 0xe7
.byte 0xbd, 0xae, 0xef, 0xbc, 0x8c, 0xe5, 0xb9, 0xb6, 0xe7, 0xae, 0xa1, 0xe7, 0x90, 0x86, 0x20, 0x45
.byte 0x53, 0x50, 0x20, 0xe8, 0xae, 0xbe, 0xe5, 0xa4, 0x87, 0xe4, 0xb8, 0x8a, 0xe7, 0x9a, 0x84, 0x20
.byte 0x46, 0x41, 0x54, 0x46, 0x53, 0x20, 0xe5, 0xad, 0x98, 0xe5, 0x82, 0xa8, 0xe3, 0x80, 0x82, 0x22
.byte 0x2c, 0x0d, 0x0a, 0x20, 0x20, 0x20, 0x20, 0x74, 0x61, 0x62, 0x43, 0x6f, 0x6e, 0x66, 0x69, 0x67
.byte 0x3a, 0x20, 0x22, 0xe9, 0x85, 0x8d, 0xe7, 0xbd, 0xae, 0xe7, 0xae, 0xa1, 0xe7, 0x90, 0x86, 0x22
.byte 0x2c, 0x0d, 0x0a, 0x20, 0x20, 0x20, 0x20, 0x74, 0x61, 0x62, 0x4d, 0x65, 0x6d, 0x6f, 0x72, 0x79
.byte 0x3a, 0x20, 0x22, 0xe8, 0xae, 0xb0, 0xe5, 0xbf, 0x86, 0xe7, 0xae, 0xa1, 0xe7, 0x90, 0x86, 0x22
.byte 0x2c, 0x0d, 0x0a, 0x20, 0x20, 0x20, 0x20, 0x74, 0x61, 0x62, 0x46, 0x69, 0x6c, 0x65, 0x73, 0x3a
.byte 0x20, 0x22, 0xe6, 0x96, 0x87, 0xe4, 0xbb, 0xb6, 0xe7, 0xae, 0xa1, 0xe7, 0x90, 0x86, 0x22, 0x2c
.byte 0x0d, 0x0a, 0x0d, 0x0a, 0x20, 0x20, 0x20, 0x20, 0x73, 0x74, 0x61, 0x74, 0x75, 0x73, 0x4c, 0x6f
.byte 0x61, 0x64, 0x69, 0x6e, 0x67, 0x3a, 0x20, 0x22, 0xe5, 0x8a, 0xa0, 0xe8, 0xbd, 0xbd, 0xe4, 0xb8
.byte 0xad, 0x5c, 0x75, 0x32, 0x30, 0x32, 0x36, 0x22, 0x2c, 0x0d, 0x0a, 0x20, 0x20, 0x20, 0x20, 0x73
.byte 0x74, 0x61, 0x74, 0x75, 0x73, 0x4f, 0x6e, 0x6c, 0x69, 0x6e, 0x65, 0x3a, 0x20, 0x22, 0x57, 0x69
.byte 0x2d, 0x46, 0x69, 0x20, 0xe5, 0xb7, 0xb2, 0xe8, 0xbf, 0x9e, 0xe6, 0x8e, 0xa5, 0x22, 0x2c, 0x0d
.byte 0x0a, 0x20, 0x20, 0x20, 0x20, 0x73, 0x74, 0x61, 0x74, 0x75, 0x73, 0x4f, 0x66, 0x66, 0x6c, 0x69
.byte 0x6e, 0x65, 0x3a, 0x20, 0x22, 0x57, 0x69, 0x2d, 0x46, 0x69, 0x20, 0xe7, 0xa6, 0xbb, 0xe7, 0xba
.byte 0xbf, 0x22, 0x2c, 0x0d, 0x0a, 0x0d, 0x0a, 0x20, 0x20, 0x20, 0x20, 0x73, 0x65, 0x63, 0x74, 0x69
.byte 0x6f, 0x6e, 0x57, 0x69, 0x66, 0x69, 0x3a, 0x20, 0x22, 0x57, 0x69, 0x2d, 0x46, 0x69, 0x20, 0xe8
.byte 0xae, 0xbe, 0xe7, 0xbd, 0xae, 0x22, 0x2c, 0x0d, 0x0a, 0x20, 0x20, 0x20, 0x20, 0x77, 0x69, 0x66
.byte 0x69, 0x53, 0x73, 0x69, 0x64, 0x3a, 0x20, 0x22, 0x57, 0x69, 0x2d, 0x46, 0x69, 0x20, 0xe5, 0x90
.byte 0x8d, 0xe7, 0xa7, 0xb0, 0x20, 0x28, 0x53, 0x53, 0x49, 0x44, 0x29, 0x22, 0x2c, 0x0d, 0x0a, 0x20
.byte 0x20, 0x20, 0x20, 0x77, 0x69, 0x66, 0x69, 0x50, 0x61, 0x73, 0x73, 0x77, 0x6f, 0x72, 0x64, 0x3a
.byte 0x20, 0x22, 0x57, 0x69, 0x2d, 0x46, 0x69, 0x20, 0xe5, 0xaf, 0x86, 0xe7, 0xa0, 0x81, 0x22, 0x2c
.byte 0x0d, 0x0a, 0x0d, 0x0a, 0x20, 0x20, 0x20, 0x20, 0x73, 0x65, 0x63, 0x74, 0x69, 0x6f, 0x6e, 0x4c
.byte 0x6c, 0x6d, 0x3a, 0x20, 0x22, 0x4c, 0x4c, 0x4d, 0x20, 0xe8, 0xae, 0xbe, 0xe7, 0xbd, 0xae, 0x22
.byte 0x2c, 0x0d, 0x0a, 0x20, 0x20, 0x20, 0x20, 0x6c, 0x6c, 0x6d, 0x50, 0x72, 0x6f, 0x76, 0x69, 0x64
.byte 0x65, 0x72, 0x3a, 0x20, 0x22, 0x4c, 0x4c, 0x4d, 0x20, 0xe6, 0x8f, 0x90, 0xe4, 0xbe, 0x9b, 0xe5
.byte 0x95, 0x86, 0x22, 0x2c, 0x0d, 0x0a, 0x20, 0x20, 0x20, 0x20, 0x6c, 0x6c, 0x6d, 0x50, 0x72, 0x6f
.byte 0x76, 0x69, 0x64, 0x65, 0x72, 0x4f, 0x70, 0x65, 0x6e, 0x61, 0x69, 0x3a, 0x20, 0x22, 0x4f, 0x70
.byte 0x65, 0x6e, 0x41, 0x49, 0x22, 0x2c, 0x0d, 0x0a, 0x20, 0x20, 0x20, 0x20, 0x6c, 0x6c, 0x6d, 0x50
.byte 0x72, 0x6f, 0x76, 0x69, 0x64, 0x65, 0x72, 0x51, 0x77, 0x65, 0x6e, 0x3a, 0x20, 0x22, 0x51, 0x77
.byte 0x65, 0x6e, 0x20, 0xe5, 0x85, 0xbc, 0xe5, 0xae, 0xb9, 0x22, 0x2c, 0x0d, 0x0a, 0x20, 0x20, 0x20
.byte 0x20, 0x6c, 0x6c, 0x6d, 0x50, 0x72, 0x6f, 0x76, 0x69, 0x64, 0x65, 0x72, 0x41, 0x6e, 0x74, 0x68
.byte 0x72, 0x6f, 0x70, 0x69, 0x63, 0x3a, 0x20, 0x22, 0x41, 0x6e, 0x74, 0x68, 0x72, 0x6f, 0x70, 0x69
.byte 0x63, 0x22, 0x2c, 0x0d, 0x0a, 0x20, 0x20, 0x20, 0x20, 0x6c, 0x6c, 0x6d, 0x50, 0x72, 0x6f, 0x76
.byte 0x69, 0x64, 0x65, 0x72, 0x43, 0x75, 0x73, 0x74, 0x6f, 0x6d, 0x3a, 0x20, 0x22, 0xe8, 0x87, 0xaa
.byte 0xe5, 0xae, 0x9a, 0xe4, 0xb9, 0x89, 0x22, 0x2c, 0x0d, 0x0a, 0x20, 0x20, 0x20, 0x20, 0x6c, 0x6c
.byte 0x6d, 0x41, 0x70, 0x69, 0x4b, 0x65, 0x79, 0x3a, 0x20, 0x22, 0x41, 0x50, 0x49, 0x20, 0xe5, 0xaf
.byte 0x86, 0xe9, 0x92, 0xa5, 0x22, 0x2c, 0x0d, 0x0a, 0x20, 0x20, 0x20, 0x20, 0x6c, 0x6c, 0x6d, 0x4d
.byte 0x6f, 0x64, 0x65, 0x6c, 0x3a, 0x20, 0x22, 0xe6, 0xa8, 0xa1, 0xe5, 0x9e, 0x8b, 0x22, 0x2c, 0x0d
.byte 0x0a, 0x20, 0x20, 0x20, 0x20, 0x6c, 0x6c, 0x6d, 0x54, 0x69, 0x6d, 0x65, 0x6f, 0x75, 0x74, 0x3a
.byte 0x20, 0x22, 0xe8, 0xb6, 0x85, 0xe6, 0x97, 0xb6, 0x20, 0x28, 0xe6, 0xaf, 0xab, 0xe7, 0xa7, 0x92
.byte 0x29, 0x22, 0x2c, 0x0d, 0x0a, 0x20, 0x20, 0x20, 0x20, 0x6c, 0x6c, 0x6d, 0x54, 0x69, 0x6d, 0x65
.byte 0x6f, 0x75, 0x74, 0x50, 0x6c, 0x61, 0x63, 0x65, 0x68, 0x6f, 0x6c, 0x64, 0x65, 0x72, 0x3a, 0x20
.byte 0x22, 0x31, 0x32, 0x30, 0x30, 0x30, 0x30, 0x22, 0x2c, 0x0d, 0x0a, 0x20, 0x20, 0x20, 0x20, 0x6c
.byte 0x6c, 0x6d, 0x41, 0x64, 0x76, 0x61, 0x6e, 0x63, 0x65, 0x64, 0x3a, 0x20, 0x22, 0x4c, 0x4c, 0x4d
.byte 0x20, 0xe9, 0xab, 0x98, 0xe7, 0xba, 0xa7, 0xe9, 0x80, 0x89, 0xe9, 0xa1, 0xb9, 0x22, 0x2c, 0x0d
.byte 0x0a, 0x20, 0x20, 0x20, 0x20, 0x6c, 0x6c, 0x6d, 0x42, 0x61, 0x63, 0x6b, 0x65, 0x6e, 0x64, 0x3a
.byte 0x20, 0x22, 0xe5, 0x90, 0x8e, 0xe7, 0xab, 0xaf, 0xe7, 0xb1, 0xbb, 0xe5, 0x9e, 0x8b, 0x22, 0x2c
.byte 0x0d, 0x0a, 0x20, 0x20, 0x20, 0x20, 0x6c, 0x6c, 0x6d, 0x42, 0x61, 0x63, 0x6b, 0x65, 0x6e, 0x64
.byte 0x50, 0x6c, 0x61, 0x63, 0x65, 0x68, 0x6f, 0x6c, 0x64, 0x65, 0x72, 0x3a, 0x20, 0x22, 0x6f, 0x70
.byte 0x65, 0x6e, 0x61, 0x69, 0x5f, 0x63, 0x6f, 0x6d, 0x70, 0x61, 0x74, 0x69, 0x62, 0x6c, 0x65, 0x20
.byte 0x2f, 0x20, 0x61, 0x6e, 0x74, 0x68, 0x72, 0x6f, 0x70, 0x69, 0x63, 0x20, 0x2f, 0x20, 0x63, 0x75
.byte 0x73, 0x74, 0x6f, 0x6d, 0x22, 0x2c, 0x0d, 0x0a, 0x20, 0x20, 0x20, 0x20, 0x6c, 0x6c, 0x6d, 0x50
.byte 0x72, 0x6f, 0x66, 0x69, 0x6c, 0x65, 0x3a, 0x20, 0x22, 0xe9, 0x85, 0x8d, 0xe7, 0xbd, 0xae, 0xe6
.byte 0x96, 0x87, 0xe4, 0xbb, 0xb6, 0x22, 0x2c, 0x0d, 0x0a, 0x20, 0x20, 0x20, 0x20, 0x6c, 0x6c, 0x6d
.byte 0x50, 0x72, 0x6f, 0x66, 0x69, 0x6c, 0x65, 0x50, 0x6c, 0x61, 0x63, 0x65, 0x68, 0x6f, 0x6c, 0x64
.byte 0x65, 0x72, 0x3a, 0x20, 0x22, 0x6f, 0x70, 0x65, 0x6e, 0x61, 0x69, 0x20, 0x2f, 0x20, 0x71, 0x77
.byte 0x65, 0x6e, 0x5f, 0x63, 0x6f, 0x6d, 0x70, 0x61, 0x74, 0x69, 0x62, 0x6c, 0x65, 0x20, 0x2f, 0x20
.byte 0x61, 0x6e, 0x74, 0x68, 0x72, 0x6f, 0x70, 0x69, 0x63, 0x22, 0x2c, 0x0d, 0x0a, 0x20, 0x20, 0x20
.byte 0x20, 0x6c, 0x6c, 0x6d, 0x42, 0x61, 0x73, 0x65, 0x55, 0x72, 0x6c, 0x3a, 0x20, 0x22, 0x42, 0x61
.byte 0x73, 0x65, 0x20, 0x55, 0x52, 0x4c, 0x22, 0x2c, 0x0d, 0x0a, 0x20, 0x20, 0x20, 0x20, 0x6c, 0x6c
.byte 0x6d, 0x42, 0x61, 0x73, 0x65, 0x55, 0x72, 0x6c, 0x50, 0x6c, 0x61, 0x63, 0x65, 0x68, 0x6f, 0x6c
.byte 0x64, 0x65, 0x72, 0x3a, 0x20, 0x22, 0x68, 0x74, 0x74, 0x70, 0x73, 0x3a, 0x2f, 0x2f, 0x61, 0x70
.byte 0x69, 0x2e, 0x6f, 0x70, 0x65, 0x6e, 0x61, 0x69, 0x2e, 0x63, 0x6f, 0x6d, 0x2f, 0x76, 0x31, 0x22
.byte 0x2c, 0x0d, 0x0a, 0x20, 0x20, 0x20, 0x20, 0x6c, 0x6c, 0x6d, 0x41, 0x75, 0x74, 0x68, 0x54, 0x79
.byte 0x70, 0x65, 0x3a, 0x20, 0x22, 0xe8, 0xae, 0xa4, 0xe8, 0xaf, 0x81, 0xe7, 0xb1, 0xbb, 0xe5, 0x9e
.byte 0x8b, 0x22, 0x2c, 0x0d, 0x0a, 0x20, 0x20, 0x20, 0x20, 0x6c, 0x6c, 0x6d, 0x41, 0x75, 0x74, 0x68
.byte 0x54, 0x79, 0x70, 0x65, 0x50, 0x6c, 0x61, 0x63, 0x65, 0x68, 0x6f, 0x6c, 0x64, 0x65, 0x72, 0x3a
.byte 0x20, 0x22, 0x62, 0x65, 0x61, 0x72, 0x65, 0x72, 0x20, 0x2f, 0x20, 0x61, 0x70, 0x69, 0x2d, 0x6b
.byte 0x65, 0x79, 0x20, 0x2f, 0x20, 0x6e, 0x6f, 0x6e, 0x65, 0x22, 0x2c, 0x0d, 0x0a, 0x0d, 0x0a, 0x20
.byte 0x20, 0x20, 0x20, 0x73, 0x65, 0x63, 0x74, 0x69, 0x6f, 0x6e, 0x49, 0x6d, 0x3a, 0x20, 0x22, 0xe5
.byte 0x8d, 0xb3, 0xe6, 0x97, 0xb6, 0xe9, 0x80, 0x9a, 0xe8, 0xae, 0xaf, 0x20, 0x28, 0x49, 0x4d, 0x29
.byte 0x22, 0x2c, 0x0d, 0x0a, 0x20, 0x20, 0x20, 0x20, 0x69, 0x6d, 0x57, 0x65, 0x63, 0x68, 0x61, 0x74
.byte 0x54, 0x69, 0x74, 0x6c, 0x65, 0x3a, 0x20, 0x22, 0xe5, 0xbe, 0xae, 0xe4, 0xbf, 0xa1, 0x22, 0x2c
.byte 0x0d, 0x0a, 0x20, 0x20, 0x20, 0x20, 0x69, 0x6d, 0x46, 0x65, 0x69, 0x73, 0x68, 0x75, 0x54, 0x69
.byte 0x74, 0x6c, 0x65, 0x3a, 0x20, 0x22, 0xe9, 0xa3, 0x9e, 0xe4, 0xb9, 0xa6, 0x22, 0x2c, 0x0d, 0x0a
.byte 0x20, 0x20, 0x20, 0x20, 0x77, 0x65, 0x63, 0x68, 0x61, 0x74, 0x4c, 0x6f, 0x67, 0x69, 0x6e, 0x44
.byte 0x65, 0x73, 0x63, 0x3a, 0x20, 0x22, 0xe4, 0xba, 0x8c, 0xe7, 0xbb, 0xb4, 0xe7, 0xa0, 0x81, 0xe7
.byte 0x99, 0xbb, 0xe5, 0xbd, 0x95, 0x22, 0x2c, 0x0d, 0x0a, 0x20, 0x20, 0x20, 0x20, 0x71, 0x71, 0x41
.byte 0x70, 0x70, 0x49, 0x64, 0x3a, 0x20, 0x22, 0x51, 0x51, 0x20, 0x41, 0x70, 0x70, 0x20, 0x49, 0x44
.byte 0x22, 0x2c, 0x0d, 0x0a, 0x20, 0x20, 0x20, 0x20, 0x71, 0x71, 0x41, 0x70, 0x70, 0x53, 0x65, 0x63
.byte 0x72, 0x65, 0x74, 0x3a, 0x20, 0x22, 0x51, 0x51, 0x20, 0x41, 0x70, 0x70, 0x20, 0x53, 0x65, 0x63
.byte 0x72, 0x65, 0x74, 0x22, 0x2c, 0x0d, 0x0a, 0x20, 0x20, 0x20, 0x20, 0x66, 0x65, 0x69, 0x73, 0x68
.byte 0x75, 0x41, 0x70, 0x70, 0x49, 0x64, 0x3a, 0x20, 0x22, 0xe9, 0xa3, 0x9e, 0xe4, 0xb9, 0xa6, 0x20
.byte 0x41, 0x70, 0x70, 0x20, 0x49, 0x44, 0x22, 0x2c, 0x0d, 0x0a, 0x20, 0x20, 0x20, 0x20, 0x66, 0x65
.byte 0x69, 0x73, 0x68, 0x75, 0x41, 0x70, 0x70, 0x53, 0x65, 0x63, 0x72, 0x65, 0x74, 0x3a, 0x20, 0x22
.byte 0xe9, 0xa3, 0x9e, 0xe4, 0xb9, 0xa6, 0x20, 0x41, 0x70, 0x70, 0x20, 0x53, 0x65, 0x63, 0x72, 0x65
.byte 0x74, 0x22, 0x2c, 0x0d, 0x0a, 0x20, 0x20, 0x20, 0x20, 0x74, 0x67, 0x42, 0x6f, 0x74, 0x54, 0x6f
.byte 0x6b, 0x65, 0x6e, 0x3a, 0x20, 0x22, 0x54, 0x65, 0x6c, 0x65, 0x67, 0x72, 0x61, 0x6d, 0x20, 0x42
.byte 0x6f, 0x74, 0x20, 0x54, 0x6f, 0x6b, 0x65, 0x6e, 0x22, 0x2c, 0x0d, 0x0a, 0x20, 0x20, 0x20, 0x20
.byte 0x77, 0x65, 0x63, 0x68, 0x61, 0x74, 0x54, 0x6f, 0x6b, 0x65, 0x6e, 0x3a, 0x20, 0x22, 0xe5, 0xbe
.byte 0xae, 0xe4, 0xbf, 0xa1, 0x20, 0x54, 0x6f, 0x6b, 0x65, 0x6e, 0x22, 0x2c, 0x0d, 0x0a, 0x20, 0x20
.byte 0x20, 0x20, 0x77, 0x65, 0x63, 0x68, 0x61, 0x74, 0x42, 0x61, 0x73, 0x65, 0x55, 0x72, 0x6c, 0x3a
.byte 0x20, 0x22, 0xe5, 0xbe, 0xae, 0xe4, 0xbf, 0xa1, 0x20, 0x42, 0x61, 0x73, 0x65, 0x20, 0x55, 0x52
.byte 0x4c, 0x22, 0x2c, 0x0d, 0x0a, 0x20, 0x20, 0x20, 0x20, 0x77, 0x65, 0x63, 0x68, 0x61, 0x74, 0x42
.byte 0x61, 0x73, 0x65, 0x55, 0x72, 0x6c, 0x50, 0x6c, 0x61, 0x63, 0x65, 0x68, 0x6f, 0x6c, 0x64, 0x65
.byte 0x72, 0x3a, 0x20, 0x22, 0x68, 0x74, 0x74, 0x70, 0x73, 0x3a, 0x2f, 0x2f, 0x69, 0x6c, 0x69, 0x6e
.byte 0x6b, 0x61, 0x69, 0x2e, 0x77, 0x65, 0x69, 0x78, 0x69, 0x6e, 0x2e, 0x71, 0x71, 0x2e, 0x63, 0x6f
.byte 0x6d, 0x22, 0x2c, 0x0d, 0x0a, 0x20, 0x20, 0x20, 0x20, 0x77, 0x65, 0x63, 0x68, 0x61, 0x74, 0x43
.byte 0x64, 0x6e, 0x42, 0x61, 0x73, 0x65, 0x55, 0x72, 0x6c, 0x3a, 0x20, 0x22, 0xe5, 0xbe, 0xae, 0xe4
.byte 0xbf, 0xa1, 0x20, 0x43, 0x44, 0x4e, 0x20, 0x42, 0x61, 0x73, 0x65, 0x20, 0x55, 0x52, 0x4c, 0x22
.byte 0x2c, 0x0d, 0x0a, 0x20, 0x20, 0x20, 0x20, 0x77, 0x65, 0x63, 0x68, 0x61, 0x74, 0x43, 0x64, 0x6e
.byte 0x42, 0x61, 0x73, 0x65, 0x55, 0x72, 0x6c, 0x50, 0x6c, 0x61, 0x63, 0x65, 0x68, 0x6f, 0x6c, 0x64
.byte 0x65, 0x72, 0x3a, 0x20, 0x22, 0x68, 0x74, 0x74, 0x70, 0x73, 0x3a, 0x2f, 0x2f, 0x6e, 0x6f, 0x76
.byte 0x61, 0x63, 0x32, 0x63, 0x2e, 0x63, 0x64, 0x6e, 0x2e, 0x77, 0x65, 0x69, 0x78, 0x69, 0x6e, 0x2e
.byte 0x71, 0x71, 0x2e, 0x63, 0x6f, 0x6d, 0x2f, 0x63, 0x32, 0x63, 0x22, 0x2c, 0x0d, 0x0a, 0x20, 0x20
.byte 0x20, 0x20, 0x77, 0x65, 0x63, 0x68, 0x61, 0x74, 0x41, 0x63, 0x63, 0x6f, 0x75, 0x6e, 0x74, 0x49
.byte 0x64, 0x3a, 0x20, 0x22, 0xe5, 0xbe, 0xae, 0xe4, 0xbf, 0xa1, 0xe8, 0xb4, 0xa6, 0xe5, 0x8f, 0xb7
.byte 0x20, 0x49, 0x44, 0x22, 0x2c, 0x0d, 0x0a, 0x20, 0x20, 0x20, 0x20, 0x77, 0x65, 0x63, 0x68, 0x61
.byte 0x74, 0x41, 0x63, 0x63, 0x6f, 0x75, 0x6e, 0x74, 0x49, 0x64, 0x50, 0x6c, 0x61, 0x63, 0x65, 0x68
.byte 0x6f, 0x6c, 0x64, 0x65, 0x72, 0x3a, 0x20, 0x22, 0xe9, 0xbb, 0x98, 0xe8, 0xae, 0xa4, 0x22, 0x2c
.byte 0x0d, 0x0a, 0x20, 0x20, 0x20, 0x20, 0x77, 0x65, 0x63, 0x68, 0x61, 0x74, 0x4c, 0x6f, 0x67, 0x69
.byte 0x6e, 0x3a, 0x20, 0x22, 0xe5, 0xbe, 0xae, 0xe4, 0xbf, 0xa1, 0xe7, 0x99, 0xbb, 0xe5, 0xbd, 0x95
.byte 0x22, 0x2c, 0x0d, 0x0a, 0x20, 0x20, 0x20, 0x20, 0x77, 0x65, 0x63, 0x68, 0x61, 0x74, 0x4c, 0x6f
.byte 0x67, 0x69, 0x6e, 0x47, 0x65, 0x6e, 0x65, 0x72, 0x61, 0x74, 0x65, 0x3a, 0x20, 0x22, 0xe7, 0x94
.byte 0x9f, 0xe6, 0x88, 0x90, 0xe4, 0xba, 0x8c, 0xe7, 0xbb, 0xb4, 0xe7, 0xa0, 0x81, 0x22, 0x2c, 0x0d
.byte 0x0a, 0x20, 0x20, 0x20, 0x20, 0x77, 0x65, 0x63, 0x68, 0x61, 0x74, 0x4c, 0x6f, 0x67, 0x69, 0x6e
.byte 0x43, 0x61, 0x6e, 0x63, 0x65, 0x6c, 0x3a, 0x20, 0x22, 0xe5, 0x8f, 0x96, 0xe6, 0xb6, 0x88, 0x22
.byte 0x2c, 0x0d, 0x0a, 0x20, 0x20, 0x20, 0x20, 0x77, 0x65, 0x63, 0x68, 0x61, 0x74, 0x4c, 0x6f, 0x67
.byte 0x69, 0x6e, 0x53, 0x74, 0x61, 0x74, 0x75, 0x73, 0x3a, 0x20, 0x22, 0xe7, 0x8a, 0xb6, 0xe6, 0x80
.byte 0x81, 0xef, 0xbc, 0x9a, 0xe7, 0xa9, 0xba, 0xe9, 0x97, 0xb2, 0x22, 0x2c, 0x0d, 0x0a, 0x20, 0x20
.byte 0x20, 0x20, 0x77, 0x65, 0x63, 0x68, 0x61, 0x74, 0x4c, 0x6f, 0x67, 0x69, 0x6e, 0x4e, 0x6f, 0x74
.byte 0x65, 0x3a, 0x0d, 0x0a, 0x20, 0x20, 0x20, 0x20, 0x20, 0x20, 0x22, 0xe5, 0x9c, 0xa8, 0xe6, 0xad
.byte 0xa4, 0xe7, 0x94, 0x9f, 0xe6, 0x88, 0x90, 0xe4, 0xba, 0x8c, 0xe7, 0xbb, 0xb4, 0xe7, 0xa0, 0x81
.byte 0xe4, 0xbb, 0xa5, 0xe8, 0x87, 0xaa, 0xe5, 0x8a, 0xa8, 0xe8, 0x8e, 0xb7, 0xe5, 0x8f, 0x96, 0x20
.byte 0x77, 0x65, 0x63, 0x68, 0x61, 0x74, 0x5f, 0x74, 0x6f, 0x6b, 0x65, 0x6e, 0xe3, 0x80, 0x82, 0xe7
.byte 0xa1, 0xae, 0xe8, 0xae, 0xa4, 0xe5, 0x90, 0x8e, 0xe4, 0xbb, 0xa4, 0xe7, 0x89, 0x8c, 0xe5, 0xb0
.byte 0x86, 0xe4, 0xbf, 0x9d, 0xe5, 0xad, 0x98, 0xe8, 0x87, 0xb3, 0x20, 0x4e, 0x56, 0x53, 0xe3, 0x80
.byte 0x82, 0xe9, 0x87, 0x8d, 0xe5, 0x90, 0xaf, 0xe8, 0xae, 0xbe, 0xe5, 0xa4, 0x87, 0xe4, 0xbb, 0xa5
.byte 0xe5, 0xba, 0x94, 0xe7, 0x94, 0xa8, 0xe6, 0x96, 0xb0, 0xe7, 0x9a, 0x84, 0xe7, 0x99, 0xbb, 0xe5
.byte 0xbd, 0x95, 0xe3, 0x80, 0x82, 0x22, 0x2c, 0x0d, 0x0a, 0x20, 0x20, 0x20, 0x20, 0x77, 0x65, 0x63
.byte 0x68, 0x61, 0x74, 0x4c, 0x6f, 0x67, 0x69, 0x6e, 0x4f, 0x70, 0x65, 0x6e, 0x4c, 0x69, 0x6e, 0x6b
.byte 0x3a, 0x20, 0x22, 0xe6, 0x89, 0x93, 0xe5, 0xbc, 0x80, 0xe7, 0x99, 0xbb, 0xe5, 0xbd, 0x95, 0xe9
.byte 0x93, 0xbe, 0xe6, 0x8e, 0xa5, 0x22, 0x2c, 0x0d, 0x0a, 0x0d, 0x0a, 0x20, 0x20, 0x20, 0x20, 0x73
.byte 0x65, 0x63, 0x74, 0x69, 0x6f, 0x6e, 0x53, 0x65, 0x61, 0x72, 0x63, 0x68, 0x3a, 0x20, 0x22, 0xe6
.byte 0x90, 0x9c, 0xe7, 0xb4, 0xa2, 0xef, 0xbc, 0x88, 0xe5, 0x8f, 0xaf, 0xe9, 0x80, 0x89, 0xef, 0xbc
.byte 0x89, 0x22, 0x2c, 0x0d, 0x0a, 0x20, 0x20, 0x20, 0x20, 0x73, 0x65, 0x61, 0x72, 0x63, 0x68, 0x4e
.byte 0x6f, 0x74, 0x65, 0x3a, 0x0d, 0x0a, 0x20, 0x20, 0x20, 0x20, 0x20, 0x20, 0x22, 0xe5, 0xa6, 0x82
.byte 0xe5, 0xa1, 0xab, 0xe5, 0x86, 0x99, 0xef, 0xbc, 0x8c, 0x45, 0x53, 0x50, 0x2d, 0x43, 0x6c, 0x61
.byte 0x77, 0x20, 0xe5, 0x8f, 0xaf, 0xe5, 0x9c, 0xa8, 0xe8, 0xbf, 0x90, 0xe8, 0xa1, 0x8c, 0xe4, 0xb8
.byte 0xad, 0xe6, 0xa3, 0x80, 0xe7, 0xb4, 0xa2, 0xe5, 0x9c, 0xa8, 0xe7, 0xba, 0xbf, 0xe8, 0xb5, 0x84
.byte 0xe6, 0xba, 0x90, 0xe3, 0x80, 0x82, 0xe6, 0x8f, 0x90, 0xe7, 0xa4, 0xba, 0xef, 0xbc, 0x9a, 0xe7
.byte 0xb3, 0xbb, 0xe7, 0xbb, 0x9f, 0xe8, 0x87, 0xaa, 0xe5, 0xb8, 0xa6, 0xe7, 0x9a, 0x84, 0xe5, 0xa4
.byte 0xa9, 0xe6, 0xb0, 0x94, 0x20, 0x53, 0x6b, 0x69, 0x6c, 0x6c, 0x20, 0xe4, 0xb9, 0x9f, 0xe4, 0xbe
.byte 0x9d, 0xe8, 0xb5, 0x96, 0xe5, 0x9c, 0xa8, 0xe7, 0xba, 0xbf, 0xe6, 0x90, 0x9c, 0xe7, 0xb4, 0xa2
.byte 0xe5, 0x8a, 0x9f, 0xe8, 0x83, 0xbd, 0xe3, 0x80, 0x82, 0x22, 0x2c, 0x0d, 0x0a, 0x20, 0x20, 0x20
.byte 0x20, 0x73, 0x65, 0x61, 0x72, 0x63, 0x68, 0x42, 0x72, 0x61, 0x76, 0x65, 0x4b, 0x65, 0x79, 0x3a
.byte 0x20, 0x22, 0x42, 0x72, 0x61, 0x76, 0x65, 0x20, 0x53, 0x65, 0x61, 0x72, 0x63, 0x68, 0x20, 0x41
.byte 0x50, 0x49, 0x20, 0x4b, 0x65, 0x79, 0x22, 0x2c, 0x0d, 0x0a, 0x20, 0x20, 0x20, 0x20, 0x73, 0x65
.byte 0x61, 0x72, 0x63, 0x68, 0x54, 0x61, 0x76, 0x69, 0x6c, 0x79, 0x4b, 0x65, 0x79, 0x3a, 0x20, 0x22
.byte 0x54, 0x61, 0x76, 0x69, 0x6c, 0x79, 0x20, 0x41, 0x50, 0x49, 0x20, 0x4b, 0x65, 0x79, 0x22, 0x2c
.byte 0x0d, 0x0a, 0x0d, 0x0a, 0x20, 0x20, 0x20, 0x20, 0x73, 0x65, 0x63, 0x74, 0x69, 0x6f, 0x6e, 0x41
.byte 0x64, 0x76, 0x61, 0x6e, 0x63, 0x65, 0x64, 0x3a, 0x20, 0x22, 0xe9, 0xab, 0x98, 0xe7, 0xba, 0xa7
.byte 0xe8, 0xae, 0xbe, 0xe7, 0xbd, 0xae, 0x22, 0x2c, 0x0d, 0x0a, 0x20, 0x20, 0x20, 0x20, 0x74, 0x69
.byte 0x6d, 0x65, 0x7a, 0x6f, 0x6e, 0x65, 0x3a, 0x20, 0x22, 0xe6, 0x97, 0xb6, 0xe5, 0x8c, 0xba, 0x22
.byte 0x2c, 0x0d, 0x0a, 0x20, 0x20, 0x20, 0x20, 0x74, 0x69, 0x6d, 0x65, 0x7a, 0x6f, 0x6e, 0x65, 0x50
.byte 0x6c, 0x61, 0x63, 0x65, 0x68, 0x6f, 0x6c, 0x64, 0x65, 0x72, 0x3a, 0x20, 0x22, 0xe4, 0xbe, 0x8b
.byte 0xe5, 0xa6, 0x82, 0x20, 0x43, 0x53, 0x54, 0x2d, 0x38, 0xef, 0xbc, 0x88, 0xe5, 0x8c, 0x97, 0xe4
.byte 0xba, 0xac, 0xe6, 0x97, 0xb6, 0xe9, 0x97, 0xb4, 0xef, 0xbc, 0x89, 0xe6, 0x88, 0x96, 0x20, 0x55
.byte 0x54, 0x43, 0x30, 0x22, 0x2c, 0x0d, 0x0a, 0x20, 0x20, 0x20, 0x20, 0x74, 0x69, 0x6d, 0x65, 0x7a
.byte 0x6f, 0x6e, 0x65, 0x48, 0x65, 0x6c, 0x70, 0x3a, 0x0d, 0x0a, 0x20, 0x20, 0x20, 0x20, 0x20, 0x20
.byte 0x22, 0xe4, 0xbb, 0x85, 0xe6, 0x8e, 0xa5, 0xe5, 0x8f, 0x97, 0x20, 0x50, 0x4f, 0x53, 0x49, 0x58
.byte 0x20, 0x54, 0x5a, 0x20, 0xe5, 0xad, 0x97, 0xe7, 0xac, 0xa6, 0xe4, 0xb8, 0xb2, 0xef, 0xbc, 0x8c
.byte 0xe7, 0xac, 0xa6, 0xe5, 0x8f, 0xb7, 0xe4, 0xb8, 0x8e, 0xe6, 0x97, 0xa5, 0xe5, 0xb8, 0xb8, 0x20
.byte 0x55, 0x54, 0x43, 0x20, 0xe8, 0xa1, 0xa8, 0xe7, 0xa4, 0xba, 0xe7, 0x9b, 0xb8, 0xe5, 0x8f, 0x8d
.byte 0xe3, 0x80, 0x82, 0xe5, 0x8c, 0x97, 0xe4, 0xba, 0xac, 0xe6, 0x97, 0xb6, 0xe9, 0x97, 0xb4, 0xef
.byte 0xbc, 0x88, 0x55, 0x54, 0x43, 0x2b, 0x38, 0xef, 0xbc, 0x89, 0xe5, 0xba, 0x94, 0xe5, 0x86, 0x99
.byte 0xe4, 0xbd, 0x9c, 0x20, 0xe2, 0x80, 0x9c, 0x43, 0x53, 0x54, 0x2d, 0x38, 0xe2, 0x80, 0x9d, 0xef
.byte 0xbc, 0x8c, 0xe7, 0xba, 0xbd, 0xe7, 0xba, 0xa6, 0xef, 0xbc, 0x88, 0x55, 0x54, 0x43, 0x2d, 0x35
.byte 0xef, 0xbc, 0x89, 0xe5, 0x86, 0x99, 0xe4, 0xbd, 0x9c, 0x20, 0xe2, 0x80, 0x9c, 0x45, 0x53, 0x54
.byte 0x35, 0xe2, 0x80, 0x9d, 0xe3, 0x80, 0x82, 0xe4, 0xb8, 0x8d, 0xe6, 0x94, 0xaf, 0xe6, 0x8c, 0x81
.byte 0x20, 0xe2, 0x80, 0x9c, 0x41, 0x73, 0x69, 0x61, 0x2f, 0x53, 0x68, 0x61, 0x6e, 0x67, 0x68, 0x61
.byte 0x69, 0xe2, 0x80, 0x9d, 0x20, 0xe8, 0xbf, 0x99, 0xe7, 0xa7, 0x8d, 0x20, 0x49, 0x41, 0x4e, 0x41
.byte 0x20, 0xe5, 0x90, 0x8d, 0xe7, 0xa7, 0xb0, 0xef, 0xbc, 0x8c, 0xe8, 0xaf, 0xb7, 0xe8, 0x87, 0xaa
.byte 0xe8, 0xa1, 0x8c, 0xe6, 0x8d, 0xa2, 0xe7, 0xae, 0x97, 0xe3, 0x80, 0x82, 0x22, 0x2c, 0x0d, 0x0a
.byte 0x20, 0x20, 0x20, 0x20, 0x73, 0x61, 0x76, 0x65, 0x42, 0x74, 0x6e, 0x3a, 0x20, 0x22, 0xe4, 0xbf
.byte 0x9d, 0xe5, 0xad, 0x98, 0xe6, 0x9b, 0xb4, 0xe6, 0x94, 0xb9, 0x22, 0x2c, 0x0d, 0x0a, 0x20, 0x20
.byte 0x20, 0x20, 0x73, 0x61, 0x76, 0x65, 0x53, 0x75, 0x63, 0x63, 0x65, 0x73, 0x73, 0x3a, 0x20, 0x22
.byte 0xe8, 0xae, 0xbe, 0xe7, 0xbd, 0xae, 0xe5, 0xb7, 0xb2, 0xe4, 0xbf, 0x9d, 0xe5, 0xad, 0x98, 0x22
.byte 0x2c, 0x0d, 0x0a, 0x20, 0x20, 0x20, 0x20, 0x73, 0x61, 0x76, 0x65, 0x45, 0x72, 0x72, 0x6f, 0x72
.byte 0x3a, 0x20, 0x22, 0xe4, 0xbf, 0x9d, 0xe5, 0xad, 0x98, 0xe8, 0xae, 0xbe, 0xe7, 0xbd, 0xae, 0xe5
.byte 0xa4, 0xb1, 0xe8, 0xb4, 0xa5, 0x22, 0x2c, 0x0d, 0x0a, 0x20, 0x20, 0x20, 0x20, 0x6d, 0x65, 0x6d
.byte 0x6f, 0x72, 0x79, 0x54, 0x69, 0x74, 0x6c, 0x65, 0x3a, 0x20, 0x22, 0xe8, 0xae, 0xb0, 0xe5, 0xbf
.byte 0x86, 0xe6, 0x96, 0x87, 0xe4, 0xbb, 0xb6, 0x22, 0x2c, 0x0d, 0x0a, 0x20, 0x20, 0x20, 0x20, 0x6d
.byte 0x65, 0x6d, 0x6f, 0x72, 0x79, 0x44, 0x65, 0x73, 0x63, 0x72, 0x69, 0x70, 0x74, 0x69, 0x6f, 0x6e
.byte 0x3a, 0x20, 0x22, 0xe7, 0xae, 0xa1, 0xe7, 0x90, 0x86, 0xe8, 0xae, 0xb0, 0xe5, 0xbf, 0x86, 0xe6
.byte 0x96, 0x87, 0xe4, 0xbb, 0xb6, 0xe3, 0x80, 0x82, 0x22, 0x2c, 0x0d, 0x0a, 0x20, 0x20, 0x20, 0x20
.byte 0x6d, 0x65, 0x6d, 0x6f, 0x72, 0x79, 0x43, 0x61, 0x72, 0x64, 0x4c, 0x6f, 0x6e, 0x67, 0x54, 0x65
.byte 0x72, 0x6d, 0x3a, 0x20, 0x22, 0xe9, 0x95, 0xbf, 0xe6, 0x9c, 0x9f, 0xe8, 0xae, 0xb0, 0xe5, 0xbf
.byte 0x86, 0x22, 0x2c, 0x0d, 0x0a, 0x20, 0x20, 0x20, 0x20, 0x6d, 0x65, 0x6d, 0x6f, 0x72, 0x79, 0x43
.byte 0x61, 0x72, 0x64, 0x53, 0x6f, 0x75, 0x6c, 0x3a, 0x20, 0x22, 0xe7, 0x81, 0xb5, 0xe9, 0xad, 0x82
.byte 0x22, 0x2c, 0x0d, 0x0a, 0x20, 0x20, 0x20, 0x20, 0x6d, 0x65, 0x6d, 0x6f, 0x72, 0x79, 0x43, 0x61
.byte 0x72, 0x64, 0x49, 0x64, 0x65, 0x6e, 0x74, 0x69, 0x74, 0x79, 0x3a, 0x20, 0x22, 0xe8, 0xba, 0xab
.byte 0xe4, 0xbb, 0xbd, 0x22, 0x2c, 0x0d, 0x0a, 0x20, 0x20, 0x20, 0x20, 0x6d, 0x65, 0x6d, 0x6f, 0x72
.byte 0x79, 0x43, 0x61, 0x72, 0x64, 0x55, 0x73, 0x65, 0x72, 0x49, 0x6e, 0x66, 0x6f, 0x3a, 0x20, 0x22
.byte 0xe7, 0x94, 0xa8, 0xe6, 0x88, 0xb7, 0xe4, 0xbf, 0xa1, 0xe6, 0x81, 0xaf, 0x22, 0x2c, 0x0d, 0x0a
.byte 0x20, 0x20, 0x20, 0x20, 0x6d, 0x65, 0x6d, 0x6f, 0x72, 0x79, 0x4d, 0x69, 0x73, 0x73, 0x69, 0x6e
.byte 0x67, 0x3a, 0x20, 0x22, 0xe9, 0x95, 0xbf, 0xe6, 0x9c, 0x9f, 0xe8, 0xae, 0xb0, 0xe5, 0xbf, 0x86
.byte 0xe6, 0x96, 0x87, 0xe4, 0xbb, 0xb6, 0xe5, 0xb0, 0x9a, 0xe4, 0xb8, 0x8d, 0xe5, 0xad, 0x98, 0xe5
.byte 0x9c, 0xa8, 0xe3, 0x80, 0x82, 0x22, 0x2c, 0x0d, 0x0a, 0x20, 0x20, 0x20, 0x20, 0x6d, 0x65, 0x6d
.byte 0x6f, 0x72, 0x79, 0x52, 0x65, 0x66, 0x72, 0x65, 0x73, 0x68, 0x41, 0x6c, 0x6c, 0x3a, 0x20, 0x22
.byte 0xe5, 0x85, 0xa8, 0xe9, 0x83, 0xa8, 0xe5, 0x88, 0xb7, 0xe6, 0x96, 0xb0, 0x22, 0x2c, 0x0d, 0x0a
.byte 0x20, 0x20, 0x20, 0x20, 0x6d, 0x65, 0x6d, 0x6f, 0x72, 0x79, 0x52, 0x65, 0x66, 0x72, 0x65, 0x73
.byte 0x68, 0x3a, 0x20, 0x22, 0xe5, 0x88, 0xb7, 0xe6, 0x96, 0xb0, 0x22, 0x2c, 0x0d, 0x0a, 0x20, 0x20
.byte 0x20, 0x20, 0x6d, 0x65, 0x6d, 0x6f, 0x72, 0x79, 0x41, 0x75, 0x78, 0x4d, 0x69, 0x73, 0x73, 0x69
.byte 0x6e, 0x67, 0x3a, 0x20, 0x22, 0xe8, 0xae, 0xb0, 0xe5, 0xbf, 0x86, 0xe6, 0x96, 0x87, 0xe4, 0xbb
.byte 0xb6, 0xe5, 0xb0, 0x9a, 0xe4, 0xb8, 0x8d, 0xe5, 0xad, 0x98, 0xe5, 0x9c, 0xa8, 0xe3, 0x80, 0x82
.byte 0x22, 0x2c, 0x0d, 0x0a, 0x20, 0x20, 0x20, 0x20, 0x6d, 0x65, 0x6d, 0x6f, 0x72, 0x79, 0x52, 0x65
.byte 0x66, 0x72, 0x65, 0x73, 0x68, 0x65, 0x64, 0x3a, 0x20, 0x22, 0xe8, 0xae, 0xb0, 0xe5, 0xbf, 0x86
.byte 0xe5, 0xb7, 0xb2, 0xe9, 0x87, 0x8d, 0xe6, 0x96, 0xb0, 0xe5, 0x8a, 0xa0, 0xe8, 0xbd, 0xbd, 0x22
.byte 0x2c, 0x0d, 0x0a, 0x20, 0x20, 0x20, 0x20, 0x6d, 0x65, 0x6d, 0x6f, 0x72, 0x79, 0x4c, 0x6f, 0x61
.byte 0x64, 0x45, 0x72, 0x72, 0x6f, 0x72, 0x3a, 0x20, 0x22, 0xe5, 0x8a, 0xa0, 0xe8, 0xbd, 0xbd, 0xe8
.byte 0xae, 0xb0, 0xe5, 0xbf, 0x86, 0xe5, 0xa4, 0xb1, 0xe8, 0xb4, 0xa5, 0x22, 0x2c, 0x0d, 0x0a, 0x20
.byte 0x20, 0x20, 0x20, 0x6d, 0x65, 0x6d, 0x6f, 0x72, 0x79, 0x53, 0x61, 0x76, 0x65, 0x45, 0x72, 0x72
.byte 0x6f, 0x72, 0x3a, 0x20, 0x22, 0xe4, 0xbf, 0x9d, 0xe5, 0xad, 0x98, 0xe8, 0xae, 0xb0, 0xe5, 0xbf
.byte 0x86, 0xe5, 0xa4, 0xb1, 0xe8, 0xb4, 0xa5, 0x22, 0x2c, 0x0d, 0x0a, 0x20, 0x20, 0x20, 0x20, 0x63
.byte 0x6f, 0x6e, 0x66, 0x69, 0x67, 0x4e, 0x6f, 0x74, 0x65, 0x3a, 0x0d, 0x0a, 0x20, 0x20, 0x20, 0x20
.byte 0x20, 0x20, 0x22, 0xe6, 0x9b, 0xb4, 0xe6, 0x94, 0xb9, 0xe5, 0xad, 0x98, 0xe5, 0x82, 0xa8, 0xe5
.byte 0x9c, 0xa8, 0x20, 0x4e, 0x56, 0x53, 0x20, 0xe4, 0xb8, 0xad, 0xe3, 0x80, 0x82, 0xe8, 0xaf, 0xb7
.byte 0xe5, 0x85, 0x88, 0xe9, 0x80, 0x89, 0xe6, 0x8b, 0xa9, 0x20, 0x4c, 0x4c, 0x4d, 0x20, 0xe6, 0x8f
.byte 0x90, 0xe4, 0xbe, 0x9b, 0xe5, 0x95, 0x86, 0xef, 0xbc, 0x8c, 0xe7, 0x84, 0xb6, 0xe5, 0x90, 0x8e
.byte 0xe5, 0xa1, 0xab, 0xe5, 0x86, 0x99, 0x20, 0x41, 0x50, 0x49, 0x20, 0xe5, 0xaf, 0x86, 0xe9, 0x92
.byte 0xa5, 0xe5, 0x92, 0x8c, 0xe6, 0xa8, 0xa1, 0xe5, 0x9e, 0x8b, 0xe5, 0xad, 0x97, 0xe6, 0xae, 0xb5
.byte 0xe3, 0x80, 0x82, 0xe6, 0x9b, 0xb4, 0xe6, 0x96, 0xb0, 0x20, 0x57, 0x69, 0x2d, 0x46, 0x69, 0xe3
.byte 0x80, 0x81, 0xe9, 0xa3, 0x9e, 0xe4, 0xb9, 0xa6, 0xe6, 0x88, 0x96, 0xe6, 0xa0, 0xb8, 0xe5, 0xbf
.byte 0x83, 0x20, 0x4c, 0x4c, 0x4d, 0x20, 0xe8, 0xae, 0xbe, 0xe7, 0xbd, 0xae, 0xe5, 0x90, 0x8e, 0xe8
.byte 0xaf, 0xb7, 0xe9, 0x87, 0x8d, 0xe5, 0x90, 0xaf, 0xe8, 0xae, 0xbe, 0xe5, 0xa4, 0x87, 0xe3, 0x80
.byte 0x82, 0x22, 0x2c, 0x0d, 0x0a, 0x0d, 0x0a, 0x20, 0x20, 0x20, 0x20, 0x66, 0x69, 0x6c, 0x65, 0x52
.byte 0x65, 0x66, 0x72, 0x65, 0x73, 0x68, 0x3a, 0x20, 0x22, 0xe5, 0x88, 0xb7, 0xe6, 0x96, 0xb0, 0x22
.byte 0x2c, 0x0d, 0x0a, 0x20, 0x20, 0x20, 0x20, 0x66, 0x69, 0x6c, 0x65, 0x55, 0x70, 0x44, 0x69, 0x72
.byte 0x3a, 0x20, 0x22, 0xe8, 0xbf, 0x94, 0xe5, 0x9b, 0x9e, 0xe4, 0xb8, 0x8a, 0xe7, 0xba, 0xa7, 0x22
.byte 0x2c, 0x0d, 0x0a, 0x20, 0x20, 0x20, 0x20, 0x66, 0x69, 0x6c, 0x65, 0x4e, 0x65, 0x77, 0x46, 0x6f
.byte 0x6c, 0x64, 0x65, 0x72, 0x3a, 0x20, 0x22, 0xe6, 0x96, 0xb0, 0xe6, 0x96, 0x87, 0xe4, 0xbb, 0xb6
.byte 0xe5, 0xa4, 0xb9, 0xe5, 0x90, 0x8d, 0xe7, 0xa7, 0xb0, 0x22, 0x2c, 0x0d, 0x0a, 0x20, 0x20, 0x20
.byte 0x20, 0x66, 0x69, 0x6c, 0x65, 0x43, 0x72, 0x65, 0x61, 0x74, 0x65, 0x46, 0x6f, 0x6c, 0x64, 0x65
.byte 0x72, 0x3a, 0x20, 0x22, 0xe5, 0x88, 0x9b, 0xe5, 0xbb, 0xba, 0xe6, 0x96, 0x87, 0xe4, 0xbb, 0xb6
.byte 0xe5, 0xa4, 0xb9, 0x22, 0x2c, 0x0d, 0x0a, 0x20, 0x20, 0x20, 0x20, 0x66, 0x69, 0x6c, 0x65, 0x55
.byte 0x70, 0x6c, 0x6f, 0x61, 0x64, 0x50, 0x61, 0x74, 0x68, 0x3a, 0x20, 0x22, 0x2f, 0x65, 0x78, 0x61
.byte 0x6d, 0x70, 0x6c, 0x65, 0x2e, 0x74, 0x78, 0x74, 0x22, 0x2c, 0x0d, 0x0a, 0x20, 0x20, 0x20, 0x20
.byte 0x66, 0x69, 0x6c, 0x65, 0x43, 0x68, 0x6f, 0x6f, 0x73, 0x65, 0x3a, 0x20, 0x22, 0xe9, 0x80, 0x89
.byte 0xe6, 0x8b, 0xa9, 0xe6, 0x96, 0x87, 0xe4, 0xbb, 0xb6, 0x22, 0x2c, 0x0d, 0x0a, 0x20, 0x20, 0x20
.byte 0x20, 0x66, 0x69, 0x6c, 0x65, 0x4e, 0x6f, 0x46, 0x69, 0x6c, 0x65, 0x53, 0x65, 0x6c, 0x65, 0x63
.byte 0x74, 0x65, 0x64, 0x3a, 0x20, 0x22, 0xe6, 0x9c, 0xaa, 0xe9, 0x80, 0x89, 0xe6, 0x8b, 0xa9, 0xe6
.byte 0x96, 0x87, 0xe4, 0xbb, 0xb6, 0x22, 0x2c, 0x0d, 0x0a, 0x20, 0x20, 0x20, 0x20, 0x66, 0x69, 0x6c
.byte 0x65, 0x55, 0x70, 0x6c, 0x6f, 0x61, 0x64, 0x3a, 0x20, 0x22, 0xe4, 0xb8, 0x8a, 0xe4, 0xbc, 0xa0
.byte 0x22, 0x2c, 0x0d, 0x0a, 0x20, 0x20, 0x20, 0x20, 0x66, 0x69, 0x6c, 0x65, 0x43, 0x6f, 0x6c, 0x4e
.byte 0x61, 0x6d, 0x65, 0x3a, 0x20, 0x22, 0xe5, 0x90, 0x8d, 0xe7, 0xa7, 0xb0, 0x22, 0x2c, 0x0d, 0x0a
.byte 0x20, 0x20, 0x20, 0x20, 0x66, 0x69, 0x6c, 0x65, 0x43, 0x6f, 0x6c, 0x54, 0x79, 0x70, 0x65, 0x3a
.byte 0x20, 0x22, 0xe7, 0xb1, 0xbb, 0xe5, 0x9e, 0x8b, 0x22, 0x2c, 0x0d, 0x0a, 0x20, 0x20, 0x20, 0x20
.byte 0x66, 0x69, 0x6c, 0x65, 0x43, 0x6f, 0x6c, 0x53, 0x69, 0x7a, 0x65, 0x3a, 0x20, 0x22, 0xe5, 0xa4
.byte 0xa7, 0xe5, 0xb0, 0x8f, 0x22, 0x2c, 0x0d, 0x0a, 0x20, 0x20, 0x20, 0x20, 0x66, 0x69, 0x6c, 0x65
.byte 0x43, 0x6f, 0x6c, 0x41, 0x63, 0x74, 0x69, 0x6f, 0x6e, 0x73, 0x3a, 0x20, 0x22, 0xe6, 0x93, 0x8d
.byte 0xe4, 0xbd, 0x9c, 0x22, 0x2c, 0x0d, 0x0a, 0x20, 0x20, 0x20, 0x20, 0x66, 0x69, 0x6c, 0x65, 0x54
.byte 0x79, 0x70, 0x65, 0x46, 0x6f, 0x6c, 0x64, 0x65, 0x72, 0x3a, 0x20, 0x22, 0xe6, 0x96, 0x87, 0xe4
.byte 0xbb, 0xb6, 0xe5, 0xa4, 0xb9, 0x22, 0x2c, 0x0d, 0x0a, 0x20, 0x20, 0x20, 0x20, 0x66, 0x69, 0x6c
.byte 0x65, 0x54, 0x79, 0x70, 0x65, 0x46, 0x69, 0x6c, 0x65, 0x3a, 0x20, 0x22, 0xe6, 0x96, 0x87, 0xe4
.byte 0xbb, 0xb6, 0x22, 0x2c, 0x0d, 0x0a, 0x20, 0x20, 0x20, 0x20, 0x66, 0x69, 0x6c, 0x65, 0x45, 0x6d
.byte 0x70, 0x74, 0x79, 0x3a, 0x20, 0x22, 0xe6, 0xad, 0xa4, 0xe6, 0x96, 0x87, 0xe4, 0xbb, 0xb6, 0xe5
.byte 0xa4, 0xb9, 0xe4, 0xb8, 0xba, 0xe7, 0xa9, 0xba, 0xe3, 0x80, 0x82, 0x22, 0x2c, 0x0d, 0x0a, 0x20
.byte 0x20, 0x20, 0x20, 0x66, 0x69, 0x6c, 0x65, 0x4f, 0x70, 0x65, 0x6e, 0x3a, 0x20, 0x22, 0xe6, 0x89
.byte 0x93, 0xe5, 0xbc, 0x80, 0x22, 0x2c, 0x0d, 0x0a, 0x20, 0x20, 0x20, 0x20, 0x66, 0x69, 0x6c, 0x65
.byte 0x45, 0x64, 0x69, 0x74, 0x3a, 0x20, 0x22, 0xe7, 0xbc, 0x96, 0xe8, 0xbe, 0x91, 0x22, 0x2c, 0x0d
.byte 0x0a, 0x20, 0x20, 0x20, 0x20, 0x66, 0x69, 0x6c, 0x65, 0x50, 0x72, 0x65, 0x76, 0x69, 0x65, 0x77
.byte 0x3a, 0x20, 0x22, 0xe9, 0xa2, 0x84, 0xe8, 0xa7, 0x88, 0x22, 0x2c, 0x0d, 0x0a, 0x20, 0x20, 0x20
.byte 0x20, 0x66, 0x69, 0x6c, 0x65, 0x44, 0x6f, 0x77, 0x6e, 0x6c, 0x6f, 0x61, 0x64, 0x3a, 0x20, 0x22
.byte 0xe4, 0xb8, 0x8b, 0xe8, 0xbd, 0xbd, 0x22, 0x2c, 0x0d, 0x0a, 0x20, 0x20, 0x20, 0x20, 0x66, 0x69
.byte 0x6c, 0x65, 0x44, 0x65, 0x6c, 0x65, 0x74, 0x65, 0x3a, 0x20, 0x22, 0xe5, 0x88, 0xa0, 0xe9, 0x99
.byte 0xa4, 0x22, 0x2c, 0x0d, 0x0a, 0x20, 0x20, 0x20, 0x20, 0x66, 0x69, 0x6c, 0x65, 0x44, 0x65, 0x76
.byte 0x4d, 0x6f, 0x64, 0x65, 0x3a, 0x20, 0x22, 0xe5, 0xbc, 0x80, 0xe5, 0x8f, 0x91, 0xe8, 0x80, 0x85
.byte 0xe6, 0xa8, 0xa1, 0xe5, 0xbc, 0x8f, 0x22, 0x2c, 0x0d, 0x0a, 0x20, 0x20, 0x20, 0x20, 0x66, 0x69
.byte 0x6c, 0x65, 0x44, 0x65, 0x76, 0x4d, 0x6f, 0x64, 0x65, 0x52, 0x65, 0x71, 0x75, 0x69, 0x72, 0x65
.byte 0x64, 0x3a, 0x20, 0x22, 0xe8, 0xaf, 0xb7, 0xe5, 0x85, 0x88, 0xe5, 0x90, 0xaf, 0xe7, 0x94, 0xa8
.byte 0xe5, 0xbc, 0x80, 0xe5, 0x8f, 0x91, 0xe8, 0x80, 0x85, 0xe6, 0xa8, 0xa1, 0xe5, 0xbc, 0x8f, 0xe5
.byte 0x86, 0x8d, 0xe4, 0xbf, 0xae, 0xe6, 0x94, 0xb9, 0xe6, 0x96, 0x87, 0xe4, 0xbb, 0xb6, 0xe3, 0x80
.byte 0x82, 0x22, 0x2c, 0x0d, 0x0a, 0x20, 0x20, 0x20, 0x20, 0x66, 0x69, 0x6c, 0x65, 0x44, 0x65, 0x76
.byte 0x4d, 0x6f, 0x64, 0x65, 0x43, 0x6f, 0x6e, 0x66, 0x69, 0x72, 0x6d, 0x3a, 0x0d, 0x0a, 0x20, 0x20
.byte 0x20, 0x20, 0x20, 0x20, 0x22, 0xe8, 0xbf, 0x9b, 0xe5, 0x85, 0xa5, 0xe5, 0xbc, 0x80, 0xe5, 0x8f
.byte 0x91, 0xe8, 0x80, 0x85, 0xe6, 0xa8, 0xa1, 0xe5, 0xbc, 0x8f, 0xe5, 0x90, 0x8e, 0xef, 0xbc, 0x8c
.byte 0xe4, 0xbd, 0xa0, 0xe5, 0x8f, 0xaf, 0xe4, 0xbb, 0xa5, 0xe4, 0xb8, 0x8a, 0xe4, 0xbc, 0xa0, 0xe3
.byte 0x80, 0x81, 0xe4, 0xbf, 0xae, 0xe6, 0x94, 0xb9, 0xe6, 0x88, 0x96, 0xe5, 0x88, 0xa0, 0xe9, 0x99
.byte 0xa4, 0xe6, 0x96, 0x87, 0xe4, 0xbb, 0xb6, 0xe3, 0x80, 0x82, 0xe4, 0xb8, 0x8d, 0xe6, 0xad, 0xa3
.byte 0xe7, 0xa1, 0xae, 0xe7, 0x9a, 0x84, 0xe5, 0xa2, 0x9e, 0xe5, 0x88, 0xa0, 0xe6, 0x94, 0xb9, 0xe5
.byte 0x8f, 0xaf, 0xe8, 0x83, 0xbd, 0xe5, 0xaf, 0xbc, 0xe8, 0x87, 0xb4, 0xe7, 0xb3, 0xbb, 0xe7, 0xbb
.byte 0x9f, 0xe6, 0x97, 0xa0, 0xe6, 0xb3, 0x95, 0xe6, 0xad, 0xa3, 0xe5, 0xb8, 0xb8, 0xe8, 0xbf, 0x90
.byte 0xe8, 0xa1, 0x8c, 0xe3, 0x80, 0x81, 0xe6, 0x97, 0xa0, 0xe9, 0x99, 0x90, 0xe9, 0x87, 0x8d, 0xe5
.byte 0x90, 0xaf, 0xe7, 0xad, 0x89, 0xe9, 0x97, 0xae, 0xe9, 0xa2, 0x98, 0xe3, 0x80, 0x82, 0xe8, 0xaf
.byte 0xb7, 0xe6, 0xb3, 0xa8, 0xe6, 0x84, 0x8f, 0xe5, 0x90, 0x88, 0xe7, 0x90, 0x86, 0xe4, 0xbf, 0xae
.byte 0xe6, 0x94, 0xb9, 0xe3, 0x80, 0x82, 0x22, 0x2c, 0x0d, 0x0a, 0x20, 0x20, 0x20, 0x20, 0x66, 0x69
.byte 0x6c, 0x65, 0x44, 0x65, 0x6c, 0x65, 0x74, 0x65, 0x43, 0x6f, 0x6e, 0x66, 0x69, 0x72, 0x6d, 0x3a
.byte 0x20, 0x22, 0xe7, 0xa1, 0xae, 0xe5, 0xae, 0x9a, 0xe5, 0x88, 0xa0, 0xe9, 0x99, 0xa4, 0x20, 0x7b
.byte 0x70, 0x61, 0x74, 0x68, 0x7d, 0xef, 0xbc, 0x9f, 0x22, 0x2c, 0x0d, 0x0a, 0x20, 0x20, 0x20, 0x20
.byte 0x66, 0x69, 0x6c, 0x65, 0x55, 0x70, 0x6c, 0x6f, 0x61, 0x64, 0x43, 0x6f, 0x6d, 0x70, 0x6c, 0x65
.byte 0x74, 0x65, 0x3a, 0x20, 0x22, 0xe4, 0xb8, 0x8a, 0xe4, 0xbc, 0xa0, 0xe5, 0xae, 0x8c, 0xe6, 0x88
.byte 0x90, 0x22, 0x2c, 0x0d, 0x0a, 0x20, 0x20, 0x20, 0x20, 0x66, 0x69, 0x6c, 0x65, 0x46, 0x6f, 0x6c
.byte 0x64, 0x65, 0x72, 0x43, 0x72, 0x65, 0x61, 0x74, 0x65, 0x64, 0x3a, 0x20, 0x22, 0xe6, 0x96, 0x87
.byte 0xe4, 0xbb, 0xb6, 0xe5, 0xa4, 0xb9, 0xe5, 0xb7, 0xb2, 0xe5, 0x88, 0x9b, 0xe5, 0xbb, 0xba, 0x22
.byte 0x2c, 0x0d, 0x0a, 0x20, 0x20, 0x20, 0x20, 0x66, 0x69, 0x6c, 0x65, 0x44, 0x65, 0x6c, 0x65, 0x74
.byte 0x65, 0x43, 0x6f, 0x6d, 0x70, 0x6c, 0x65, 0x74, 0x65, 0x3a, 0x20, 0x22, 0xe5, 0x88, 0xa0, 0xe9
.byte 0x99, 0xa4, 0xe5, 0xae, 0x8c, 0xe6, 0x88, 0x90, 0x22, 0x2c, 0x0d, 0x0a, 0x20, 0x20, 0x20, 0x20
.byte 0x66, 0x69, 0x6c, 0x65, 0x45, 0x64, 0x69, 0x74, 0x6f, 0x72, 0x54, 0x69, 0x74, 0x6c, 0x65, 0x3a
.byte 0x20, 0x22, 0xe7, 0xbc, 0x96, 0xe8, 0xbe, 0x91, 0xe6, 0x96, 0x87, 0xe4, 0xbb, 0xb6, 0x22, 0x2c
.byte 0x0d, 0x0a, 0x20, 0x20, 0x20, 0x20, 0x66, 0x69, 0x6c, 0x65, 0x45, 0x64, 0x69, 0x74, 0x6f, 0x72
.byte 0x52, 0x65, 0x66, 0x72, 0x65, 0x73, 0x68, 0x3a, 0x20, 0x22, 0xe5, 0x88, 0xb7, 0xe6, 0x96, 0xb0
.byte 0x22, 0x2c, 0x0d, 0x0a, 0x20, 0x20, 0x20, 0x20, 0x66, 0x69, 0x6c, 0x65, 0x45, 0x64, 0x69, 0x74
.byte 0x6f, 0x72, 0x43, 0x6c, 0x6f, 0x73, 0x65, 0x3a, 0x20, 0x22, 0xe9, 0x80, 0x80, 0xe5, 0x87, 0xba
.byte 0x22, 0x2c, 0x0d, 0x0a, 0x20, 0x20, 0x20, 0x20, 0x66, 0x69, 0x6c, 0x65, 0x45, 0x64, 0x69, 0x74
.byte 0x6f, 0x72, 0x53, 0x61, 0x76, 0x65, 0x3a, 0x20, 0x22, 0xe4, 0xbf, 0x9d, 0xe5, 0xad, 0x98, 0x22
.byte 0x2c, 0x0d, 0x0a, 0x20, 0x20, 0x20, 0x20, 0x66, 0x69, 0x6c, 0x65, 0x45, 0x64, 0x69, 0x74, 0x6f
.byte 0x72, 0x53, 0x61, 0x76, 0x65, 0x64, 0x3a, 0x20, 0x22, 0xe6, 0x96, 0x87, 0xe4, 0xbb, 0xb6, 0xe5
.byte 0xb7, 0xb2, 0xe4, 0xbf, 0x9d, 0xe5, 0xad, 0x98, 0x22, 0x2c, 0x0d, 0x0a, 0x20, 0x20, 0x20, 0x20
.byte 0x66, 0x69, 0x6c, 0x65, 0x45, 0x64, 0x69, 0x74, 0x6f, 0x72, 0x4c, 0x6f, 0x61, 0x64, 0x45, 0x72
.byte 0x72, 0x6f, 0x72, 0x3a, 0x20, 0x22, 0xe5, 0x8a, 0xa0, 0xe8, 0xbd, 0xbd, 0xe6, 0x96, 0x87, 0xe4
.byte 0xbb, 0xb6, 0xe5, 0xa4, 0xb1, 0xe8, 0xb4, 0xa5, 0x22, 0x2c, 0x0d, 0x0a, 0x20, 0x20, 0x20, 0x20
.byte 0x66, 0x69, 0x6c, 0x65, 0x45, 0x64, 0x69, 0x74, 0x6f, 0x72, 0x53, 0x61, 0x76, 0x65, 0x45, 0x72
.byte 0x72, 0x6f, 0x72, 0x3a, 0x20, 0x22, 0xe4, 0xbf, 0x9d, 0xe5, 0xad, 0x98, 0xe6, 0x96, 0x87, 0xe4
.byte 0xbb, 0xb6, 0xe5, 0xa4, 0xb1, 0xe8, 0xb4, 0xa5, 0x22, 0x2c, 0x0d, 0x0a, 0x20, 0x20, 0x20, 0x20
.byte 0x66, 0x69, 0x6c, 0x65, 0x53, 0x65, 0x6c, 0x65, 0x63, 0x74, 0x41, 0x6e, 0x64, 0x50, 0x61, 0x74
.byte 0x68, 0x3a, 0x20, 0x22, 0xe8, 0xaf, 0xb7, 0xe9, 0x80, 0x89, 0xe6, 0x8b, 0xa9, 0xe6, 0x96, 0x87
.byte 0xe4, 0xbb, 0xb6, 0xe5, 0xb9, 0xb6, 0xe6, 0x8f, 0x90, 0xe4, 0xbe, 0x9b, 0xe4, 0xbb, 0xa5, 0x20
.byte 0x2f, 0x20, 0xe5, 0xbc, 0x80, 0xe5, 0xa4, 0xb4, 0xe7, 0x9a, 0x84, 0xe7, 0x9b, 0xae, 0xe6, 0xa0
.byte 0x87, 0xe8, 0xb7, 0xaf, 0xe5, 0xbe, 0x84, 0xe3, 0x80, 0x82, 0x22, 0x2c, 0x0d, 0x0a, 0x20, 0x20
.byte 0x20, 0x20, 0x66, 0x69, 0x6c, 0x65, 0x46, 0x6f, 0x6c, 0x64, 0x65, 0x72, 0x4e, 0x61, 0x6d, 0x65
.byte 0x52, 0x65, 0x71, 0x75, 0x69, 0x72, 0x65, 0x64, 0x3a, 0x20, 0x22, 0xe8, 0xaf, 0xb7, 0xe8, 0xbe
.byte 0x93, 0xe5, 0x85, 0xa5, 0xe6, 0x96, 0x87, 0xe4, 0xbb, 0xb6, 0xe5, 0xa4, 0xb9, 0xe5, 0x90, 0x8d
.byte 0xe7, 0xa7, 0xb0, 0xe3, 0x80, 0x82, 0x22, 0x2c, 0x0d, 0x0a, 0x20, 0x20, 0x7d, 0x2c, 0x0d, 0x0a
.byte 0x7d, 0x3b, 0x0d, 0x0a, 0x0d, 0x0a, 0x2f, 0x2a, 0x20, 0xe2, 0x94, 0x80, 0xe2, 0x94, 0x80, 0x20
.byte 0x43, 0x75, 0x72, 0x72, 0x65, 0x6e, 0x74, 0x20, 0x6c, 0x61, 0x6e, 0x67, 0x75, 0x61, 0x67, 0x65
.byte 0x20, 0x26, 0x20, 0x64, 0x65, 0x76, 0x69, 0x63, 0x65, 0x20, 0x73, 0x74, 0x61, 0x74, 0x65, 0x20
.byte 0xe2, 0x94, 0x80, 0xe2, 0x94, 0x80, 0x20, 0x2a, 0x2f, 0x0d, 0x0a, 0x6c, 0x65, 0x74, 0x20, 0x63
.byte 0x75, 0x72, 0x72, 0x65, 0x6e, 0x74, 0x4c, 0x61, 0x6e, 0x67, 0x20, 0x3d, 0x20, 0x22, 0x65, 0x6e
.byte 0x22, 0x3b, 0x0d, 0x0a, 0x6c, 0x65, 0x74, 0x20, 0x77, 0x69, 0x66, 0x69, 0x43, 0x6f, 0x6e, 0x6e
.byte 0x65, 0x63, 0x74, 0x65, 0x64, 0x20, 0x3d, 0x20, 0x6e, 0x75, 0x6c, 0x6c, 0x3b, 0x20, 0x2f, 0x2f
.byte 0x20, 0x6e, 0x75, 0x6c, 0x6c, 0x20, 0x3d, 0x20, 0x75, 0x6e, 0x6b, 0x6e, 0x6f, 0x77, 0x6e, 0x2f
.byte 0x6c, 0x6f, 0x61, 0x64, 0x69, 0x6e, 0x67, 0x2c, 0x20, 0x74, 0x72, 0x75, 0x65, 0x2f, 0x66, 0x61
.byte 0x6c, 0x73, 0x65, 0x20, 0x3d, 0x20, 0x66, 0x65, 0x74, 0x63, 0x68, 0x65, 0x64, 0x0d, 0x0a, 0x0d
.byte 0x0a, 0x66, 0x75, 0x6e, 0x63, 0x74, 0x69, 0x6f, 0x6e, 0x20, 0x74, 0x28, 0x6b, 0x65, 0x79, 0x29
.byte 0x20, 0x7b, 0x0d, 0x0a, 0x20, 0x20, 0x63, 0x6f, 0x6e, 0x73, 0x74, 0x20, 0x74, 0x61, 0x62, 0x6c
.byte 0x65, 0x20, 0x3d, 0x20, 0x73, 0x74, 0x72, 0x69, 0x6e, 0x67, 0x73, 0x5b, 0x63, 0x75, 0x72, 0x72
.byte 0x65, 0x6e, 0x74, 0x4c, 0x61, 0x6e, 0x67, 0x5d, 0x20, 0x7c, 0x7c, 0x20, 0x73, 0x74, 0x72, 0x69
.byte 0x6e, 0x67, 0x73, 0x5b, 0x22, 0x65, 0x6e, 0x22, 0x5d, 0x3b, 0x0d, 0x0a, 0x20, 0x20, 0x72, 0x65
.byte 0x74, 0x75, 0x72, 0x6e, 0x20, 0x74, 0x61, 0x62, 0x6c, 0x65, 0x5b, 0x6b, 0x65, 0x79, 0x5d, 0x20
.byte 0x3f, 0x3f, 0x20, 0x28, 0x73, 0x74, 0x72, 0x69, 0x6e, 0x67, 0x73, 0x5b, 0x22, 0x65, 0x6e, 0x22
.byte 0x5d, 0x5b, 0x6b, 0x65, 0x79, 0x5d, 0x20, 0x7c, 0x7c, 0x20, 0x6b, 0x65, 0x79, 0x29, 0x3b, 0x0d
.byte 0x0a, 0x7d, 0x0d, 0x0a, 0x0d, 0x0a, 0x66, 0x75, 0x6e, 0x63, 0x74, 0x69, 0x6f, 0x6e, 0x20, 0x64
.byte 0x65, 0x74, 0x65, 0x63, 0x74, 0x4c, 0x61, 0x6e, 0x67, 0x28, 0x29, 0x20, 0x7b, 0x0d, 0x0a, 0x20
.byte 0x20, 0x63, 0x6f, 0x6e, 0x73, 0x74, 0x20, 0x70, 0x61, 0x72, 0x61, 0x6d, 0x73, 0x20, 0x3d, 0x20
.byte 0x6e, 0x65, 0x77, 0x20, 0x55, 0x52, 0x4c, 0x53, 0x65, 0x61, 0x72, 0x63, 0x68, 0x50, 0x61, 0x72
.byte 0x61, 0x6d, 0x73, 0x28, 0x77, 0x69, 0x6e, 0x64, 0x6f, 0x77, 0x2e, 0x6c, 0x6f, 0x63, 0x61, 0x74
.byte 0x69, 0x6f, 0x6e, 0x2e, 0x73, 0x65, 0x61, 0x72, 0x63, 0x68, 0x29, 0x3b, 0x0d, 0x0a, 0x20, 0x20
.byte 0x63, 0x6f, 0x6e, 0x73, 0x74, 0x20, 0x66, 0x72, 0x6f, 0x6d, 0x55, 0x72, 0x6c, 0x20, 0x3d, 0x20
.byte 0x70, 0x61, 0x72, 0x61, 0x6d, 0x73, 0x2e, 0x67, 0x65, 0x74, 0x28, 0x22, 0x6c, 0x61, 0x6e, 0x67
.byte 0x22, 0x29, 0x3b, 0x0d, 0x0a, 0x20, 0x20, 0x69, 0x66, 0x20, 0x28, 0x66, 0x72, 0x6f, 0x6d, 0x55
.byte 0x72, 0x6c, 0x20, 0x26, 0x26, 0x20, 0x73, 0x74, 0x72, 0x69, 0x6e, 0x67, 0x73, 0x5b, 0x66, 0x72
.byte 0x6f, 0x6d, 0x55, 0x72, 0x6c, 0x5d, 0x29, 0x20, 0x72, 0x65, 0x74, 0x75, 0x72, 0x6e, 0x20, 0x66
.byte 0x72, 0x6f, 0x6d, 0x55, 0x72, 0x6c, 0x3b, 0x0d, 0x0a, 0x0d, 0x0a, 0x20, 0x20, 0x63, 0x6f, 0x6e
.byte 0x73, 0x74, 0x20, 0x73, 0x61, 0x76, 0x65, 0x64, 0x20, 0x3d, 0x20, 0x6c, 0x6f, 0x63, 0x61, 0x6c
.byte 0x53, 0x74, 0x6f, 0x72, 0x61, 0x67, 0x65, 0x2e, 0x67, 0x65, 0x74, 0x49, 0x74, 0x65, 0x6d, 0x28
.byte 0x22, 0x65, 0x73, 0x70, 0x2d, 0x63, 0x6c, 0x61, 0x77, 0x2d, 0x6c, 0x61, 0x6e, 0x67, 0x22, 0x29
.byte 0x3b, 0x0d, 0x0a, 0x20, 0x20, 0x69, 0x66, 0x20, 0x28, 0x73, 0x61, 0x76, 0x65, 0x64, 0x20, 0x26
.byte 0x26, 0x20, 0x73, 0x74, 0x72, 0x69, 0x6e, 0x67, 0x73, 0x5b, 0x73, 0x61, 0x76, 0x65, 0x64, 0x5d
.byte 0x29, 0x20, 0x72, 0x65, 0x74, 0x75, 0x72, 0x6e, 0x20, 0x73, 0x61, 0x76, 0x65, 0x64, 0x3b, 0x0d
.byte 0x0a, 0x0d, 0x0a, 0x20, 0x20, 0x63, 0x6f, 0x6e, 0x73, 0x74, 0x20, 0x6e, 0x61, 0x76, 0x20, 0x3d
.byte 0x20, 0x28, 0x6e, 0x61, 0x76, 0x69, 0x67, 0x61, 0x74, 0x6f, 0x72, 0x2e, 0x6c, 0x61, 0x6e, 0x67
.byte 0x75, 0x61, 0x67, 0x65, 0x20, 0x7c, 0x7c, 0x20, 0x22, 0x22, 0x29, 0x2e, 0x74, 0x6f, 0x4c, 0x6f
.byte 0x77, 0x65, 0x72, 0x43, 0x61, 0x73, 0x65, 0x28, 0x29, 0x3b, 0x0d, 0x0a, 0x20, 0x20, 0x69, 0x66
.byte 0x20, 0x28, 0x6e, 0x61, 0x76, 0x2e, 0x73, 0x74, 0x61, 0x72, 0x74, 0x73, 0x57, 0x69, 0x74, 0x68
.byte 0x28, 0x22, 0x7a, 0x68, 0x22, 0x29, 0x29, 0x20, 0x72, 0x65, 0x74, 0x75, 0x72, 0x6e, 0x20, 0x22
.byte 0x7a, 0x68, 0x2d, 0x63, 0x6e, 0x22, 0x3b, 0x0d, 0x0a, 0x20, 0x20, 0x72, 0x65, 0x74, 0x75, 0x72
.byte 0x6e, 0x20, 0x22, 0x65, 0x6e, 0x22, 0x3b, 0x0d, 0x0a, 0x7d, 0x0d, 0x0a, 0x0d, 0x0a, 0x66, 0x75
.byte 0x6e, 0x63, 0x74, 0x69, 0x6f, 0x6e, 0x20, 0x61, 0x70, 0x70, 0x6c, 0x79, 0x49, 0x31, 0x38, 0x6e
.byte 0x28, 0x29, 0x20, 0x7b, 0x0d, 0x0a, 0x20, 0x20, 0x64, 0x6f, 0x63, 0x75, 0x6d, 0x65, 0x6e, 0x74
.byte 0x2e, 0x71, 0x75, 0x65, 0x72, 0x79, 0x53, 0x65, 0x6c, 0x65, 0x63, 0x74, 0x6f, 0x72, 0x41, 0x6c
.byte 0x6c, 0x28, 0x22, 0x5b, 0x64, 0x61, 0x74, 0x61, 0x2d, 0x69, 0x31, 0x38, 0x6e, 0x5d, 0x22, 0x29
.byte 0x2e, 0x66, 0x6f, 0x72, 0x45, 0x61, 0x63, 0x68, 0x28, 0x28, 0x65, 0x6c, 0x29, 0x20, 0x3d, 0x3e
.byte 0x20, 0x7b, 0x0d, 0x0a, 0x20, 0x20, 0x20, 0x20, 0x65, 0x6c, 0x2e, 0x74, 0x65, 0x78, 0x74, 0x43
.byte 0x6f, 0x6e, 0x74, 0x65, 0x6e, 0x74, 0x20, 0x3d, 0x20, 0x74, 0x28, 0x65, 0x6c, 0x2e, 0x64, 0x61
.byte 0x74, 0x61, 0x73, 0x65, 0x74, 0x2e, 0x69, 0x31, 0x38, 0x6e, 0x29, 0x3b, 0x0d, 0x0a, 0x20, 0x20
.byte 0x7d, 0x29, 0x3b, 0x0d, 0x0a, 0x20, 0x20, 0x64, 0x6f, 0x63, 0x75, 0x6d, 0x65, 0x6e, 0x74, 0x2e
.byte 0x71, 0x75, 0x65, 0x72, 0x79, 0x53, 0x65, 0x6c, 0x65, 0x63, 0x74, 0x6f, 0x72, 0x41, 0x6c, 0x6c
.byte 0x28, 0x22, 0x5b, 0x64, 0x61, 0x74, 0x61, 0x2d, 0x69, 0x31, 0x38, 0x6e, 0x2d, 0x70, 0x6c, 0x61
.byte 0x63, 0x65, 0x68, 0x6f, 0x6c, 0x64, 0x65, 0x72, 0x5d, 0x22, 0x29, 0x2e, 0x66, 0x6f, 0x72, 0x45
.byte 0x61, 0x63, 0x68, 0x28, 0x28, 0x65, 0x6c, 0x29, 0x20, 0x3d, 0x3e, 0x20, 0x7b, 0x0d, 0x0a, 0x20
.byte 0x20, 0x20, 0x20, 0x65, 0x6c, 0x2e, 0x70, 0x6c, 0x61, 0x63, 0x65, 0x68, 0x6f, 0x6c, 0x64, 0x65
.byte 0x72, 0x20, 0x3d, 0x20, 0x74, 0x28, 0x65, 0x6c, 0x2e, 0x64, 0x61, 0x74, 0x61, 0x73, 0x65, 0x74
.byte 0x2e, 0x69, 0x31, 0x38, 0x6e, 0x50, 0x6c, 0x61, 0x63, 0x65, 0x68, 0x6f, 0x6c, 0x64, 0x65, 0x72
.byte 0x29, 0x3b, 0x0d, 0x0a, 0x20, 0x20, 0x7d, 0x29, 0x3b, 0x0d, 0x0a, 0x20, 0x20, 0x64, 0x6f, 0x63
.byte 0x75, 0x6d, 0x65, 0x6e, 0x74, 0x2e, 0x71, 0x75, 0x65, 0x72, 0x79, 0x53, 0x65, 0x6c, 0x65, 0x63
.byte 0x74, 0x6f, 0x72, 0x41, 0x6c, 0x6c, 0x28, 0x22, 0x5b, 0x64, 0x61, 0x74, 0x61, 0x2d, 0x69, 0x31
.byte 0x38, 0x6e, 0x2d, 0x74, 0x69, 0x74, 0x6c, 0x65, 0x5d, 0x22, 0x29, 0x2e, 0x66, 0x6f, 0x72, 0x45
.byte 0x61, 0x63, 0x68, 0x28, 0x28, 0x65, 0x6c, 0x29, 0x20, 0x3d, 0x3e, 0x20, 0x7b, 0x0d, 0x0a, 0x20
.byte 0x20, 0x20, 0x20, 0x64, 0x6f, 0x63, 0x75, 0x6d, 0x65, 0x6e, 0x74, 0x2e, 0x74, 0x69, 0x74, 0x6c
.byte 0x65, 0x20, 0x3d, 0x20, 0x74, 0x28, 0x65, 0x6c, 0x2e, 0x64, 0x61, 0x74, 0x61, 0x73, 0x65, 0x74
.byte 0x2e, 0x69, 0x31, 0x38, 0x6e, 0x54, 0x69, 0x74, 0x6c, 0x65, 0x29, 0x3b, 0x0d, 0x0a, 0x20, 0x20
.byte 0x7d, 0x29, 0x3b, 0x0d, 0x0a, 0x20, 0x20, 0x64, 0x6f, 0x63, 0x75, 0x6d, 0x65, 0x6e, 0x74, 0x2e
.byte 0x71, 0x75, 0x65, 0x72, 0x79, 0x53, 0x65, 0x6c, 0x65, 0x63, 0x74, 0x6f, 0x72, 0x41, 0x6c, 0x6c
.byte 0x28, 0x22, 0x5b, 0x64, 0x61, 0x74, 0x61, 0x2d, 0x69, 0x31, 0x38, 0x6e, 0x2d, 0x6f, 0x70, 0x74
.byte 0x69, 0x6f, 0x6e, 0x5d, 0x22, 0x29, 0x2e, 0x66, 0x6f, 0x72, 0x45, 0x61, 0x63, 0x68, 0x28, 0x28
.byte 0x65, 0x6c, 0x29, 0x20, 0x3d, 0x3e, 0x20, 0x7b, 0x0d, 0x0a, 0x20, 0x20, 0x20, 0x20, 0x65, 0x6c
.byte 0x2e, 0x74, 0x65, 0x78, 0x74, 0x43, 0x6f, 0x6e, 0x74, 0x65, 0x6e, 0x74, 0x20, 0x3d, 0x20, 0x74
.byte 0x28, 0x65, 0x6c, 0x2e, 0x64, 0x61, 0x74, 0x61, 0x73, 0x65, 0x74, 0x2e, 0x69, 0x31, 0x38, 0x6e
.byte 0x4f, 0x70, 0x74, 0x69, 0x6f, 0x6e, 0x29, 0x3b, 0x0d, 0x0a, 0x20, 0x20, 0x7d, 0x29, 0x3b, 0x0d
.byte 0x0a, 0x20, 0x20, 0x64, 0x6f, 0x63, 0x75, 0x6d, 0x65, 0x6e, 0x74, 0x2e, 0x64, 0x6f, 0x63, 0x75
.byte 0x6d, 0x65, 0x6e, 0x74, 0x45, 0x6c, 0x65, 0x6d, 0x65, 0x6e, 0x74, 0x2e, 0x6c, 0x61, 0x6e, 0x67
.byte 0x20, 0x3d, 0x20, 0x63, 0x75, 0x72, 0x72, 0x65, 0x6e, 0x74, 0x4c, 0x61, 0x6e, 0x67, 0x20, 0x3d
.byte 0x3d, 0x3d, 0x20, 0x22, 0x7a, 0x68, 0x2d, 0x63, 0x6e, 0x22, 0x20, 0x3f, 0x20, 0x22, 0x7a, 0x68
.byte 0x2d, 0x43, 0x4e, 0x22, 0x20, 0x3a, 0x20, 0x22, 0x65, 0x6e, 0x22, 0x3b, 0x0d, 0x0a, 0x20, 0x20
.byte 0x64, 0x6f, 0x63, 0x75, 0x6d, 0x65, 0x6e, 0x74, 0x2e, 0x74, 0x69, 0x74, 0x6c, 0x65, 0x20, 0x3d
.byte 0x20, 0x74, 0x28, 0x22, 0x64, 0x6f, 0x63, 0x54, 0x69, 0x74, 0x6c, 0x65, 0x22, 0x29, 0x3b, 0x0d
.byte 0x0a, 0x20, 0x20, 0x72, 0x65, 0x66, 0x72, 0x65, 0x73, 0x68, 0x53, 0x74, 0x61, 0x74, 0x75, 0x73
.byte 0x54, 0x65, 0x78, 0x74, 0x28, 0x29, 0x3b, 0x0d, 0x0a, 0x7d, 0x0d, 0x0a, 0x0d, 0x0a, 0x66, 0x75
.byte 0x6e, 0x63, 0x74, 0x69, 0x6f, 0x6e, 0x20, 0x72, 0x65, 0x66, 0x72, 0x65, 0x73, 0x68, 0x53, 0x74
.byte 0x61, 0x74, 0x75, 0x73, 0x54, 0x65, 0x78, 0x74, 0x28, 0x29, 0x20, 0x7b, 0x0d, 0x0a, 0x20, 0x20
.byte 0x63, 0x6f, 0x6e, 0x73, 0x74, 0x20, 0x65, 0x6c, 0x20, 0x3d, 0x20, 0x64, 0x6f, 0x63, 0x75, 0x6d
.byte 0x65, 0x6e, 0x74, 0x2e, 0x67, 0x65, 0x74, 0x45, 0x6c, 0x65, 0x6d, 0x65, 0x6e, 0x74, 0x42, 0x79
.byte 0x49, 0x64, 0x28, 0x22, 0x73, 0x74, 0x61, 0x74, 0x75, 0x73, 0x2d, 0x74, 0x65, 0x78, 0x74, 0x22
.byte 0x29, 0x3b, 0x0d, 0x0a, 0x20, 0x20, 0x69, 0x66, 0x20, 0x28, 0x77, 0x69, 0x66, 0x69, 0x43, 0x6f
.byte 0x6e, 0x6e, 0x65, 0x63, 0x74, 0x65, 0x64, 0x20, 0x3d, 0x3d, 0x3d, 0x20, 0x6e, 0x75, 0x6c, 0x6c
.byte 0x29, 0x20, 0x7b, 0x0d, 0x0a, 0x20, 0x20, 0x20, 0x20, 0x65, 0x6c, 0x2e, 0x74, 0x65, 0x78, 0x74
.byte 0x43, 0x6f, 0x6e, 0x74, 0x65, 0x6e, 0x74, 0x20, 0x3d, 0x20, 0x74, 0x28, 0x22, 0x73, 0x74, 0x61
.byte 0x74, 0x75, 0x73, 0x4c, 0x6f, 0x61, 0x64, 0x69, 0x6e, 0x67, 0x22, 0x29, 0x3b, 0x0d, 0x0a, 0x20
.byte 0x20, 0x7d, 0x20, 0x65, 0x6c, 0x73, 0x65, 0x20, 0x7b, 0x0d, 0x0a, 0x20, 0x20, 0x20, 0x20, 0x65
.byte 0x6c, 0x2e, 0x74, 0x65, 0x78, 0x74, 0x43, 0x6f, 0x6e, 0x74, 0x65, 0x6e, 0x74, 0x20, 0x3d, 0x20
.byte 0x77, 0x69, 0x66, 0x69, 0x43, 0x6f, 0x6e, 0x6e, 0x65, 0x63, 0x74, 0x65, 0x64, 0x20, 0x3f, 0x20
.byte 0x74, 0x28, 0x22, 0x73, 0x74, 0x61, 0x74, 0x75, 0x73, 0x4f, 0x6e, 0x6c, 0x69, 0x6e, 0x65, 0x22
.byte 0x29, 0x20, 0x3a, 0x20, 0x74, 0x28, 0x22, 0x73, 0x74, 0x61, 0x74, 0x75, 0x73, 0x4f, 0x66, 0x66
.byte 0x6c, 0x69, 0x6e, 0x65, 0x22, 0x29, 0x3b, 0x0d, 0x0a, 0x20, 0x20, 0x7d, 0x0d, 0x0a, 0x7d, 0x0d
.byte 0x0a, 0x0d, 0x0a, 0x66, 0x75, 0x6e, 0x63, 0x74, 0x69, 0x6f, 0x6e, 0x20, 0x62, 0x75, 0x69, 0x6c
.byte 0x64, 0x4c, 0x6f, 0x63, 0x61, 0x6c, 0x65, 0x4d, 0x65, 0x6e, 0x75, 0x28, 0x29, 0x20, 0x7b, 0x0d
.byte 0x0a, 0x20, 0x20, 0x63, 0x6f, 0x6e, 0x73, 0x74, 0x20, 0x6d, 0x65, 0x6e, 0x75, 0x20, 0x3d, 0x20
.byte 0x64, 0x6f, 0x63, 0x75, 0x6d, 0x65, 0x6e, 0x74, 0x2e, 0x67, 0x65, 0x74, 0x45, 0x6c, 0x65, 0x6d
.byte 0x65, 0x6e, 0x74, 0x42, 0x79, 0x49, 0x64, 0x28, 0x22, 0x6c, 0x6f, 0x63, 0x61, 0x6c, 0x65, 0x2d
.byte 0x6d, 0x65, 0x6e, 0x75, 0x22, 0x29, 0x3b, 0x0d, 0x0a, 0x20, 0x20, 0x6d, 0x65, 0x6e, 0x75, 0x2e
.byte 0x69, 0x6e, 0x6e, 0x65, 0x72, 0x48, 0x54, 0x4d, 0x4c, 0x20, 0x3d, 0x20, 0x22, 0x22, 0x3b, 0x0d
.byte 0x0a, 0x20, 0x20, 0x4c, 0x4f, 0x43, 0x41, 0x4c, 0x45, 0x53, 0x2e, 0x66, 0x6f, 0x72, 0x45, 0x61
.byte 0x63, 0x68, 0x28, 0x28, 0x6c, 0x6f, 0x63, 0x29, 0x20, 0x3d, 0x3e, 0x20, 0x7b, 0x0d, 0x0a, 0x20
.byte 0x20, 0x20, 0x20, 0x63, 0x6f, 0x6e, 0x73, 0x74, 0x20, 0x6c, 0x69, 0x20, 0x3d, 0x20, 0x64, 0x6f
.byte 0x63, 0x75, 0x6d, 0x65, 0x6e, 0x74, 0x2e, 0x63, 0x72, 0x65, 0x61, 0x74, 0x65, 0x45, 0x6c, 0x65
.byte 0x6d, 0x65, 0x6e, 0x74, 0x28, 0x22, 0x6c, 0x69, 0x22, 0x29, 0x3b, 0x0d, 0x0a, 0x20, 0x20, 0x20
.byte 0x20, 0x63, 0x6f, 0x6e, 0x73, 0x74, 0x20, 0x61, 0x20, 0x3d, 0x20, 0x64, 0x6f, 0x63, 0x75, 0x6d
.byte 0x65, 0x6e, 0x74, 0x2e, 0x63, 0x72, 0x65, 0x61, 0x74, 0x65, 0x45, 0x6c, 0x65, 0x6d, 0x65, 0x6e
.byte 0x74, 0x28, 0x22, 0x61, 0x22, 0x29, 0x3b, 0x0d, 0x0a, 0x20, 0x20, 0x20, 0x20, 0x61, 0x2e, 0x74
.byte 0x65, 0x78, 0x74, 0x43, 0x6f, 0x6e, 0x74, 0x65, 0x6e, 0x74, 0x20, 0x3d, 0x20, 0x6c, 0x6f, 0x63
.byte 0x2e, 0x6c, 0x61, 0x62, 0x65, 0x6c, 0x3b, 0x0d, 0x0a, 0x20, 0x20, 0x20, 0x20, 0x61, 0x2e, 0x68
.byte 0x72, 0x65, 0x66, 0x20, 0x3d, 0x20, 0x22, 0x23, 0x22, 0x3b, 0x0d, 0x0a, 0x20, 0x20, 0x20, 0x20
.byte 0x61, 0x2e, 0x73, 0x65, 0x74, 0x41, 0x74, 0x74, 0x72, 0x69, 0x62, 0x75, 0x74, 0x65, 0x28, 0x22
.byte 0x64, 0x61, 0x74, 0x61, 0x2d, 0x6c, 0x61, 0x6e, 0x67, 0x22, 0x2c, 0x20, 0x6c, 0x6f, 0x63, 0x2e
.byte 0x69, 0x64, 0x29, 0x3b, 0x0d, 0x0a, 0x20, 0x20, 0x20, 0x20, 0x69, 0x66, 0x20, 0x28, 0x6c, 0x6f
.byte 0x63, 0x2e, 0x69, 0x64, 0x20, 0x3d, 0x3d, 0x3d, 0x20, 0x63, 0x75, 0x72, 0x72, 0x65, 0x6e, 0x74
.byte 0x4c, 0x61, 0x6e, 0x67, 0x29, 0x20, 0x61, 0x2e, 0x63, 0x6c, 0x61, 0x73, 0x73, 0x4c, 0x69, 0x73
.byte 0x74, 0x2e, 0x61, 0x64, 0x64, 0x28, 0x22, 0x69, 0x73, 0x2d, 0x63, 0x75, 0x72, 0x72, 0x65, 0x6e
.byte 0x74, 0x22, 0x29, 0x3b, 0x0d, 0x0a, 0x20, 0x20, 0x20, 0x20, 0x61, 0x2e, 0x61, 0x64, 0x64, 0x45
.byte 0x76, 0x65, 0x6e, 0x74, 0x4c, 0x69, 0x73, 0x74, 0x65, 0x6e, 0x65, 0x72, 0x28, 0x22, 0x63, 0x6c
.byte 0x69, 0x63, 0x6b, 0x22, 0x2c, 0x20, 0x28, 0x65, 0x29, 0x20, 0x3d, 0x3e, 0x20, 0x7b, 0x0d, 0x0a
.byte 0x20, 0x20, 0x20, 0x20, 0x20, 0x20, 0x65, 0x2e, 0x70, 0x72, 0x65, 0x76, 0x65, 0x6e, 0x74, 0x44
.byte 0x65, 0x66, 0x61, 0x75, 0x6c, 0x74, 0x28, 0x29, 0x3b, 0x0d, 0x0a, 0x20, 0x20, 0x20, 0x20, 0x20
.byte 0x20, 0x73, 0x65, 0x74, 0x4c, 0x61, 0x6e, 0x67, 0x28, 0x6c, 0x6f, 0x63, 0x2e, 0x69, 0x64, 0x29
.byte 0x3b, 0x0d, 0x0a, 0x20, 0x20, 0x20, 0x20, 0x20, 0x20, 0x64, 0x6f, 0x63, 0x75, 0x6d, 0x65, 0x6e
.byte 0x74, 0x2e, 0x67, 0x65, 0x74, 0x45, 0x6c, 0x65, 0x6d, 0x65, 0x6e, 0x74, 0x42, 0x79, 0x49, 0x64
.byte 0x28, 0x22, 0x6c, 0x61, 0x6e, 0x67, 0x2d, 0x73, 0x77, 0x69, 0x74, 0x63, 0x68, 0x65, 0x72, 0x22
.byte 0x29, 0x2e, 0x72, 0x65, 0x6d, 0x6f, 0x76, 0x65, 0x41, 0x74, 0x74, 0x72, 0x69, 0x62, 0x75, 0x74
.byte 0x65, 0x28, 0x22, 0x6f, 0x70, 0x65, 0x6e, 0x22, 0x29, 0x3b, 0x0d, 0x0a, 0x20, 0x20, 0x20, 0x20
.byte 0x7d, 0x29, 0x3b, 0x0d, 0x0a, 0x20, 0x20, 0x20, 0x20, 0x6c, 0x69, 0x2e, 0x61, 0x70, 0x70, 0x65
.byte 0x6e, 0x64, 0x43, 0x68, 0x69, 0x6c, 0x64, 0x28, 0x61, 0x29, 0x3b, 0x0d, 0x0a, 0x20, 0x20, 0x20
.byte 0x20, 0x6d, 0x65, 0x6e, 0x75, 0x2e, 0x61, 0x70, 0x70, 0x65, 0x6e, 0x64, 0x43, 0x68, 0x69, 0x6c
.byte 0x64, 0x28, 0x6c, 0x69, 0x29, 0x3b, 0x0d, 0x0a, 0x20, 0x20, 0x7d, 0x29, 0x3b, 0x0d, 0x0a, 0x20
.byte 0x20, 0x63, 0x6f, 0x6e, 0x73, 0x74, 0x20, 0x6c, 0x61, 0x62, 0x65, 0x6c, 0x20, 0x3d, 0x20, 0x4c
.byte 0x4f, 0x43, 0x41, 0x4c, 0x45, 0x53, 0x2e, 0x66, 0x69, 0x6e, 0x64, 0x28, 0x28, 0x6c, 0x29, 0x20
.byte 0x3d, 0x3e, 0x20, 0x6c, 0x2e, 0x69, 0x64, 0x20, 0x3d, 0x3d, 0x3d, 0x20, 0x63, 0x75, 0x72, 0x72
.byte 0x65, 0x6e, 0x74, 0x4c, 0x61, 0x6e, 0x67, 0x29, 0x3b, 0x0d, 0x0a, 0x20, 0x20, 0x64, 0x6f, 0x63
.byte 0x75, 0x6d, 0x65, 0x6e, 0x74, 0x2e, 0x67, 0x65, 0x74, 0x45, 0x6c, 0x65, 0x6d, 0x65, 0x6e, 0x74
.byte 0x42, 0x79, 0x49, 0x64, 0x28, 0x22, 0x63, 0x75, 0x72, 0x72, 0x65, 0x6e, 0x74, 0x2d, 0x6c, 0x6f
.byte 0x63, 0x61, 0x6c, 0x65, 0x2d, 0x6c, 0x61, 0x62, 0x65, 0x6c, 0x22, 0x29, 0x2e, 0x74, 0x65, 0x78
.byte 0x74, 0x43, 0x6f, 0x6e, 0x74, 0x65, 0x6e, 0x74, 0x20, 0x3d, 0x0d, 0x0a, 0x20, 0x20, 0x20, 0x20
.byte 0x6c, 0x61, 0x62, 0x65, 0x6c, 0x20, 0x3f, 0x20, 0x6c, 0x61, 0x62, 0x65, 0x6c, 0x2e, 0x6c, 0x61
.byte 0x62, 0x65, 0x6c, 0x20, 0x3a, 0x20, 0x63, 0x75, 0x72, 0x72, 0x65, 0x6e, 0x74, 0x4c, 0x61, 0x6e
.byte 0x67, 0x3b, 0x0d, 0x0a, 0x7d, 0x0d, 0x0a, 0x0d, 0x0a, 0x66, 0x75, 0x6e, 0x63, 0x74, 0x69, 0x6f
.byte 0x6e, 0x20, 0x73, 0x65, 0x74, 0x4c, 0x61, 0x6e, 0x67, 0x28, 0x6c, 0x61, 0x6e, 0x67, 0x29, 0x20
.byte 0x7b, 0x0d, 0x0a, 0x20, 0x20, 0x69, 0x66, 0x20, 0x28, 0x21, 0x73, 0x74, 0x72, 0x69, 0x6e, 0x67
.byte 0x73, 0x5b, 0x6c, 0x61, 0x6e, 0x67, 0x5d, 0x29, 0x20, 0x72, 0x65, 0x74, 0x75, 0x72, 0x6e, 0x3b
.byte 0x0d, 0x0a, 0x20, 0x20, 0x63, 0x75, 0x72, 0x72, 0x65, 0x6e, 0x74, 0x4c, 0x61, 0x6e, 0x67, 0x20
.byte 0x3d, 0x20, 0x6c, 0x61, 0x6e, 0x67, 0x3b, 0x0d, 0x0a, 0x20, 0x20, 0x6c, 0x6f, 0x63, 0x61, 0x6c
.byte 0x53, 0x74, 0x6f, 0x72, 0x61, 0x67, 0x65, 0x2e, 0x73, 0x65, 0x74, 0x49, 0x74, 0x65, 0x6d, 0x28
.byte 0x22, 0x65, 0x73, 0x70, 0x2d, 0x63, 0x6c, 0x61, 0x77, 0x2d, 0x6c, 0x61, 0x6e, 0x67, 0x22, 0x2c
.byte 0x20, 0x6c, 0x61, 0x6e, 0x67, 0x29, 0x3b, 0x0d, 0x0a, 0x20, 0x20, 0x61, 0x70, 0x70, 0x6c, 0x79
.byte 0x49, 0x31, 0x38, 0x6e, 0x28, 0x29, 0x3b, 0x0d, 0x0a, 0x20, 0x20, 0x62, 0x75, 0x69, 0x6c, 0x64
.byte 0x4c, 0x6f, 0x63, 0x61, 0x6c, 0x65, 0x4d, 0x65, 0x6e, 0x75, 0x28, 0x29, 0x3b, 0x0d, 0x0a, 0x20
.byte 0x20, 0x72, 0x65, 0x6e, 0x64, 0x65, 0x72, 0x46, 0x69, 0x6c, 0x65, 0x52, 0x6f, 0x77, 0x73, 0x28
.byte 0x6c, 0x61, 0x73, 0x74, 0x46, 0x69, 0x6c, 0x65, 0x45, 0x6e, 0x74, 0x72, 0x69, 0x65, 0x73, 0x29
.byte 0x3b, 0x0d, 0x0a, 0x20, 0x20, 0x72, 0x65, 0x6e, 0x64, 0x65, 0x72, 0x4d, 0x65, 0x6d, 0x6f, 0x72
.byte 0x79, 0x53, 0x74, 0x61, 0x74, 0x65, 0x28, 0x29, 0x3b, 0x0d, 0x0a, 0x20, 0x20, 0x75, 0x70, 0x64
.byte 0x61, 0x74, 0x65, 0x46, 0x69, 0x6c, 0x65, 0x44, 0x65, 0x76, 0x4d, 0x6f, 0x64, 0x65, 0x55, 0x49
.byte 0x28, 0x29, 0x3b, 0x0d, 0x0a, 0x7d, 0x0d, 0x0a, 0x0d, 0x0a, 0x2f, 0x2a, 0x20, 0xe2, 0x95, 0x90
.byte 0xe2, 0x95, 0x90, 0xe2, 0x95, 0x90, 0xe2, 0x95, 0x90, 0xe2, 0x95, 0x90, 0xe2, 0x95, 0x90, 0xe2
.byte 0x95, 0x90, 0xe2, 0x95, 0x90, 0xe2, 0x95, 0x90, 0xe2, 0x95, 0x90, 0xe2, 0x95, 0x90, 0xe2, 0x95
.byte 0x90, 0xe2, 0x95, 0x90, 0xe2, 0x95, 0x90, 0xe2, 0x95, 0x90, 0xe2, 0x95, 0x90, 0xe2, 0x95, 0x90
.byte 0xe2, 0x95, 0x90, 0xe2, 0x95, 0x90, 0xe2, 0x95, 0x90, 0xe2, 0x95, 0x90, 0xe2, 0x95, 0x90, 0xe2
.byte 0x95, 0x90, 0xe2, 0x95, 0x90, 0xe2, 0x95, 0x90, 0xe2, 0x95, 0x90, 0xe2, 0x95, 0x90, 0xe2, 0x95
.byte 0x90, 0xe2, 0x95, 0x90, 0xe2, 0x95, 0x90, 0xe2, 0x95, 0x90, 0xe2, 0x95, 0x90, 0xe2, 0x95, 0x90
.byte 0xe2, 0x95, 0x90, 0xe2, 0x95, 0x90, 0xe2, 0x95, 0x90, 0xe2, 0x95, 0x90, 0xe2, 0x95, 0x90, 0xe2
.byte 0x95, 0x90, 0xe2, 0x95, 0x90, 0xe2, 0x95, 0x90, 0xe2, 0x95, 0x90, 0xe2, 0x95, 0x90, 0xe2, 0x95
.byte 0x90, 0xe2, 0x95, 0x90, 0xe2, 0x95, 0x90, 0xe2, 0x95, 0x90, 0xe2, 0x95, 0x90, 0xe2, 0x95, 0x90
.byte 0xe2, 0x95, 0x90, 0xe2, 0x95, 0x90, 0x0d, 0x0a, 0x20, 0x20, 0x20, 0x54, 0x61, 0x62, 0x20, 0x73
.byte 0x77, 0x69, 0x74, 0x63, 0x68, 0x69, 0x6e, 0x67, 0x0d, 0x0a, 0x20, 0x20, 0x20, 0xe2, 0x95, 0x90
.byte 0xe2, 0x95, 0x90, 0xe2, 0x95, 0x90, 0xe2, 0x95, 0x90, 0xe2, 0x95, 0x90, 0xe2, 0x95, 0x90, 0xe2
.byte 0x95, 0x90, 0xe2, 0x95, 0x90, 0xe2, 0x95, 0x90, 0xe2, 0x95, 0x90, 0xe2, 0x95, 0x90, 0xe2, 0x95
.byte 0x90, 0xe2, 0x95, 0x90, 0xe2, 0x95, 0x90, 0xe2, 0x95, 0x90, 0xe2, 0x95, 0x90, 0xe2, 0x95, 0x90
.byte 0xe2, 0x95, 0x90, 0xe2, 0x95, 0x90, 0xe2, 0x95, 0x90, 0xe2, 0x95, 0x90, 0xe2, 0x95, 0x90, 0xe2
.byte 0x95, 0x90, 0xe2, 0x95, 0x90, 0xe2, 0x95, 0x90, 0xe2, 0x95, 0x90, 0xe2, 0x95, 0x90, 0xe2, 0x95
.byte 0x90, 0xe2, 0x95, 0x90, 0xe2, 0x95, 0x90, 0xe2, 0x95, 0x90, 0xe2, 0x95, 0x90, 0xe2, 0x95, 0x90
.byte 0xe2, 0x95, 0x90, 0xe2, 0x95, 0x90, 0xe2, 0x95, 0x90, 0xe2, 0x95, 0x90, 0xe2, 0x95, 0x90, 0xe2
.byte 0x95, 0x90, 0xe2, 0x95, 0x90, 0xe2, 0x95, 0x90, 0xe2, 0x95, 0x90, 0xe2, 0x95, 0x90, 0xe2, 0x95
.byte 0x90, 0xe2, 0x95, 0x90, 0xe2, 0x95, 0x90, 0xe2, 0x95, 0x90, 0xe2, 0x95, 0x90, 0xe2, 0x95, 0x90
.byte 0xe2, 0x95, 0x90, 0xe2, 0x95, 0x90, 0x20, 0x2a, 0x2f, 0x0d, 0x0a, 0x0d, 0x0a, 0x66, 0x75, 0x6e
.byte 0x63, 0x74, 0x69, 0x6f, 0x6e, 0x20, 0x69, 0x6e, 0x69, 0x74, 0x54, 0x61, 0x62, 0x73, 0x28, 0x29
.byte 0x20, 0x7b, 0x0d, 0x0a, 0x20, 0x20, 0x64, 0x6f, 0x63, 0x75, 0x6d, 0x65, 0x6e, 0x74, 0x2e, 0x71
.byte 0x75, 0x65, 0x72, 0x79, 0x53, 0x65, 0x6c, 0x65, 0x63, 0x74, 0x6f, 0x72, 0x41, 0x6c, 0x6c, 0x28
.byte 0x22, 0x2e, 0x74, 0x61, 0x62, 0x2d, 0x62, 0x74, 0x6e, 0x22, 0x29, 0x2e, 0x66, 0x6f, 0x72, 0x45
.byte 0x61, 0x63, 0x68, 0x28, 0x28, 0x62, 0x74, 0x6e, 0x29, 0x20, 0x3d, 0x3e, 0x20, 0x7b, 0x0d, 0x0a
.byte 0x20, 0x20, 0x20, 0x20, 0x62, 0x74, 0x6e, 0x2e, 0x61, 0x64, 0x64, 0x45, 0x76, 0x65, 0x6e, 0x74
.byte 0x4c, 0x69, 0x73, 0x74, 0x65, 0x6e, 0x65, 0x72, 0x28, 0x22, 0x63, 0x6c, 0x69, 0x63, 0x6b, 0x22
.byte 0x2c, 0x20, 0x28, 0x29, 0x20, 0x3d, 0x3e, 0x20, 0x7b, 0x0d, 0x0a, 0x20, 0x20, 0x20, 0x20, 0x20
.byte 0x20, 0x64, 0x6f, 0x63, 0x75, 0x6d, 0x65, 0x6e, 0x74, 0x0d, 0x0a, 0x20, 0x20, 0x20, 0x20, 0x20
.byte 0x20, 0x20, 0x20, 0x2e, 0x71, 0x75, 0x65, 0x72, 0x79, 0x53, 0x65, 0x6c, 0x65, 0x63, 0x74, 0x6f
.byte 0x72, 0x41, 0x6c, 0x6c, 0x28, 0x22, 0x2e, 0x74, 0x61, 0x62, 0x2d, 0x62, 0x74, 0x6e, 0x22, 0x29
.byte 0x0d, 0x0a, 0x20, 0x20, 0x20, 0x20, 0x20, 0x20, 0x20, 0x20, 0x2e, 0x66, 0x6f, 0x72, 0x45, 0x61
.byte 0x63, 0x68, 0x28, 0x28, 0x62, 0x29, 0x20, 0x3d, 0x3e, 0x20, 0x62, 0x2e, 0x63, 0x6c, 0x61, 0x73
.byte 0x73, 0x4c, 0x69, 0x73, 0x74, 0x2e, 0x72, 0x65, 0x6d, 0x6f, 0x76, 0x65, 0x28, 0x22, 0x61, 0x63
.byte 0x74, 0x69, 0x76, 0x65, 0x22, 0x29, 0x29, 0x3b, 0x0d, 0x0a, 0x20, 0x20, 0x20, 0x20, 0x20, 0x20
.byte 0x64, 0x6f, 0x63, 0x75, 0x6d, 0x65, 0x6e, 0x74, 0x0d, 0x0a, 0x20, 0x20, 0x20, 0x20, 0x20, 0x20
.byte 0x20, 0x20, 0x2e, 0x71, 0x75, 0x65, 0x72, 0x79, 0x53, 0x65, 0x6c, 0x65, 0x63, 0x74, 0x6f, 0x72
.byte 0x41, 0x6c, 0x6c, 0x28, 0x22, 0x2e, 0x74, 0x61, 0x62, 0x2d, 0x70, 0x61, 0x6e, 0x65, 0x6c, 0x22
.byte 0x29, 0x0d, 0x0a, 0x20, 0x20, 0x20, 0x20, 0x20, 0x20, 0x20, 0x20, 0x2e, 0x66, 0x6f, 0x72, 0x45
.byte 0x61, 0x63, 0x68, 0x28, 0x28, 0x70, 0x29, 0x20, 0x3d, 0x3e, 0x20, 0x70, 0x2e, 0x63, 0x6c, 0x61
.byte 0x73, 0x73, 0x4c, 0x69, 0x73, 0x74, 0x2e, 0x72, 0x65, 0x6d, 0x6f, 0x76, 0x65, 0x28, 0x22, 0x61
.byte 0x63, 0x74, 0x69, 0x76, 0x65, 0x22, 0x29, 0x29, 0x3b, 0x0d, 0x0a, 0x20, 0x20, 0x20, 0x20, 0x20
.byte 0x20, 0x62, 0x74, 0x6e, 0x2e, 0x63, 0x6c, 0x61, 0x73, 0x73, 0x4c, 0x69, 0x73, 0x74, 0x2e, 0x61
.byte 0x64, 0x64, 0x28, 0x22, 0x61, 0x63, 0x74, 0x69, 0x76, 0x65, 0x22, 0x29, 0x3b, 0x0d, 0x0a, 0x20
.byte 0x20, 0x20, 0x20, 0x20, 0x20, 0x63, 0x6f, 0x6e, 0x73, 0x74, 0x20, 0x70, 0x61, 0x6e, 0x65, 0x6c
.byte 0x20, 0x3d, 0x20, 0x64, 0x6f, 0x63, 0x75, 0x6d, 0x65, 0x6e, 0x74, 0x2e, 0x67, 0x65, 0x74, 0x45
.byte 0x6c, 0x65, 0x6d, 0x65, 0x6e, 0x74, 0x42, 0x79, 0x49, 0x64, 0x28, 0x22, 0x74, 0x61, 0x62, 0x2d
.byte 0x22, 0x20, 0x2b, 0x20, 0x62, 0x74, 0x6e, 0x2e, 0x64, 0x61, 0x74, 0x61, 0x73, 0x65, 0x74, 0x2e
.byte 0x74, 0x61, 0x62, 0x29, 0x3b, 0x0d, 0x0a, 0x20, 0x20, 0x20, 0x20, 0x20, 0x20, 0x69, 0x66, 0x20
.byte 0x28, 0x70, 0x61, 0x6e, 0x65, 0x6c, 0x29, 0x20, 0x70, 0x61, 0x6e, 0x65, 0x6c, 0x2e, 0x63, 0x6c
.byte 0x61, 0x73, 0x73, 0x4c, 0x69, 0x73, 0x74, 0x2e, 0x61, 0x64, 0x64, 0x28, 0x22, 0x61, 0x63, 0x74
.byte 0x69, 0x76, 0x65, 0x22, 0x29, 0x3b, 0x0d, 0x0a, 0x20, 0x20, 0x20, 0x20, 0x20, 0x20, 0x69, 0x66
.byte 0x20, 0x28, 0x62, 0x74, 0x6e, 0x2e, 0x64, 0x61, 0x74, 0x61, 0x73, 0x65, 0x74, 0x2e, 0x74, 0x61
.byte 0x62, 0x20, 0x3d, 0x3d, 0x3d, 0x20, 0x22, 0x6d, 0x65, 0x6d, 0x6f, 0x72, 0x79, 0x22, 0x29, 0x20
.byte 0x7b, 0x0d, 0x0a, 0x20, 0x20, 0x20, 0x20, 0x20, 0x20, 0x20, 0x20, 0x6c, 0x6f, 0x61, 0x64, 0x4d
.byte 0x65, 0x6d, 0x6f, 0x72, 0x79, 0x28, 0x29, 0x2e, 0x63, 0x61, 0x74, 0x63, 0x68, 0x28, 0x28, 0x65
.byte 0x72, 0x72, 0x29, 0x20, 0x3d, 0x3e, 0x0d, 0x0a, 0x20, 0x20, 0x20, 0x20, 0x20, 0x20, 0x20, 0x20
.byte 0x20, 0x20, 0x73, 0x68, 0x6f, 0x77, 0x42, 0x61, 0x6e, 0x6e, 0x65, 0x72, 0x28, 0x22, 0x6d, 0x65
.byte 0x6d, 0x6f, 0x72, 0x79, 0x42, 0x61, 0x6e, 0x6e, 0x65, 0x72, 0x22, 0x2c, 0x20, 0x65, 0x72, 0x72
.byte 0x2e, 0x6d, 0x65, 0x73, 0x73, 0x61, 0x67, 0x65, 0x20, 0x7c, 0x7c, 0x20, 0x74, 0x28, 0x22, 0x6d
.byte 0x65, 0x6d, 0x6f, 0x72, 0x79, 0x4c, 0x6f, 0x61, 0x64, 0x45, 0x72, 0x72, 0x6f, 0x72, 0x22, 0x29
.byte 0x2c, 0x20, 0x74, 0x72, 0x75, 0x65, 0x29, 0x0d, 0x0a, 0x20, 0x20, 0x20, 0x20, 0x20, 0x20, 0x20
.byte 0x20, 0x29, 0x3b, 0x0d, 0x0a, 0x20, 0x20, 0x20, 0x20, 0x20, 0x20, 0x7d, 0x0d, 0x0a, 0x20, 0x20
.byte 0x20, 0x20, 0x7d, 0x29, 0x3b, 0x0d, 0x0a, 0x20, 0x20, 0x7d, 0x29, 0x3b, 0x0d, 0x0a, 0x7d, 0x0d
.byte 0x0a, 0x0d, 0x0a, 0x2f, 0x2a, 0x20, 0xe2, 0x95, 0x90, 0xe2, 0x95, 0x90, 0xe2, 0x95, 0x90, 0xe2
.byte 0x95, 0x90, 0xe2, 0x95, 0x90, 0xe2, 0x95, 0x90, 0xe2, 0x95, 0x90, 0xe2, 0x95, 0x90, 0xe2, 0x95
.byte 0x90, 0xe2, 0x95, 0x90, 0xe2, 0x95, 0x90, 0xe2, 0x95, 0x90, 0xe2, 0x95, 0x90, 0xe2, 0x95, 0x90
.byte 0xe2, 0x95, 0x90, 0xe2, 0x95, 0x90, 0xe2, 0x95, 0x90, 0xe2, 0x95, 0x90, 0xe2, 0x95, 0x90, 0xe2
.byte 0x95, 0x90, 0xe2, 0x95, 0x90, 0xe2, 0x95, 0x90, 0xe2, 0x95, 0x90, 0xe2, 0x95, 0x90, 0xe2, 0x95
.byte 0x90, 0xe2, 0x95, 0x90, 0xe2, 0x95, 0x90, 0xe2, 0x95, 0x90, 0xe2, 0x95, 0x90, 0xe2, 0x95, 0x90
.byte 0xe2, 0x95, 0x90, 0xe2, 0x95, 0x90, 0xe2, 0x95, 0x90, 0xe2, 0x95, 0x90, 0xe2, 0x95, 0x90, 0xe2
.byte 0x95, 0x90, 0xe2, 0x95, 0x90, 0xe2, 0x95, 0x90, 0xe2, 0x95, 0x90, 0xe2, 0x95, 0x90, 0xe2, 0x95
.byte 0x90, 0xe2, 0x95, 0x90, 0xe2, 0x95, 0x90, 0xe2, 0x95, 0x90, 0xe2, 0x95, 0x90, 0xe2, 0x95, 0x90
.byte 0xe2, 0x95, 0x90, 0xe2, 0x95, 0x90, 0xe2, 0x95, 0x90, 0xe2, 0x95, 0x90, 0xe2, 0x95, 0x90, 0x0d
.byte 0x0a, 0x20, 0x20, 0x20, 0x43, 0x6f, 0x6e, 0x66, 0x69, 0x67, 0x20, 0xe2, 0x80, 0x93, 0x20, 0x4e
.byte 0x56, 0x53, 0x20, 0x66, 0x69, 0x65, 0x6c, 0x64, 0x73, 0x0d, 0x0a, 0x20, 0x20, 0x20, 0xe2, 0x95
.byte 0x90, 0xe2, 0x95, 0x90, 0xe2, 0x95, 0x90, 0xe2, 0x95, 0x90, 0xe2, 0x95, 0x90, 0xe2, 0x95, 0x90
.byte 0xe2, 0x95, 0x90, 0xe2, 0x95, 0x90, 0xe2, 0x95, 0x90, 0xe2, 0x95, 0x90, 0xe2, 0x95, 0x90, 0xe2
.byte 0x95, 0x90, 0xe2, 0x95, 0x90, 0xe2, 0x95, 0x90, 0xe2, 0x95, 0x90, 0xe2, 0x95, 0x90, 0xe2, 0x95
.byte 0x90, 0xe2, 0x95, 0x90, 0xe2, 0x95, 0x90, 0xe2, 0x95, 0x90, 0xe2, 0x95, 0x90, 0xe2, 0x95, 0x90
.byte 0xe2, 0x95, 0x90, 0xe2, 0x95, 0x90, 0xe2, 0x95, 0x90, 0xe2, 0x95, 0x90, 0xe2, 0x95, 0x90, 0xe2
.byte 0x95, 0x90, 0xe2, 0x95, 0x90, 0xe2, 0x95, 0x90, 0xe2, 0x95, 0x90, 0xe2, 0x95, 0x90, 0xe2, 0x95
.byte 0x90, 0xe2, 0x95, 0x90, 0xe2, 0x95, 0x90, 0xe2, 0x95, 0x90, 0xe2, 0x95, 0x90, 0xe2, 0x95, 0x90
.byte 0xe2, 0x95, 0x90, 0xe2, 0x95, 0x90, 0xe2, 0x95, 0x90, 0xe2, 0x95, 0x90, 0xe2, 0x95, 0x90, 0xe2
.byte 0x95, 0x90, 0xe2, 0x95, 0x90, 0xe2, 0x95, 0x90, 0xe2, 0x95, 0x90, 0xe2, 0x95, 0x90, 0xe2, 0x95
.byte 0x90, 0xe2, 0x95, 0x90, 0xe2, 0x95, 0x90, 0x20, 0x2a, 0x2f, 0x0d, 0x0a, 0x0d, 0x0a, 0x63, 0x6f
.byte 0x6e, 0x73, 0x74, 0x20, 0x63, 0x6f, 0x6e, 0x66, 0x69, 0x67, 0x46, 0x69, 0x65, 0x6c, 0x64, 0x73
.byte 0x20, 0x3d, 0x20, 0x5b, 0x0d, 0x0a, 0x20, 0x20, 0x22, 0x77, 0x69, 0x66, 0x69, 0x5f, 0x73, 0x73
.byte 0x69, 0x64, 0x22, 0x2c, 0x0d, 0x0a, 0x20, 0x20, 0x22, 0x77, 0x69, 0x66, 0x69, 0x5f, 0x70, 0x61
.byte 0x73, 0x73, 0x77, 0x6f, 0x72, 0x64, 0x22, 0x2c, 0x0d, 0x0a, 0x20, 0x20, 0x22, 0x6c, 0x6c, 0x6d
.byte 0x5f, 0x61, 0x70, 0x69, 0x5f, 0x6b, 0x65, 0x79, 0x22, 0x2c, 0x0d, 0x0a, 0x20, 0x20, 0x22, 0x6c
.byte 0x6c, 0x6d, 0x5f, 0x62, 0x61, 0x63, 0x6b, 0x65, 0x6e, 0x64, 0x5f, 0x74, 0x79, 0x70, 0x65, 0x22
.byte 0x2c, 0x0d, 0x0a, 0x20, 0x20, 0x22, 0x6c, 0x6c, 0x6d, 0x5f, 0x70, 0x72, 0x6f, 0x66, 0x69, 0x6c
.byte 0x65, 0x22, 0x2c, 0x0d, 0x0a, 0x20, 0x20, 0x22, 0x6c, 0x6c, 0x6d, 0x5f, 0x6d, 0x6f, 0x64, 0x65
.byte 0x6c, 0x22, 0x2c, 0x0d, 0x0a, 0x20, 0x20, 0x22, 0x6c, 0x6c, 0x6d, 0x5f, 0x62, 0x61, 0x73, 0x65
.byte 0x5f, 0x75, 0x72, 0x6c, 0x22, 0x2c, 0x0d, 0x0a, 0x20, 0x20, 0x22, 0x6c, 0x6c, 0x6d, 0x5f, 0x61
.byte 0x75, 0x74, 0x68, 0x5f, 0x74, 0x79, 0x70, 0x65, 0x22, 0x2c, 0x0d, 0x0a, 0x20, 0x20, 0x22, 0x6c
.byte 0x6c, 0x6d, 0x5f, 0x74, 0x69, 0x6d, 0x65, 0x6f, 0x75, 0x74, 0x5f, 0x6d, 0x73, 0x22, 0x2c, 0x0d
.byte 0x0a, 0x20, 0x20, 0x22, 0x71, 0x71, 0x5f, 0x61, 0x70, 0x70, 0x5f, 0x69, 0x64, 0x22, 0x2c, 0x0d
.byte 0x0a, 0x20, 0x20, 0x22, 0x71, 0x71, 0x5f, 0x61, 0x70, 0x70, 0x5f, 0x73, 0x65, 0x63, 0x72, 0x65
.byte 0x74, 0x22, 0x2c, 0x0d, 0x0a, 0x20, 0x20, 0x22, 0x66, 0x65, 0x69, 0x73, 0x68, 0x75, 0x5f, 0x61
.byte 0x70, 0x70, 0x5f, 0x69, 0x64, 0x22, 0x2c, 0x0d, 0x0a, 0x20, 0x20, 0x22, 0x66, 0x65, 0x69, 0x73
.byte 0x68, 0x75, 0x5f, 0x61, 0x70, 0x70, 0x5f, 0x73, 0x65, 0x63, 0x72, 0x65, 0x74, 0x22, 0x2c, 0x0d
.byte 0x0a, 0x20, 0x20, 0x22, 0x74, 0x67, 0x5f, 0x62, 0x6f, 0x74, 0x5f, 0x74, 0x6f, 0x6b, 0x65, 0x6e
.byte 0x22, 0x2c, 0x0d, 0x0a, 0x20, 0x20, 0x22, 0x77, 0x65, 0x63, 0x68, 0x61, 0x74, 0x5f, 0x74, 0x6f
.byte 0x6b, 0x65, 0x6e, 0x22, 0x2c, 0x0d, 0x0a, 0x20, 0x20, 0x22, 0x77, 0x65, 0x63, 0x68, 0x61, 0x74
.byte 0x5f, 0x62, 0x61, 0x73, 0x65, 0x5f, 0x75, 0x72, 0x6c, 0x22, 0x2c, 0x0d, 0x0a, 0x20, 0x20, 0x22
.byte 0x77, 0x65, 0x63, 0x68, 0x61, 0x74, 0x5f, 0x63, 0x64, 0x6e, 0x5f, 0x62, 0x61, 0x73, 0x65, 0x5f
.byte 0x75, 0x72, 0x6c, 0x22, 0x2c, 0x0d, 0x0a, 0x20, 0x20, 0x22, 0x77, 0x65, 0x63, 0x68, 0x61, 0x74
.byte 0x5f, 0x61, 0x63, 0x63, 0x6f, 0x75, 0x6e, 0x74, 0x5f, 0x69, 0x64, 0x22, 0x2c, 0x0d, 0x0a, 0x20
.byte 0x20, 0x22, 0x73, 0x65, 0x61, 0x72, 0x63, 0x68, 0x5f, 0x62, 0x72, 0x61, 0x76, 0x65, 0x5f, 0x6b
.byte 0x65, 0x79, 0x22, 0x2c, 0x0d, 0x0a, 0x20, 0x20, 0x22, 0x73, 0x65, 0x61, 0x72, 0x63, 0x68, 0x5f
.byte 0x74, 0x61, 0x76, 0x69, 0x6c, 0x79, 0x5f, 0x6b, 0x65, 0x79, 0x22, 0x2c, 0x0d, 0x0a, 0x20, 0x20
.byte 0x22, 0x74, 0x69, 0x6d, 0x65, 0x5f, 0x74, 0x69, 0x6d, 0x65, 0x7a, 0x6f, 0x6e, 0x65, 0x22, 0x2c
.byte 0x0d, 0x0a, 0x5d, 0x3b, 0x0d, 0x0a, 0x0d, 0x0a, 0x63, 0x6f, 0x6e, 0x73, 0x74, 0x20, 0x6c, 0x6c
.byte 0x6d, 0x50, 0x72, 0x6f, 0x76, 0x69, 0x64, 0x65, 0x72, 0x50, 0x72, 0x65, 0x73, 0x65, 0x74, 0x73
.byte 0x20, 0x3d, 0x20, 0x7b, 0x0d, 0x0a, 0x20, 0x20, 0x6f, 0x70, 0x65, 0x6e, 0x61, 0x69, 0x3a, 0x20
.byte 0x7b, 0x0d, 0x0a, 0x20, 0x20, 0x20, 0x20, 0x6c, 0x6c, 0x6d, 0x5f, 0x62, 0x61, 0x63, 0x6b, 0x65
.byte 0x6e, 0x64, 0x5f, 0x74, 0x79, 0x70, 0x65, 0x3a, 0x20, 0x22, 0x6f, 0x70, 0x65, 0x6e, 0x61, 0x69
.byte 0x5f, 0x63, 0x6f, 0x6d, 0x70, 0x61, 0x74, 0x69, 0x62, 0x6c, 0x65, 0x22, 0x2c, 0x0d, 0x0a, 0x20
.byte 0x20, 0x20, 0x20, 0x6c, 0x6c, 0x6d, 0x5f, 0x70, 0x72, 0x6f, 0x66, 0x69, 0x6c, 0x65, 0x3a, 0x20
.byte 0x22, 0x6f, 0x70, 0x65, 0x6e, 0x61, 0x69, 0x22, 0x2c, 0x0d, 0x0a, 0x20, 0x20, 0x20, 0x20, 0x6c
.byte 0x6c, 0x6d, 0x5f, 0x62, 0x61, 0x73, 0x65, 0x5f, 0x75, 0x72, 0x6c, 0x3a, 0x20, 0x22, 0x68, 0x74
.byte 0x74, 0x70, 0x73, 0x3a, 0x2f, 0x2f, 0x61, 0x70, 0x69, 0x2e, 0x6f, 0x70, 0x65, 0x6e, 0x61, 0x69
.byte 0x2e, 0x63, 0x6f, 0x6d, 0x2f, 0x76, 0x31, 0x22, 0x2c, 0x0d, 0x0a, 0x20, 0x20, 0x20, 0x20, 0x6c
.byte 0x6c, 0x6d, 0x5f, 0x61, 0x75, 0x74, 0x68, 0x5f, 0x74, 0x79, 0x70, 0x65, 0x3a, 0x20, 0x22, 0x62
.byte 0x65, 0x61, 0x72, 0x65, 0x72, 0x22, 0x2c, 0x0d, 0x0a, 0x20, 0x20, 0x7d, 0x2c, 0x0d, 0x0a, 0x20
.byte 0x20, 0x71, 0x77, 0x65, 0x6e, 0x3a, 0x20, 0x7b, 0x0d, 0x0a, 0x20, 0x20, 0x20, 0x20, 0x6c, 0x6c
.byte 0x6d, 0x5f, 0x62, 0x61, 0x63, 0x6b, 0x65, 0x6e, 0x64, 0x5f, 0x74, 0x79, 0x70, 0x65, 0x3a, 0x20
.byte 0x22, 0x6f, 0x70, 0x65, 0x6e, 0x61, 0x69, 0x5f, 0x63, 0x6f, 0x6d, 0x70, 0x61, 0x74, 0x69, 0x62
.byte 0x6c, 0x65, 0x22, 0x2c, 0x0d, 0x0a, 0x20, 0x20, 0x20, 0x20, 0x6c, 0x6c, 0x6d, 0x5f, 0x70, 0x72
.byte 0x6f, 0x66, 0x69, 0x6c, 0x65, 0x3a, 0x20, 0x22, 0x71, 0x77, 0x65, 0x6e, 0x5f, 0x63, 0x6f, 0x6d
.byte 0x70, 0x61, 0x74, 0x69, 0x62, 0x6c, 0x65, 0x22, 0x2c, 0x0d, 0x0a, 0x20, 0x20, 0x20, 0x20, 0x6c
.byte 0x6c, 0x6d, 0x5f, 0x62, 0x61, 0x73, 0x65, 0x5f, 0x75, 0x72, 0x6c, 0x3a, 0x20, 0x22, 0x68, 0x74
.byte 0x74, 0x70, 0x73, 0x3a, 0x2f, 0x2f, 0x64, 0x61, 0x73, 0x68, 0x73, 0x63, 0x6f, 0x70, 0x65, 0x2e
.byte 0x61, 0x6c, 0x69, 0x79, 0x75, 0x6e, 0x63, 0x73, 0x2e, 0x63, 0x6f, 0x6d, 0x2f, 0x63, 0x6f, 0x6d
.byte 0x70, 0x61, 0x74, 0x69, 0x62, 0x6c, 0x65, 0x2d, 0x6d, 0x6f, 0x64, 0x65, 0x2f, 0x76, 0x31, 0x22
.byte 0x2c, 0x0d, 0x0a, 0x20, 0x20, 0x20, 0x20, 0x6c, 0x6c, 0x6d, 0x5f, 0x61, 0x75, 0x74, 0x68, 0x5f
.byte 0x74, 0x79, 0x70, 0x65, 0x3a, 0x20, 0x22, 0x62, 0x65, 0x61, 0x72, 0x65, 0x72, 0x22, 0x2c, 0x0d
.byte 0x0a, 0x20, 0x20, 0x7d, 0x2c, 0x0d, 0x0a, 0x20, 0x20, 0x61, 0x6e, 0x74, 0x68, 0x72, 0x6f, 0x70
.byte 0x69, 0x63, 0x3a, 0x20, 0x7b, 0x0d, 0x0a, 0x20, 0x20, 0x20, 0x20, 0x6c, 0x6c, 0x6d, 0x5f, 0x62
.byte 0x61, 0x63, 0x6b, 0x65, 0x6e, 0x64, 0x5f, 0x74, 0x79, 0x70, 0x65, 0x3a, 0x20, 0x22, 0x61, 0x6e
.byte 0x74, 0x68, 0x72, 0x6f, 0x70, 0x69, 0x63, 0x22, 0x2c, 0x0d, 0x0a, 0x20, 0x20, 0x20, 0x20, 0x6c
.byte 0x6c, 0x6d, 0x5f, 0x70, 0x72, 0x6f, 0x66, 0x69, 0x6c, 0x65, 0x3a, 0x20, 0x22, 0x61, 0x6e, 0x74
.byte 0x68, 0x72, 0x6f, 0x70, 0x69, 0x63, 0x22, 0x2c, 0x0d, 0x0a, 0x20, 0x20, 0x20, 0x20, 0x6c, 0x6c
.byte 0x6d, 0x5f, 0x62, 0x61, 0x73, 0x65, 0x5f, 0x75, 0x72, 0x6c, 0x3a, 0x20, 0x22, 0x68, 0x74, 0x74
.byte 0x70, 0x73, 0x3a, 0x2f, 0x2f, 0x61, 0x70, 0x69, 0x2e, 0x61, 0x6e, 0x74, 0x68, 0x72, 0x6f, 0x70
.byte 0x69, 0x63, 0x2e, 0x63, 0x6f, 0x6d, 0x2f, 0x76, 0x31, 0x22, 0x2c, 0x0d, 0x0a, 0x20, 0x20, 0x20
.byte 0x20, 0x6c, 0x6c, 0x6d, 0x5f, 0x61, 0x75, 0x74, 0x68, 0x5f, 0x74, 0x79, 0x70, 0x65, 0x3a, 0x20
.byte 0x22, 0x6e, 0x6f, 0x6e, 0x65, 0x22, 0x2c, 0x0d, 0x0a, 0x20, 0x20, 0x7d, 0x2c, 0x0d, 0x0a, 0x7d
.byte 0x3b, 0x0d, 0x0a, 0x0d, 0x0a, 0x63, 0x6f, 0x6e, 0x73, 0x74, 0x20, 0x6c, 0x6c, 0x6d, 0x50, 0x72
.byte 0x6f, 0x76, 0x69, 0x64, 0x65, 0x72, 0x44, 0x65, 0x66, 0x61, 0x75, 0x6c, 0x74, 0x4d, 0x6f, 0x64
.byte 0x65, 0x6c, 0x73, 0x20, 0x3d, 0x20, 0x7b, 0x0d, 0x0a, 0x20, 0x20, 0x6f, 0x70, 0x65, 0x6e, 0x61
.byte 0x69, 0x3a, 0x20, 0x22, 0x67, 0x70, 0x74, 0x2d, 0x35, 0x2e, 0x34, 0x22, 0x2c, 0x0d, 0x0a, 0x20
.byte 0x20, 0x71, 0x77, 0x65, 0x6e, 0x3a, 0x20, 0x22, 0x71, 0x77, 0x65, 0x6e, 0x33, 0x2e, 0x36, 0x2d
.byte 0x70, 0x6c, 0x75, 0x73, 0x22, 0x2c, 0x0d, 0x0a, 0x20, 0x20, 0x61, 0x6e, 0x74, 0x68, 0x72, 0x6f
.byte 0x70, 0x69, 0x63, 0x3a, 0x20, 0x22, 0x63, 0x6c, 0x61, 0x75, 0x64, 0x65, 0x2d, 0x73, 0x6f, 0x6e
.byte 0x6e, 0x65, 0x74, 0x2d, 0x34, 0x2d, 0x36, 0x22, 0x2c, 0x0d, 0x0a, 0x7d, 0x3b, 0x0d, 0x0a, 0x0d
.byte 0x0a, 0x2f, 0x2a, 0x20, 0xe2, 0x94, 0x80, 0xe2, 0x94, 0x80, 0x20, 0x42, 0x61, 0x6e, 0x6e, 0x65
.byte 0x72, 0x20, 0x68, 0x65, 0x6c, 0x70, 0x65, 0x72, 0x73, 0x20, 0xe2, 0x94, 0x80, 0xe2, 0x94, 0x80
.byte 0x20, 0x2a, 0x2f, 0x0d, 0x0a, 0x0d, 0x0a, 0x66, 0x75, 0x6e, 0x63, 0x74, 0x69, 0x6f, 0x6e, 0x20
.byte 0x73, 0x68, 0x6f, 0x77, 0x42, 0x61, 0x6e, 0x6e, 0x65, 0x72, 0x28, 0x69, 0x64, 0x2c, 0x20, 0x6d
.byte 0x65, 0x73, 0x73, 0x61, 0x67, 0x65, 0x2c, 0x20, 0x69, 0x73, 0x45, 0x72, 0x72, 0x6f, 0x72, 0x20
.byte 0x3d, 0x20, 0x66, 0x61, 0x6c, 0x73, 0x65, 0x29, 0x20, 0x7b, 0x0d, 0x0a, 0x20, 0x20, 0x63, 0x6f
.byte 0x6e, 0x73, 0x74, 0x20, 0x62, 0x61, 0x6e, 0x6e, 0x65, 0x72, 0x20, 0x3d, 0x20, 0x64, 0x6f, 0x63
.byte 0x75, 0x6d, 0x65, 0x6e, 0x74, 0x2e, 0x67, 0x65, 0x74, 0x45, 0x6c, 0x65, 0x6d, 0x65, 0x6e, 0x74
.byte 0x42, 0x79, 0x49, 0x64, 0x28, 0x69, 0x64, 0x29, 0x3b, 0x0d, 0x0a, 0x20, 0x20, 0x62, 0x61, 0x6e
.byte 0x6e, 0x65, 0x72, 0x2e, 0x74, 0x65, 0x78, 0x74, 0x43, 0x6f, 0x6e, 0x74, 0x65, 0x6e, 0x74, 0x20
.byte 0x3d, 0x20, 0x6d, 0x65, 0x73, 0x73, 0x61, 0x67, 0x65, 0x3b, 0x0d, 0x0a, 0x20, 0x20, 0x62, 0x61
.byte 0x6e, 0x6e, 0x65, 0x72, 0x2e, 0x63, 0x6c, 0x61, 0x73, 0x73, 0x4c, 0x69, 0x73, 0x74, 0x2e, 0x72
.byte 0x65, 0x6d, 0x6f, 0x76, 0x65, 0x28, 0x22, 0x73, 0x75, 0x63, 0x63, 0x65, 0x73, 0x73, 0x22, 0x2c
.byte 0x20, 0x22, 0x65, 0x72, 0x72, 0x6f, 0x72, 0x22, 0x29, 0x3b, 0x0d, 0x0a, 0x20, 0x20, 0x62, 0x61
.byte 0x6e, 0x6e, 0x65, 0x72, 0x2e, 0x63, 0x6c, 0x61, 0x73, 0x73, 0x4c, 0x69, 0x73, 0x74, 0x2e, 0x61
.byte 0x64, 0x64, 0x28, 0x69, 0x73, 0x45, 0x72, 0x72, 0x6f, 0x72, 0x20, 0x3f, 0x20, 0x22, 0x65, 0x72
.byte 0x72, 0x6f, 0x72, 0x22, 0x20, 0x3a, 0x20, 0x22, 0x73, 0x75, 0x63, 0x63, 0x65, 0x73, 0x73, 0x22
.byte 0x29, 0x3b, 0x0d, 0x0a, 0x20, 0x20, 0x62, 0x61, 0x6e, 0x6e, 0x65, 0x72, 0x2e, 0x63, 0x6c, 0x61
.byte 0x73, 0x73, 0x4c, 0x69, 0x73, 0x74, 0x2e, 0x61, 0x64, 0x64, 0x28, 0x22, 0x76, 0x69, 0x73, 0x69
.byte 0x62, 0x6c, 0x65, 0x22, 0x29, 0x3b, 0x0d, 0x0a, 0x7d, 0x0d, 0x0a, 0x0d, 0x0a, 0x66, 0x75, 0x6e
.byte 0x63, 0x74, 0x69, 0x6f, 0x6e, 0x20, 0x68, 0x69, 0x64, 0x65, 0x42, 0x61, 0x6e, 0x6e, 0x65, 0x72
.byte 0x28, 0x69, 0x64, 0x29, 0x20, 0x7b, 0x0d, 0x0a, 0x20, 0x20, 0x63, 0x6f, 0x6e, 0x73, 0x74, 0x20
.byte 0x62, 0x61, 0x6e, 0x6e, 0x65, 0x72, 0x20, 0x3d, 0x20, 0x64, 0x6f, 0x63, 0x75, 0x6d, 0x65, 0x6e
.byte 0x74, 0x2e, 0x67, 0x65, 0x74, 0x45, 0x6c, 0x65, 0x6d, 0x65, 0x6e, 0x74, 0x42, 0x79, 0x49, 0x64
.byte 0x28, 0x69, 0x64, 0x29, 0x3b, 0x0d, 0x0a, 0x20, 0x20, 0x62, 0x61, 0x6e, 0x6e, 0x65, 0x72, 0x2e
.byte 0x63, 0x6c, 0x61, 0x73, 0x73, 0x4c, 0x69, 0x73, 0x74, 0x2e, 0x72, 0x65, 0x6d, 0x6f, 0x76, 0x65
.byte 0x28, 0x22, 0x76, 0x69, 0x73, 0x69, 0x62, 0x6c, 0x65, 0x22, 0x2c, 0x20, 0x22, 0x73, 0x75, 0x63
.byte 0x63, 0x65, 0x73, 0x73, 0x22, 0x2c, 0x20, 0x22, 0x65, 0x72, 0x72, 0x6f, 0x72, 0x22, 0x29, 0x3b
.byte 0x0d, 0x0a, 0x7d, 0x0d, 0x0a, 0x0d, 0x0a, 0x2f, 0x2a, 0x20, 0xe2, 0x94, 0x80, 0xe2, 0x94, 0x80
.byte 0x20, 0x43, 0x6f, 0x6e, 0x66, 0x69, 0x67, 0x20, 0x66, 0x6f, 0x72, 0x6d, 0x20, 0x72, 0x65, 0x61
.byte 0x64, 0x20, 0x2f, 0x20, 0x66, 0x69, 0x6c, 0x6c, 0x20, 0xe2, 0x94, 0x80, 0xe2, 0x94, 0x80, 0x20
.byte 0x2a, 0x2f, 0x0d, 0x0a, 0x0d, 0x0a, 0x66, 0x75, 0x6e, 0x63, 0x74, 0x69, 0x6f, 0x6e, 0x20, 0x72
.byte 0x65, 0x61, 0x64, 0x43, 0x6f, 0x6e, 0x66, 0x69, 0x67, 0x46, 0x6f, 0x72, 0x6d, 0x28, 0x29, 0x20
.byte 0x7b, 0x0d, 0x0a, 0x20, 0x20, 0x63, 0x6f, 0x6e, 0x73, 0x74, 0x20, 0x70, 0x61, 0x79, 0x6c, 0x6f
.byte 0x61, 0x64, 0x20, 0x3d, 0x20, 0x7b, 0x7d, 0x3b, 0x0d, 0x0a, 0x20, 0x20, 0x63, 0x6f, 0x6e, 0x66
.byte 0x69, 0x67, 0x46, 0x69, 0x65, 0x6c, 0x64, 0x73, 0x2e, 0x66, 0x6f, 0x72, 0x45, 0x61, 0x63, 0x68
.byte 0x28, 0x28, 0x66, 0x69, 0x65, 0x6c, 0x64, 0x29, 0x20, 0x3d, 0x3e, 0x20, 0x7b, 0x0d, 0x0a, 0x20
.byte 0x20, 0x20, 0x20, 0x63, 0x6f, 0x6e, 0x73, 0x74, 0x20, 0x69, 0x6e, 0x70, 0x75, 0x74, 0x20, 0x3d
.byte 0x20, 0x64, 0x6f, 0x63, 0x75, 0x6d, 0x65, 0x6e, 0x74, 0x2e, 0x67, 0x65, 0x74, 0x45, 0x6c, 0x65
.byte 0x6d, 0x65, 0x6e, 0x74, 0x42, 0x79, 0x49, 0x64, 0x28, 0x66, 0x69, 0x65, 0x6c, 0x64, 0x29, 0x3b
.byte 0x0d, 0x0a, 0x20, 0x20, 0x20, 0x20, 0x70, 0x61, 0x79, 0x6c, 0x6f, 0x61, 0x64, 0x5b, 0x66, 0x69
.byte 0x65, 0x6c, 0x64, 0x5d, 0x20, 0x3d, 0x20, 0x69, 0x6e, 0x70, 0x75, 0x74, 0x20, 0x3f, 0x20, 0x69
.byte 0x6e, 0x70, 0x75, 0x74, 0x2e, 0x76, 0x61, 0x6c, 0x75, 0x65, 0x2e, 0x74, 0x72, 0x69, 0x6d, 0x28
.byte 0x29, 0x20, 0x3a, 0x20, 0x22, 0x22, 0x3b, 0x0d, 0x0a, 0x20, 0x20, 0x7d, 0x29, 0x3b, 0x0d, 0x0a
.byte 0x20, 0x20, 0x72, 0x65, 0x74, 0x75, 0x72, 0x6e, 0x20, 0x70, 0x61, 0x79, 0x6c, 0x6f, 0x61, 0x64
.byte 0x3b, 0x0d, 0x0a, 0x7d, 0x0d, 0x0a, 0x0d, 0x0a, 0x66, 0x75, 0x6e, 0x63, 0x74, 0x69, 0x6f, 0x6e
.byte 0x20, 0x66, 0x69, 0x6c, 0x6c, 0x43, 0x6f, 0x6e, 0x66, 0x69, 0x67, 0x46, 0x6f, 0x72, 0x6d, 0x28
.byte 0x64, 0x61, 0x74, 0x61, 0x29, 0x20, 0x7b, 0x0d, 0x0a, 0x20, 0x20, 0x63, 0x6f, 0x6e, 0x66, 0x69
.byte 0x67, 0x46, 0x69, 0x65, 0x6c, 0x64, 0x73, 0x2e, 0x66, 0x6f, 0x72, 0x45, 0x61, 0x63, 0x68, 0x28
.byte 0x28, 0x66, 0x69, 0x65, 0x6c, 0x64, 0x29, 0x20, 0x3d, 0x3e, 0x20, 0x7b, 0x0d, 0x0a, 0x20, 0x20
.byte 0x20, 0x20, 0x63, 0x6f, 0x6e, 0x73, 0x74, 0x20, 0x69, 0x6e, 0x70, 0x75, 0x74, 0x20, 0x3d, 0x20
.byte 0x64, 0x6f, 0x63, 0x75, 0x6d, 0x65, 0x6e, 0x74, 0x2e, 0x67, 0x65, 0x74, 0x45, 0x6c, 0x65, 0x6d
.byte 0x65, 0x6e, 0x74, 0x42, 0x79, 0x49, 0x64, 0x28, 0x66, 0x69, 0x65, 0x6c, 0x64, 0x29, 0x3b, 0x0d
.byte 0x0a, 0x20, 0x20, 0x20, 0x20, 0x69, 0x66, 0x20, 0x28, 0x69, 0x6e, 0x70, 0x75, 0x74, 0x20, 0x26
.byte 0x26, 0x20, 0x74, 0x79, 0x70, 0x65, 0x6f, 0x66, 0x20, 0x64, 0x61, 0x74, 0x61, 0x5b, 0x66, 0x69
.byte 0x65, 0x6c, 0x64, 0x5d, 0x20, 0x3d, 0x3d, 0x3d, 0x20, 0x22, 0x73, 0x74, 0x72, 0x69, 0x6e, 0x67
.byte 0x22, 0x29, 0x20, 0x7b, 0x0d, 0x0a, 0x20, 0x20, 0x20, 0x20, 0x20, 0x20, 0x69, 0x6e, 0x70, 0x75
.byte 0x74, 0x2e, 0x76, 0x61, 0x6c, 0x75, 0x65, 0x20, 0x3d, 0x20, 0x64, 0x61, 0x74, 0x61, 0x5b, 0x66
.byte 0x69, 0x65, 0x6c, 0x64, 0x5d, 0x3b, 0x0d, 0x0a, 0x20, 0x20, 0x20, 0x20, 0x7d, 0x0d, 0x0a, 0x20
.byte 0x20, 0x7d, 0x29, 0x3b, 0x0d, 0x0a, 0x20, 0x20, 0x73, 0x79, 0x6e, 0x63, 0x50, 0x72, 0x6f, 0x76
.byte 0x69, 0x64, 0x65, 0x72, 0x50, 0x72, 0x65, 0x73, 0x65, 0x74, 0x28, 0x29, 0x3b, 0x0d, 0x0a, 0x7d
.byte 0x0d, 0x0a, 0x0d, 0x0a, 0x2f, 0x2a, 0x20, 0xe2, 0x94, 0x80, 0xe2, 0x94, 0x80, 0x20, 0x4c, 0x4c
.byte 0x4d, 0x20, 0x70, 0x72, 0x6f, 0x76, 0x69, 0x64, 0x65, 0x72, 0x20, 0x70, 0x72, 0x65, 0x73, 0x65
.byte 0x74, 0x20, 0x6c, 0x6f, 0x67, 0x69, 0x63, 0x20, 0xe2, 0x94, 0x80, 0xe2, 0x94, 0x80, 0x20, 0x2a
.byte 0x2f, 0x0d, 0x0a, 0x0d, 0x0a, 0x66, 0x75, 0x6e, 0x63, 0x74, 0x69, 0x6f, 0x6e, 0x20, 0x64, 0x65
.byte 0x74, 0x65, 0x63, 0x74, 0x50, 0x72, 0x6f, 0x76, 0x69, 0x64, 0x65, 0x72, 0x50, 0x72, 0x65, 0x73
.byte 0x65, 0x74, 0x28, 0x29, 0x20, 0x7b, 0x0d, 0x0a, 0x20, 0x20, 0x63, 0x6f, 0x6e, 0x73, 0x74, 0x20
.byte 0x62, 0x61, 0x63, 0x6b, 0x65, 0x6e, 0x64, 0x20, 0x3d, 0x20, 0x64, 0x6f, 0x63, 0x75, 0x6d, 0x65
.byte 0x6e, 0x74, 0x2e, 0x67, 0x65, 0x74, 0x45, 0x6c, 0x65, 0x6d, 0x65, 0x6e, 0x74, 0x42, 0x79, 0x49
.byte 0x64, 0x28, 0x22, 0x6c, 0x6c, 0x6d, 0x5f, 0x62, 0x61, 0x63, 0x6b, 0x65, 0x6e, 0x64, 0x5f, 0x74
.byte 0x79, 0x70, 0x65, 0x22, 0x29, 0x3f, 0x2e, 0x76, 0x61, 0x6c, 0x75, 0x65, 0x2e, 0x74, 0x72, 0x69
.byte 0x6d, 0x28, 0x29, 0x3b, 0x0d, 0x0a, 0x20, 0x20, 0x63, 0x6f, 0x6e, 0x73, 0x74, 0x20, 0x70, 0x72
.byte 0x6f, 0x66, 0x69, 0x6c, 0x65, 0x20, 0x3d, 0x20, 0x64, 0x6f, 0x63, 0x75, 0x6d, 0x65, 0x6e, 0x74
.byte 0x2e, 0x67, 0x65, 0x74, 0x45, 0x6c, 0x65, 0x6d, 0x65, 0x6e, 0x74, 0x42, 0x79, 0x49, 0x64, 0x28
.byte 0x22, 0x6c, 0x6c, 0x6d, 0x5f, 0x70, 0x72, 0x6f, 0x66, 0x69, 0x6c, 0x65, 0x22, 0x29, 0x3f, 0x2e
.byte 0x76, 0x61, 0x6c, 0x75, 0x65, 0x2e, 0x74, 0x72, 0x69, 0x6d, 0x28, 0x29, 0x3b, 0x0d, 0x0a, 0x20
.byte 0x20, 0x63, 0x6f, 0x6e, 0x73, 0x74, 0x20, 0x62, 0x61, 0x73, 0x65, 0x55, 0x72, 0x6c, 0x20, 0x3d
.byte 0x20, 0x64, 0x6f, 0x63, 0x75, 0x6d, 0x65, 0x6e, 0x74, 0x2e, 0x67, 0x65, 0x74, 0x45, 0x6c, 0x65
.byte 0x6d, 0x65, 0x6e, 0x74, 0x42, 0x79, 0x49, 0x64, 0x28, 0x22, 0x6c, 0x6c, 0x6d, 0x5f, 0x62, 0x61
.byte 0x73, 0x65, 0x5f, 0x75, 0x72, 0x6c, 0x22, 0x29, 0x3f, 0x2e, 0x76, 0x61, 0x6c, 0x75, 0x65, 0x2e
.byte 0x74, 0x72, 0x69, 0x6d, 0x28, 0x29, 0x3b, 0x0d, 0x0a, 0x20, 0x20, 0x63, 0x6f, 0x6e, 0x73, 0x74
.byte 0x20, 0x61, 0x75, 0x74, 0x68, 0x54, 0x79, 0x70, 0x65, 0x20, 0x3d, 0x20, 0x64, 0x6f, 0x63, 0x75
.byte 0x6d, 0x65, 0x6e, 0x74, 0x2e, 0x67, 0x65, 0x74, 0x45, 0x6c, 0x65, 0x6d, 0x65, 0x6e, 0x74, 0x42
.byte 0x79, 0x49, 0x64, 0x28, 0x22, 0x6c, 0x6c, 0x6d, 0x5f, 0x61, 0x75, 0x74, 0x68, 0x5f, 0x74, 0x79
.byte 0x70, 0x65, 0x22, 0x29, 0x3f, 0x2e, 0x76, 0x61, 0x6c, 0x75, 0x65, 0x2e, 0x74, 0x72, 0x69, 0x6d
.byte 0x28, 0x29, 0x3b, 0x0d, 0x0a, 0x0d, 0x0a, 0x20, 0x20, 0x63, 0x6f, 0x6e, 0x73, 0x74, 0x20, 0x6d
.byte 0x61, 0x74, 0x63, 0x68, 0x20, 0x3d, 0x20, 0x4f, 0x62, 0x6a, 0x65, 0x63, 0x74, 0x2e, 0x65, 0x6e
.byte 0x74, 0x72, 0x69, 0x65, 0x73, 0x28, 0x6c, 0x6c, 0x6d, 0x50, 0x72, 0x6f, 0x76, 0x69, 0x64, 0x65
.byte 0x72, 0x50, 0x72, 0x65, 0x73, 0x65, 0x74, 0x73, 0x29, 0x2e, 0x66, 0x69, 0x6e, 0x64, 0x28, 0x0d
.byte 0x0a, 0x20, 0x20, 0x20, 0x20, 0x28, 0x5b, 0x2c, 0x20, 0x70, 0x72, 0x65, 0x73, 0x65, 0x74, 0x5d
.byte 0x29, 0x20, 0x3d, 0x3e, 0x0d, 0x0a, 0x20, 0x20, 0x20, 0x20, 0x20, 0x20, 0x70, 0x72, 0x65, 0x73
.byte 0x65, 0x74, 0x2e, 0x6c, 0x6c, 0x6d, 0x5f, 0x62, 0x61, 0x63, 0x6b, 0x65, 0x6e, 0x64, 0x5f, 0x74
.byte 0x79, 0x70, 0x65, 0x20, 0x3d, 0x3d, 0x3d, 0x20, 0x62, 0x61, 0x63, 0x6b, 0x65, 0x6e, 0x64, 0x20
.byte 0x26, 0x26, 0x0d, 0x0a, 0x20, 0x20, 0x20, 0x20, 0x20, 0x20, 0x70, 0x72, 0x65, 0x73, 0x65, 0x74
.byte 0x2e, 0x6c, 0x6c, 0x6d, 0x5f, 0x70, 0x72, 0x6f, 0x66, 0x69, 0x6c, 0x65, 0x20, 0x3d, 0x3d, 0x3d
.byte 0x20, 0x70, 0x72, 0x6f, 0x66, 0x69, 0x6c, 0x65, 0x20, 0x26, 0x26, 0x0d, 0x0a, 0x20, 0x20, 0x20
.byte 0x20, 0x20, 0x20, 0x70, 0x72, 0x65, 0x73, 0x65, 0x74, 0x2e, 0x6c, 0x6c, 0x6d, 0x5f, 0x62, 0x61
.byte 0x73, 0x65, 0x5f, 0x75, 0x72, 0x6c, 0x20, 0x3d, 0x3d, 0x3d, 0x20, 0x62, 0x61, 0x73, 0x65, 0x55
.byte 0x72, 0x6c, 0x20, 0x26, 0x26, 0x0d, 0x0a, 0x20, 0x20, 0x20, 0x20, 0x20, 0x20, 0x70, 0x72, 0x65
.byte 0x73, 0x65, 0x74, 0x2e, 0x6c, 0x6c, 0x6d, 0x5f, 0x61, 0x75, 0x74, 0x68, 0x5f, 0x74, 0x79, 0x70
.byte 0x65, 0x20, 0x3d, 0x3d, 0x3d, 0x20, 0x61, 0x75, 0x74, 0x68, 0x54, 0x79, 0x70, 0x65, 0x0d, 0x0a
.byte 0x20, 0x20, 0x29, 0x3b, 0x0d, 0x0a, 0x20, 0x20, 0x72, 0x65, 0x74, 0x75, 0x72, 0x6e, 0x20, 0x6d
.byte 0x61, 0x74, 0x63, 0x68, 0x20, 0x3f, 0x20, 0x6d, 0x61, 0x74, 0x63, 0x68, 0x5b, 0x30, 0x5d, 0x20
.byte 0x3a, 0x20, 0x22, 0x63, 0x75, 0x73, 0x74, 0x6f, 0x6d, 0x22, 0x3b, 0x0d, 0x0a, 0x7d, 0x0d, 0x0a
.byte 0x0d, 0x0a, 0x66, 0x75, 0x6e, 0x63, 0x74, 0x69, 0x6f, 0x6e, 0x20, 0x73, 0x79, 0x6e, 0x63, 0x50
.byte 0x72, 0x6f, 0x76, 0x69, 0x64, 0x65, 0x72, 0x50, 0x72, 0x65, 0x73, 0x65, 0x74, 0x28, 0x29, 0x20
.byte 0x7b, 0x0d, 0x0a, 0x20, 0x20, 0x63, 0x6f, 0x6e, 0x73, 0x74, 0x20, 0x73, 0x65, 0x6c, 0x65, 0x63
.byte 0x74, 0x20, 0x3d, 0x20, 0x64, 0x6f, 0x63, 0x75, 0x6d, 0x65, 0x6e, 0x74, 0x2e, 0x67, 0x65, 0x74
.byte 0x45, 0x6c, 0x65, 0x6d, 0x65, 0x6e, 0x74, 0x42, 0x79, 0x49, 0x64, 0x28, 0x22, 0x6c, 0x6c, 0x6d
.byte 0x5f, 0x70, 0x72, 0x6f, 0x76, 0x69, 0x64, 0x65, 0x72, 0x5f, 0x70, 0x72, 0x65, 0x73, 0x65, 0x74
.byte 0x22, 0x29, 0x3b, 0x0d, 0x0a, 0x20, 0x20, 0x69, 0x66, 0x20, 0x28, 0x73, 0x65, 0x6c, 0x65, 0x63
.byte 0x74, 0x29, 0x20, 0x73, 0x65, 0x6c, 0x65, 0x63, 0x74, 0x2e, 0x76, 0x61, 0x6c, 0x75, 0x65, 0x20
.byte 0x3d, 0x20, 0x64, 0x65, 0x74, 0x65, 0x63, 0x74, 0x50, 0x72, 0x6f, 0x76, 0x69, 0x64, 0x65, 0x72
.byte 0x50, 0x72, 0x65, 0x73, 0x65, 0x74, 0x28, 0x29, 0x3b, 0x0d, 0x0a, 0x7d, 0x0d, 0x0a, 0x0d, 0x0a
.byte 0x66, 0x75, 0x6e, 0x63, 0x74, 0x69, 0x6f, 0x6e, 0x20, 0x61, 0x70, 0x70, 0x6c, 0x79, 0x50, 0x72
.byte 0x6f, 0x76, 0x69, 0x64, 0x65, 0x72, 0x50, 0x72, 0x65, 0x73, 0x65, 0x74, 0x28, 0x70, 0x72, 0x65
.byte 0x73, 0x65, 0x74, 0x4b, 0x65, 0x79, 0x29, 0x20, 0x7b, 0x0d, 0x0a, 0x20, 0x20, 0x63, 0x6f, 0x6e
.byte 0x73, 0x74, 0x20, 0x70, 0x72, 0x65, 0x73, 0x65, 0x74, 0x20, 0x3d, 0x20, 0x6c, 0x6c, 0x6d, 0x50
.byte 0x72, 0x6f, 0x76, 0x69, 0x64, 0x65, 0x72, 0x50, 0x72, 0x65, 0x73, 0x65, 0x74, 0x73, 0x5b, 0x70
.byte 0x72, 0x65, 0x73, 0x65, 0x74, 0x4b, 0x65, 0x79, 0x5d, 0x3b, 0x0d, 0x0a, 0x20, 0x20, 0x69, 0x66
.byte 0x20, 0x28, 0x21, 0x70, 0x72, 0x65, 0x73, 0x65, 0x74, 0x29, 0x20, 0x7b, 0x0d, 0x0a, 0x20, 0x20
.byte 0x20, 0x20, 0x73, 0x79, 0x6e, 0x63, 0x50, 0x72, 0x6f, 0x76, 0x69, 0x64, 0x65, 0x72, 0x50, 0x72
.byte 0x65, 0x73, 0x65, 0x74, 0x28, 0x29, 0x3b, 0x0d, 0x0a, 0x20, 0x20, 0x20, 0x20, 0x72, 0x65, 0x74
.byte 0x75, 0x72, 0x6e, 0x3b, 0x0d, 0x0a, 0x20, 0x20, 0x7d, 0x0d, 0x0a, 0x20, 0x20, 0x4f, 0x62, 0x6a
.byte 0x65, 0x63, 0x74, 0x2e, 0x65, 0x6e, 0x74, 0x72, 0x69, 0x65, 0x73, 0x28, 0x70, 0x72, 0x65, 0x73
.byte 0x65, 0x74, 0x29, 0x2e, 0x66, 0x6f, 0x72, 0x45, 0x61, 0x63, 0x68, 0x28, 0x28, 0x5b, 0x66, 0x69
.byte 0x65, 0x6c, 0x64, 0x2c, 0x20, 0x76, 0x61, 0x6c, 0x75, 0x65, 0x5d, 0x29, 0x20, 0x3d, 0x3e, 0x20
.byte 0x7b, 0x0d, 0x0a, 0x20, 0x20, 0x20, 0x20, 0x63, 0x6f, 0x6e, 0x73, 0x74, 0x20, 0x69, 0x6e, 0x70
.byte 0x75, 0x74, 0x20, 0x3d, 0x20, 0x64, 0x6f, 0x63, 0x75, 0x6d, 0x65, 0x6e, 0x74, 0x2e, 0x67, 0x65
.byte 0x74, 0x45, 0x6c, 0x65, 0x6d, 0x65, 0x6e, 0x74, 0x42, 0x79, 0x49, 0x64, 0x28, 0x66, 0x69, 0x65
.byte 0x6c, 0x64, 0x29, 0x3b, 0x0d, 0x0a, 0x20, 0x20, 0x20, 0x20, 0x69, 0x66, 0x20, 0x28, 0x69, 0x6e
.byte 0x70, 0x75, 0x74, 0x29, 0x20, 0x69, 0x6e, 0x70, 0x75, 0x74, 0x2e, 0x76, 0x61, 0x6c, 0x75, 0x65
.byte 0x20, 0x3d, 0x20, 0x76, 0x61, 0x6c, 0x75, 0x65, 0x3b, 0x0d, 0x0a, 0x20, 0x20, 0x7d, 0x29, 0x3b
.byte 0x0d, 0x0a, 0x20, 0x20, 0x63, 0x6f, 0x6e, 0x73, 0x74, 0x20, 0x6d, 0x6f, 0x64, 0x65, 0x6c, 0x49
.byte 0x6e, 0x70, 0x75, 0x74, 0x20, 0x3d, 0x20, 0x64, 0x6f, 0x63, 0x75, 0x6d, 0x65, 0x6e, 0x74, 0x2e
.byte 0x67, 0x65, 0x74, 0x45, 0x6c, 0x65, 0x6d, 0x65, 0x6e, 0x74, 0x42, 0x79, 0x49, 0x64, 0x28, 0x22
.byte 0x6c, 0x6c, 0x6d, 0x5f, 0x6d, 0x6f, 0x64, 0x65, 0x6c, 0x22, 0x29, 0x3b, 0x0d, 0x0a, 0x20, 0x20
.byte 0x69, 0x66, 0x20, 0x28, 0x6d, 0x6f, 0x64, 0x65, 0x6c, 0x49, 0x6e, 0x70, 0x75, 0x74, 0x20, 0x26
.byte 0x26, 0x20, 0x6c, 0x6c, 0x6d, 0x50, 0x72, 0x6f, 0x76, 0x69, 0x64, 0x65, 0x72, 0x44, 0x65, 0x66
.byte 0x61, 0x75, 0x6c, 0x74, 0x4d, 0x6f, 0x64, 0x65, 0x6c, 0x73, 0x5b, 0x70, 0x72, 0x65, 0x73, 0x65
.byte 0x74, 0x4b, 0x65, 0x79, 0x5d, 0x29, 0x20, 0x7b, 0x0d, 0x0a, 0x20, 0x20, 0x20, 0x20, 0x6d, 0x6f
.byte 0x64, 0x65, 0x6c, 0x49, 0x6e, 0x70, 0x75, 0x74, 0x2e, 0x76, 0x61, 0x6c, 0x75, 0x65, 0x20, 0x3d
.byte 0x20, 0x6c, 0x6c, 0x6d, 0x50, 0x72, 0x6f, 0x76, 0x69, 0x64, 0x65, 0x72, 0x44, 0x65, 0x66, 0x61
.byte 0x75, 0x6c, 0x74, 0x4d, 0x6f, 0x64, 0x65, 0x6c, 0x73, 0x5b, 0x70, 0x72, 0x65, 0x73, 0x65, 0x74
.byte 0x4b, 0x65, 0x79, 0x5d, 0x3b, 0x0d, 0x0a, 0x20, 0x20, 0x7d, 0x0d, 0x0a, 0x20, 0x20, 0x73, 0x79
.byte 0x6e, 0x63, 0x50, 0x72, 0x6f, 0x76, 0x69, 0x64, 0x65, 0x72, 0x50, 0x72, 0x65, 0x73, 0x65, 0x74
.byte 0x28, 0x29, 0x3b, 0x0d, 0x0a, 0x7d, 0x0d, 0x0a, 0x0d, 0x0a, 0x2f, 0x2a, 0x20, 0xe2, 0x95, 0x90
.byte 0xe2, 0x95, 0x90, 0xe2, 0x95, 0x90, 0xe2, 0x95, 0x90, 0xe2, 0x95, 0x90, 0xe2, 0x95, 0x90, 0xe2
.byte 0x95, 0x90, 0xe2, 0x95, 0x90, 0xe2, 0x95, 0x90, 0xe2, 0x95, 0x90, 0xe2, 0x95, 0x90, 0xe2, 0x95
.byte 0x90, 0xe2, 0x95, 0x90, 0xe2, 0x95, 0x90, 0xe2, 0x95, 0x90, 0xe2, 0x95, 0x90, 0xe2, 0x95, 0x90
.byte 0xe2, 0x95, 0x90, 0xe2, 0x95, 0x90, 0xe2, 0x95, 0x90, 0xe2, 0x95, 0x90, 0xe2, 0x95, 0x90, 0xe2
.byte 0x95, 0x90, 0xe2, 0x95, 0x90, 0xe2, 0x95, 0x90, 0xe2, 0x95, 0x90, 0xe2, 0x95, 0x90, 0xe2, 0x95
.byte 0x90, 0xe2, 0x95, 0x90, 0xe2, 0x95, 0x90, 0xe2, 0x95, 0x90, 0xe2, 0x95, 0x90, 0xe2, 0x95, 0x90
.byte 0xe2, 0x95, 0x90, 0xe2, 0x95, 0x90, 0xe2, 0x95, 0x90, 0xe2, 0x95, 0x90, 0xe2, 0x95, 0x90, 0xe2
.byte 0x95, 0x90, 0xe2, 0x95, 0x90, 0xe2, 0x95, 0x90, 0xe2, 0x95, 0x90, 0xe2, 0x95, 0x90, 0xe2, 0x95
.byte 0x90, 0xe2, 0x95, 0x90, 0xe2, 0x95, 0x90, 0xe2, 0x95, 0x90, 0xe2, 0x95, 0x90, 0xe2, 0x95, 0x90
.byte 0xe2, 0x95, 0x90, 0xe2, 0x95, 0x90, 0x0d, 0x0a, 0x20, 0x20, 0x20, 0x41, 0x50, 0x49, 0x20, 0x63
.byte 0x61, 0x6c, 0x6c, 0x73, 0x0d, 0x0a, 0x20, 0x20, 0x20, 0xe2, 0x95, 0x90, 0xe2, 0x95, 0x90, 0xe2
.byte 0x95, 0x90, 0xe2, 0x95, 0x90, 0xe2, 0x95, 0x90, 0xe2, 0x95, 0x90, 0xe2, 0x95, 0x90, 0xe2, 0x95
.byte 0x90, 0xe2, 0x95, 0x90, 0xe2, 0x95, 0x90, 0xe2, 0x95, 0x90, 0xe2, 0x95, 0x90, 0xe2, 0x95, 0x90
.byte 0xe2, 0x95, 0x90, 0xe2, 0x95, 0x90, 0xe2, 0x95, 0x90, 0xe2, 0x95, 0x90, 0xe2, 0x95, 0x90, 0xe2
.byte 0x95, 0x90, 0xe2, 0x95, 0x90, 0xe2, 0x95, 0x90, 0xe2, 0x95, 0x90, 0xe2, 0x95, 0x90, 0xe2, 0x95
.byte 0x90, 0xe2, 0x95, 0x90, 0xe2, 0x95, 0x90, 0xe2, 0x95, 0x90, 0xe2, 0x95, 0x90, 0xe2, 0x95, 0x90
.byte 0xe2, 0x95, 0x90, 0xe2, 0x95, 0x90, 0xe2, 0x95, 0x90, 0xe2, 0x95, 0x90, 0xe2, 0x95, 0x90, 0xe2
.byte 0x95, 0x90, 0xe2, 0x95, 0x90, 0xe2, 0x95, 0x90, 0xe2, 0x95, 0x90, 0xe2, 0x95, 0x90, 0xe2, 0x95
.byte 0x90, 0xe2, 0x95, 0x90, 0xe2, 0x95, 0x90, 0xe2, 0x95, 0x90, 0xe2, 0x95, 0x90, 0xe2, 0x95, 0x90
.byte 0xe2, 0x95, 0x90, 0xe2, 0x95, 0x90, 0xe2, 0x95, 0x90, 0xe2, 0x95, 0x90, 0xe2, 0x95, 0x90, 0xe2
.byte 0x95, 0x90, 0x20, 0x2a, 0x2f, 0x0d, 0x0a, 0x0d, 0x0a, 0x61, 0x73, 0x79, 0x6e, 0x63, 0x20, 0x66
.byte 0x75, 0x6e, 0x63, 0x74, 0x69, 0x6f, 0x6e, 0x20, 0x6c, 0x6f, 0x61, 0x64, 0x53, 0x74, 0x61, 0x74
.byte 0x75, 0x73, 0x28, 0x29, 0x20, 0x7b, 0x0d, 0x0a, 0x20, 0x20, 0x74, 0x72, 0x79, 0x20, 0x7b, 0x0d
.byte 0x0a, 0x20, 0x20, 0x20, 0x20, 0x63, 0x6f, 0x6e, 0x73, 0x74, 0x20, 0x72, 0x65, 0x73, 0x70, 0x6f
.byte 0x6e, 0x73, 0x65, 0x20, 0x3d, 0x20, 0x61, 0x77, 0x61, 0x69, 0x74, 0x20, 0x66, 0x65, 0x74, 0x63
.byte 0x68, 0x28, 0x22, 0x2f, 0x61, 0x70, 0x69, 0x2f, 0x73, 0x74, 0x61, 0x74, 0x75, 0x73, 0x22, 0x2c
.byte 0x20, 0x7b, 0x20, 0x63, 0x61, 0x63, 0x68, 0x65, 0x3a, 0x20, 0x22, 0x6e, 0x6f, 0x2d, 0x73, 0x74
.byte 0x6f, 0x72, 0x65, 0x22, 0x20, 0x7d, 0x29, 0x3b, 0x0d, 0x0a, 0x20, 0x20, 0x20, 0x20, 0x63, 0x6f
.byte 0x6e, 0x73, 0x74, 0x20, 0x64, 0x61, 0x74, 0x61, 0x20, 0x3d, 0x20, 0x61, 0x77, 0x61, 0x69, 0x74
.byte 0x20, 0x72, 0x65, 0x73, 0x70, 0x6f, 0x6e, 0x73, 0x65, 0x2e, 0x6a, 0x73, 0x6f, 0x6e, 0x28, 0x29
.byte 0x3b, 0x0d, 0x0a, 0x20, 0x20, 0x20, 0x20, 0x63, 0x6f, 0x6e, 0x73, 0x74, 0x20, 0x62, 0x61, 0x64
.byte 0x67, 0x65, 0x20, 0x3d, 0x20, 0x64, 0x6f, 0x63, 0x75, 0x6d, 0x65, 0x6e, 0x74, 0x2e, 0x67, 0x65
.byte 0x74, 0x45, 0x6c, 0x65, 0x6d, 0x65, 0x6e, 0x74, 0x42, 0x79, 0x49, 0x64, 0x28, 0x22, 0x73, 0x74
.byte 0x61, 0x74, 0x75, 0x73, 0x2d, 0x62, 0x61, 0x64, 0x67, 0x65, 0x22, 0x29, 0x3b, 0x0d, 0x0a, 0x20
.byte 0x20, 0x20, 0x20, 0x63, 0x6f, 0x6e, 0x73, 0x74, 0x20, 0x62, 0x61, 0x72, 0x20, 0x3d, 0x20, 0x64
.byte 0x6f, 0x63, 0x75, 0x6d, 0x65, 0x6e, 0x74, 0x2e, 0x67, 0x65, 0x74, 0x45, 0x6c, 0x65, 0x6d, 0x65
.byte 0x6e, 0x74, 0x42, 0x79, 0x49, 0x64, 0x28, 0x22, 0x73, 0x74, 0x61, 0x74, 0x75, 0x73, 0x2d, 0x62
.byte 0x61, 0x72, 0x22, 0x29, 0x3b, 0x0d, 0x0a, 0x0d, 0x0a, 0x20, 0x20, 0x20, 0x20, 0x77, 0x69, 0x66
.byte 0x69, 0x43, 0x6f, 0x6e, 0x6e, 0x65, 0x63, 0x74, 0x65, 0x64, 0x20, 0x3d, 0x20, 0x21, 0x21, 0x64
.byte 0x61, 0x74, 0x61, 0x2e, 0x77, 0x69, 0x66, 0x69, 0x5f, 0x63, 0x6f, 0x6e, 0x6e, 0x65, 0x63, 0x74
.byte 0x65, 0x64, 0x3b, 0x0d, 0x0a, 0x20, 0x20, 0x20, 0x20, 0x69, 0x66, 0x20, 0x28, 0x77, 0x69, 0x66
.byte 0x69, 0x43, 0x6f, 0x6e, 0x6e, 0x65, 0x63, 0x74, 0x65, 0x64, 0x29, 0x20, 0x7b, 0x0d, 0x0a, 0x20
.byte 0x20, 0x20, 0x20, 0x20, 0x20, 0x62, 0x61, 0x64, 0x67, 0x65, 0x2e, 0x63, 0x6c, 0x61, 0x73, 0x73
.byte 0x4c, 0x69, 0x73, 0x74, 0x2e, 0x72, 0x65, 0x6d, 0x6f, 0x76, 0x65, 0x28, 0x22, 0x6f, 0x66, 0x66
.byte 0x6c, 0x69, 0x6e, 0x65, 0x22, 0x29, 0x3b, 0x0d, 0x0a, 0x20, 0x20, 0x20, 0x20, 0x20, 0x20, 0x62
.byte 0x61, 0x64, 0x67, 0x65, 0x2e, 0x63, 0x6c, 0x61, 0x73, 0x73, 0x4c, 0x69, 0x73, 0x74, 0x2e, 0x61
.byte 0x64, 0x64, 0x28, 0x22, 0x6f, 0x6e, 0x6c, 0x69, 0x6e, 0x65, 0x22, 0x29, 0x3b, 0x0d, 0x0a, 0x20
.byte 0x20, 0x20, 0x20, 0x20, 0x20, 0x62, 0x61, 0x72, 0x2e, 0x63, 0x6c, 0x61, 0x73, 0x73, 0x4c, 0x69
.byte 0x73, 0x74, 0x2e, 0x61, 0x64, 0x64, 0x28, 0x22, 0x69, 0x73, 0x2d, 0x6f, 0x6e, 0x6c, 0x69, 0x6e
.byte 0x65, 0x22, 0x29, 0x3b, 0x0d, 0x0a, 0x20, 0x20, 0x20, 0x20, 0x7d, 0x20, 0x65, 0x6c, 0x73, 0x65
.byte 0x20, 0x7b, 0x0d, 0x0a, 0x20, 0x20, 0x20, 0x20, 0x20, 0x20, 0x62, 0x61, 0x64, 0x67, 0x65, 0x2e
.byte 0x63, 0x6c, 0x61, 0x73, 0x73, 0x4c, 0x69, 0x73, 0x74, 0x2e, 0x72, 0x65, 0x6d, 0x6f, 0x76, 0x65
.byte 0x28, 0x22, 0x6f, 0x6e, 0x6c, 0x69, 0x6e, 0x65, 0x22, 0x29, 0x3b, 0x0d, 0x0a, 0x20, 0x20, 0x20
.byte 0x20, 0x20, 0x20, 0x62, 0x61, 0x64, 0x67, 0x65, 0x2e, 0x63, 0x6c, 0x61, 0x73, 0x73, 0x4c, 0x69
.byte 0x73, 0x74, 0x2e, 0x61, 0x64, 0x64, 0x28, 0x22, 0x6f, 0x66, 0x66, 0x6c, 0x69, 0x6e, 0x65, 0x22
.byte 0x29, 0x3b, 0x0d, 0x0a, 0x20, 0x20, 0x20, 0x20, 0x20, 0x20, 0x62, 0x61, 0x72, 0x2e, 0x63, 0x6c
.byte 0x61, 0x73, 0x73, 0x4c, 0x69, 0x73, 0x74, 0x2e, 0x72, 0x65, 0x6d, 0x6f, 0x76, 0x65, 0x28, 0x22
.byte 0x69, 0x73, 0x2d, 0x6f, 0x6e, 0x6c, 0x69, 0x6e, 0x65, 0x22, 0x29, 0x3b, 0x0d, 0x0a, 0x20, 0x20
.byte 0x20, 0x20, 0x7d, 0x0d, 0x0a, 0x20, 0x20, 0x20, 0x20, 0x72, 0x65, 0x66, 0x72, 0x65, 0x73, 0x68
.byte 0x53, 0x74, 0x61, 0x74, 0x75, 0x73, 0x54, 0x65, 0x78, 0x74, 0x28, 0x29, 0x3b, 0x0d, 0x0a, 0x0d
.byte 0x0a, 0x20, 0x20, 0x20, 0x20, 0x69, 0x66, 0x20, 0x28, 0x64, 0x61, 0x74, 0x61, 0x2e, 0x69, 0x70
.byte 0x29, 0x20, 0x7b, 0x0d, 0x0a, 0x20, 0x20, 0x20, 0x20, 0x20, 0x20, 0x64, 0x6f, 0x63, 0x75, 0x6d
.byte 0x65, 0x6e, 0x74, 0x2e, 0x67, 0x65, 0x74, 0x45, 0x6c, 0x65, 0x6d, 0x65, 0x6e, 0x74, 0x42, 0x79
.byte 0x49, 0x64, 0x28, 0x22, 0x69, 0x6e, 0x66, 0x6f, 0x2d, 0x69, 0x70, 0x22, 0x29, 0x2e, 0x74, 0x65
.byte 0x78, 0x74, 0x43, 0x6f, 0x6e, 0x74, 0x65, 0x6e, 0x74, 0x20, 0x3d, 0x20, 0x22, 0x49, 0x50, 0x3a
.byte 0x20, 0x22, 0x20, 0x2b, 0x20, 0x64, 0x61, 0x74, 0x61, 0x2e, 0x69, 0x70, 0x3b, 0x0d, 0x0a, 0x20
.byte 0x20, 0x20, 0x20, 0x20, 0x20, 0x64, 0x6f, 0x63, 0x75, 0x6d, 0x65, 0x6e, 0x74, 0x2e, 0x67, 0x65
.byte 0x74, 0x45, 0x6c, 0x65, 0x6d, 0x65, 0x6e, 0x74, 0x42, 0x79, 0x49, 0x64, 0x28, 0x22, 0x69, 0x6e
.byte 0x66, 0x6f, 0x2d, 0x69, 0x70, 0x22, 0x29, 0x2e, 0x73, 0x74, 0x79, 0x6c, 0x65, 0x2e, 0x64, 0x69
.byte 0x73, 0x70, 0x6c, 0x61, 0x79, 0x20, 0x3d, 0x20, 0x22, 0x22, 0x3b, 0x0d, 0x0a, 0x20, 0x20, 0x20
.byte 0x20, 0x20, 0x20, 0x64, 0x6f, 0x63, 0x75, 0x6d, 0x65, 0x6e, 0x74, 0x2e, 0x67, 0x65, 0x74, 0x45
.byte 0x6c, 0x65, 0x6d, 0x65, 0x6e, 0x74, 0x42, 0x79, 0x49, 0x64, 0x28, 0x22, 0x6d, 0x65, 0x74, 0x61
.byte 0x2d, 0x73, 0x65, 0x70, 0x2d, 0x69, 0x70, 0x22, 0x29, 0x2e, 0x73, 0x74, 0x79, 0x6c, 0x65, 0x2e
.byte 0x64, 0x69, 0x73, 0x70, 0x6c, 0x61, 0x79, 0x20, 0x3d, 0x20, 0x22, 0x22, 0x3b, 0x0d, 0x0a, 0x20
.byte 0x20, 0x20, 0x20, 0x7d, 0x0d, 0x0a, 0x20, 0x20, 0x20, 0x20, 0x69, 0x66, 0x20, 0x28, 0x64, 0x61
.byte 0x74, 0x61, 0x2e, 0x73, 0x74, 0x6f, 0x72, 0x61, 0x67, 0x65, 0x5f, 0x62, 0x61, 0x73, 0x65, 0x5f
.byte 0x70, 0x61, 0x74, 0x68, 0x29, 0x20, 0x7b, 0x0d, 0x0a, 0x20, 0x20, 0x20, 0x20, 0x20, 0x20, 0x64
.byte 0x6f, 0x63, 0x75, 0x6d, 0x65, 0x6e, 0x74, 0x2e, 0x67, 0x65, 0x74, 0x45, 0x6c, 0x65, 0x6d, 0x65
.byte 0x6e, 0x74, 0x42, 0x79, 0x49, 0x64, 0x28, 0x22, 0x69, 0x6e, 0x66, 0x6f, 0x2d, 0x73, 0x74, 0x6f
.byte 0x72, 0x61, 0x67, 0x65, 0x22, 0x29, 0x2e, 0x74, 0x65, 0x78, 0x74, 0x43, 0x6f, 0x6e, 0x74, 0x65
.byte 0x6e, 0x74, 0x20, 0x3d, 0x0d, 0x0a, 0x20, 0x20, 0x20, 0x20, 0x20, 0x20, 0x20, 0x20, 0x22, 0x53
.byte 0x74, 0x6f, 0x72, 0x61, 0x67, 0x65, 0x3a, 0x20, 0x22, 0x20, 0x2b, 0x20, 0x64, 0x61, 0x74, 0x61
.byte 0x2e, 0x73, 0x74, 0x6f, 0x72, 0x61, 0x67, 0x65, 0x5f, 0x62, 0x61, 0x73, 0x65, 0x5f, 0x70, 0x61
.byte 0x74, 0x68, 0x3b, 0x0d, 0x0a, 0x20, 0x20, 0x20, 0x20, 0x20, 0x20, 0x64, 0x6f, 0x63, 0x75, 0x6d
.byte 0x65, 0x6e, 0x74, 0x2e, 0x67, 0x65, 0x74, 0x45, 0x6c, 0x65, 0x6d, 0x65, 0x6e, 0x74, 0x42, 0x79
.byte 0x49, 0x64, 0x28, 0x22, 0x69, 0x6e, 0x66, 0x6f, 0x2d, 0x73, 0x74, 0x6f, 0x72, 0x61, 0x67, 0x65
.byte 0x22, 0x29, 0x2e, 0x73, 0x74, 0x79, 0x6c, 0x65, 0x2e, 0x64, 0x69, 0x73, 0x70, 0x6c, 0x61, 0x79
.byte 0x20, 0x3d, 0x20, 0x22, 0x22, 0x3b, 0x0d, 0x0a, 0x20, 0x20, 0x20, 0x20, 0x20, 0x20, 0x64, 0x6f
.byte 0x63, 0x75, 0x6d, 0x65, 0x6e, 0x74, 0x2e, 0x67, 0x65, 0x74, 0x45, 0x6c, 0x65, 0x6d, 0x65, 0x6e
.byte 0x74, 0x42, 0x79, 0x49, 0x64, 0x28, 0x22, 0x6d, 0x65, 0x74, 0x61, 0x2d, 0x73, 0x65, 0x70, 0x2d
.byte 0x73, 0x74, 0x6f, 0x72, 0x61, 0x67, 0x65, 0x22, 0x29, 0x2e, 0x73, 0x74, 0x79, 0x6c, 0x65, 0x2e
.byte 0x64, 0x69, 0x73, 0x70, 0x6c, 0x61, 0x79, 0x20, 0x3d, 0x20, 0x22, 0x22, 0x3b, 0x0d, 0x0a, 0x20
.byte 0x20, 0x20, 0x20, 0x7d, 0x0d, 0x0a, 0x20, 0x20, 0x7d, 0x20, 0x63, 0x61, 0x74, 0x63, 0x68, 0x20
.byte 0x28, 0x65, 0x72, 0x72, 0x29, 0x20, 0x7b, 0x0d, 0x0a, 0x20, 0x20, 0x20, 0x20, 0x73, 0x68, 0x6f
.byte 0x77, 0x42, 0x61, 0x6e, 0x6e, 0x65, 0x72, 0x28, 0x22, 0x63, 0x6f, 0x6e, 0x66, 0x69, 0x67, 0x42
.byte 0x61, 0x6e, 0x6e, 0x65, 0x72, 0x22, 0x2c, 0x20, 0x65, 0x72, 0x72, 0x2e, 0x6d, 0x65, 0x73, 0x73
.byte 0x61, 0x67, 0x65, 0x20, 0x7c, 0x7c, 0x20, 0x74, 0x28, 0x22, 0x73, 0x74, 0x61, 0x74, 0x75, 0x73
.byte 0x4c, 0x6f, 0x61, 0x64, 0x69, 0x6e, 0x67, 0x22, 0x29, 0x2c, 0x20, 0x74, 0x72, 0x75, 0x65, 0x29
.byte 0x3b, 0x0d, 0x0a, 0x20, 0x20, 0x7d, 0x0d, 0x0a, 0x7d, 0x0d, 0x0a, 0x0d, 0x0a, 0x61, 0x73, 0x79
.byte 0x6e, 0x63, 0x20, 0x66, 0x75, 0x6e, 0x63, 0x74, 0x69, 0x6f, 0x6e, 0x20, 0x6c, 0x6f, 0x61, 0x64
.byte 0x43, 0x6f, 0x6e, 0x66, 0x69, 0x67, 0x28, 0x29, 0x20, 0x7b, 0x0d, 0x0a, 0x20, 0x20, 0x68, 0x69
.byte 0x64, 0x65, 0x42, 0x61, 0x6e, 0x6e, 0x65, 0x72, 0x28, 0x22, 0x63, 0x6f, 0x6e, 0x66, 0x69, 0x67
.byte 0x42, 0x61, 0x6e, 0x6e, 0x65, 0x72, 0x22, 0x29, 0x3b, 0x0d, 0x0a, 0x20, 0x20, 0x63, 0x6f, 0x6e
.byte 0x73, 0x74, 0x20, 0x72, 0x65, 0x73, 0x70, 0x6f, 0x6e, 0x73, 0x65, 0x20, 0x3d, 0x20, 0x61, 0x77
.byte 0x61, 0x69, 0x74, 0x20, 0x66, 0x65, 0x74, 0x63, 0x68, 0x28, 0x22, 0x2f, 0x61, 0x70, 0x69, 0x2f
.byte 0x63, 0x6f, 0x6e, 0x66, 0x69, 0x67, 0x22, 0x2c, 0x20, 0x7b, 0x20, 0x63, 0x61, 0x63, 0x68, 0x65
.byte 0x3a, 0x20, 0x22, 0x6e, 0x6f, 0x2d, 0x73, 0x74, 0x6f, 0x72, 0x65, 0x22, 0x20, 0x7d, 0x29, 0x3b
.byte 0x0d, 0x0a, 0x20, 0x20, 0x69, 0x66, 0x20, 0x28, 0x21, 0x72, 0x65, 0x73, 0x70, 0x6f, 0x6e, 0x73
.byte 0x65, 0x2e, 0x6f, 0x6b, 0x29, 0x20, 0x74, 0x68, 0x72, 0x6f, 0x77, 0x20, 0x6e, 0x65, 0x77, 0x20
.byte 0x45, 0x72, 0x72, 0x6f, 0x72, 0x28, 0x22, 0x46, 0x61, 0x69, 0x6c, 0x65, 0x64, 0x20, 0x74, 0x6f
.byte 0x20, 0x6c, 0x6f, 0x61, 0x64, 0x20, 0x73, 0x65, 0x74, 0x74, 0x69, 0x6e, 0x67, 0x73, 0x22, 0x29
.byte 0x3b, 0x0d, 0x0a, 0x20, 0x20, 0x66, 0x69, 0x6c, 0x6c, 0x43, 0x6f, 0x6e, 0x66, 0x69, 0x67, 0x46
.byte 0x6f, 0x72, 0x6d, 0x28, 0x61, 0x77, 0x61, 0x69, 0x74, 0x20, 0x72, 0x65, 0x73, 0x70, 0x6f, 0x6e
.byte 0x73, 0x65, 0x2e, 0x6a, 0x73, 0x6f, 0x6e, 0x28, 0x29, 0x29, 0x3b, 0x0d, 0x0a, 0x7d, 0x0d, 0x0a
.byte 0x0d, 0x0a, 0x63, 0x6f, 0x6e, 0x73, 0x74, 0x20, 0x57, 0x45, 0x43, 0x48, 0x41, 0x54, 0x5f, 0x46
.byte 0x49, 0x45, 0x4c, 0x44, 0x53, 0x20, 0x3d, 0x20, 0x5b, 0x0d, 0x0a, 0x20, 0x20, 0x22, 0x77, 0x65
.byte 0x63, 0x68, 0x61, 0x74, 0x5f, 0x74, 0x6f, 0x6b, 0x65, 0x6e, 0x22, 0x2c, 0x20, 0x22, 0x77, 0x65
.byte 0x63, 0x68, 0x61, 0x74, 0x5f, 0x62, 0x61, 0x73, 0x65, 0x5f, 0x75, 0x72, 0x6c, 0x22, 0x2c, 0x20
.byte 0x22, 0x77, 0x65, 0x63, 0x68, 0x61, 0x74, 0x5f, 0x63, 0x64, 0x6e, 0x5f, 0x62, 0x61, 0x73, 0x65
.byte 0x5f, 0x75, 0x72, 0x6c, 0x22, 0x2c, 0x20, 0x22, 0x77, 0x65, 0x63, 0x68, 0x61, 0x74, 0x5f, 0x61
.byte 0x63, 0x63, 0x6f, 0x75, 0x6e, 0x74, 0x5f, 0x69, 0x64, 0x22, 0x2c, 0x0d, 0x0a, 0x5d, 0x3b, 0x0d
.byte 0x0a, 0x0d, 0x0a, 0x61, 0x73, 0x79, 0x6e, 0x63, 0x20, 0x66, 0x75, 0x6e, 0x63, 0x74, 0x69, 0x6f
.byte 0x6e, 0x20, 0x72, 0x65, 0x6c, 0x6f, 0x61, 0x64, 0x57, 0x65, 0x63, 0x68, 0x61, 0x74, 0x46, 0x69
.byte 0x65, 0x6c, 0x64, 0x73, 0x28, 0x29, 0x20, 0x7b, 0x0d, 0x0a, 0x20, 0x20, 0x63, 0x6f, 0x6e, 0x73
.byte 0x74, 0x20, 0x72, 0x65, 0x73, 0x70, 0x6f, 0x6e, 0x73, 0x65, 0x20, 0x3d, 0x20, 0x61, 0x77, 0x61
.byte 0x69, 0x74, 0x20, 0x66, 0x65, 0x74, 0x63, 0x68, 0x28, 0x22, 0x2f, 0x61, 0x70, 0x69, 0x2f, 0x63
.byte 0x6f, 0x6e, 0x66, 0x69, 0x67, 0x22, 0x2c, 0x20, 0x7b, 0x20, 0x63, 0x61, 0x63, 0x68, 0x65, 0x3a
.byte 0x20, 0x22, 0x6e, 0x6f, 0x2d, 0x73, 0x74, 0x6f, 0x72, 0x65, 0x22, 0x20, 0x7d, 0x29, 0x3b, 0x0d
.byte 0x0a, 0x20, 0x20, 0x69, 0x66, 0x20, 0x28, 0x21, 0x72, 0x65, 0x73, 0x70, 0x6f, 0x6e, 0x73, 0x65
.byte 0x2e, 0x6f, 0x6b, 0x29, 0x20, 0x72, 0x65, 0x74, 0x75, 0x72, 0x6e, 0x3b, 0x0d, 0x0a, 0x20, 0x20
.byte 0x63, 0x6f, 0x6e, 0x73, 0x74, 0x20, 0x64, 0x61, 0x74, 0x61, 0x20, 0x3d, 0x20, 0x61, 0x77, 0x61
.byte 0x69, 0x74, 0x20, 0x72, 0x65, 0x73, 0x70, 0x6f, 0x6e, 0x73, 0x65, 0x2e, 0x6a, 0x73, 0x6f, 0x6e
.byte 0x28, 0x29, 0x3b, 0x0d, 0x0a, 0x20, 0x20, 0x57, 0x45, 0x43, 0x48, 0x41, 0x54, 0x5f, 0x46, 0x49
.byte 0x45, 0x4c, 0x44, 0x53, 0x2e, 0x66, 0x6f, 0x72, 0x45, 0x61, 0x63, 0x68, 0x28, 0x28, 0x66, 0x69
.byte 0x65, 0x6c, 0x64, 0x29, 0x20, 0x3d, 0x3e, 0x20, 0x7b, 0x0d, 0x0a, 0x20, 0x20, 0x20, 0x20, 0x63
.byte 0x6f, 0x6e, 0x73, 0x74, 0x20, 0x69, 0x6e, 0x70, 0x75, 0x74, 0x20, 0x3d, 0x20, 0x64, 0x6f, 0x63
.byte 0x75, 0x6d, 0x65, 0x6e, 0x74, 0x2e, 0x67, 0x65, 0x74, 0x45, 0x6c, 0x65, 0x6d, 0x65, 0x6e, 0x74
.byte 0x42, 0x79, 0x49, 0x64, 0x28, 0x66, 0x69, 0x65, 0x6c, 0x64, 0x29, 0x3b, 0x0d, 0x0a, 0x20, 0x20
.byte 0x20, 0x20, 0x69, 0x66, 0x20, 0x28, 0x69, 0x6e, 0x70, 0x75, 0x74, 0x20, 0x26, 0x26, 0x20, 0x74
.byte 0x79, 0x70, 0x65, 0x6f, 0x66, 0x20, 0x64, 0x61, 0x74, 0x61, 0x5b, 0x66, 0x69, 0x65, 0x6c, 0x64
.byte 0x5d, 0x20, 0x3d, 0x3d, 0x3d, 0x20, 0x22, 0x73, 0x74, 0x72, 0x69, 0x6e, 0x67, 0x22, 0x29, 0x20
.byte 0x7b, 0x0d, 0x0a, 0x20, 0x20, 0x20, 0x20, 0x20, 0x20, 0x69, 0x6e, 0x70, 0x75, 0x74, 0x2e, 0x76
.byte 0x61, 0x6c, 0x75, 0x65, 0x20, 0x3d, 0x20, 0x64, 0x61, 0x74, 0x61, 0x5b, 0x66, 0x69, 0x65, 0x6c
.byte 0x64, 0x5d, 0x3b, 0x0d, 0x0a, 0x20, 0x20, 0x20, 0x20, 0x7d, 0x0d, 0x0a, 0x20, 0x20, 0x7d, 0x29
.byte 0x3b, 0x0d, 0x0a, 0x7d, 0x0d, 0x0a, 0x0d, 0x0a, 0x61, 0x73, 0x79, 0x6e, 0x63, 0x20, 0x66, 0x75
.byte 0x6e, 0x63, 0x74, 0x69, 0x6f, 0x6e, 0x20, 0x73, 0x61, 0x76, 0x65, 0x43, 0x6f, 0x6e, 0x66, 0x69
.byte 0x67, 0x28, 0x29, 0x20, 0x7b, 0x0d, 0x0a, 0x20, 0x20, 0x63, 0x6f, 0x6e, 0x73, 0x74, 0x20, 0x62
.byte 0x75, 0x74, 0x74, 0x6f, 0x6e, 0x20, 0x3d, 0x20, 0x64, 0x6f, 0x63, 0x75, 0x6d, 0x65, 0x6e, 0x74
.byte 0x2e, 0x67, 0x65, 0x74, 0x45, 0x6c, 0x65, 0x6d, 0x65, 0x6e, 0x74, 0x42, 0x79, 0x49, 0x64, 0x28
.byte 0x22, 0x73, 0x61, 0x76, 0x65, 0x43, 0x6f, 0x6e, 0x66, 0x69, 0x67, 0x42, 0x75, 0x74, 0x74, 0x6f
.byte 0x6e, 0x22, 0x29, 0x3b, 0x0d, 0x0a, 0x20, 0x20, 0x62, 0x75, 0x74, 0x74, 0x6f, 0x6e, 0x2e, 0x64
.byte 0x69, 0x73, 0x61, 0x62, 0x6c, 0x65, 0x64, 0x20, 0x3d, 0x20, 0x74, 0x72, 0x75, 0x65, 0x3b, 0x0d
.byte 0x0a, 0x20, 0x20, 0x68, 0x69, 0x64, 0x65, 0x42, 0x61, 0x6e, 0x6e, 0x65, 0x72, 0x28, 0x22, 0x63
.byte 0x6f, 0x6e, 0x66, 0x69, 0x67, 0x42, 0x61, 0x6e, 0x6e, 0x65, 0x72, 0x22, 0x29, 0x3b, 0x0d, 0x0a
.byte 0x0d, 0x0a, 0x20, 0x20, 0x74, 0x72, 0x79, 0x20, 0x7b, 0x0d, 0x0a, 0x20, 0x20, 0x20, 0x20, 0x63
.byte 0x6f, 0x6e, 0x73, 0x74, 0x20, 0x72, 0x65, 0x73, 0x70, 0x6f, 0x6e, 0x73, 0x65, 0x20, 0x3d, 0x20
.byte 0x61, 0x77, 0x61, 0x69, 0x74, 0x20, 0x66, 0x65, 0x74, 0x63, 0x68, 0x28, 0x22, 0x2f, 0x61, 0x70
.byte 0x69, 0x2f, 0x63, 0x6f, 0x6e, 0x66, 0x69, 0x67, 0x22, 0x2c, 0x20, 0x7b, 0x0d, 0x0a, 0x20, 0x20
.byte 0x20, 0x20, 0x20, 0x20, 0x6d, 0x65, 0x74, 0x68, 0x6f, 0x64, 0x3a, 0x20, 0x22, 0x50, 0x4f, 0x53
.byte 0x54, 0x22, 0x2c, 0x0d, 0x0a, 0x20, 0x20, 0x20, 0x20, 0x20, 0x20, 0x63, 0x61, 0x63, 0x68, 0x65
.byte 0x3a, 0x20, 0x22, 0x6e, 0x6f, 0x2d, 0x73, 0x74, 0x6f, 0x72, 0x65, 0x22, 0x2c, 0x0d, 0x0a, 0x20
.byte 0x20, 0x20, 0x20, 0x20, 0x20, 0x68, 0x65, 0x61, 0x64, 0x65, 0x72, 0x73, 0x3a, 0x20, 0x7b, 0x20
.byte 0x22, 0x43, 0x6f, 0x6e, 0x74, 0x65, 0x6e, 0x74, 0x2d, 0x54, 0x79, 0x70, 0x65, 0x22, 0x3a, 0x20
.byte 0x22, 0x61, 0x70, 0x70, 0x6c, 0x69, 0x63, 0x61, 0x74, 0x69, 0x6f, 0x6e, 0x2f, 0x6a, 0x73, 0x6f
.byte 0x6e, 0x22, 0x20, 0x7d, 0x2c, 0x0d, 0x0a, 0x20, 0x20, 0x20, 0x20, 0x20, 0x20, 0x62, 0x6f, 0x64
.byte 0x79, 0x3a, 0x20, 0x4a, 0x53, 0x4f, 0x4e, 0x2e, 0x73, 0x74, 0x72, 0x69, 0x6e, 0x67, 0x69, 0x66
.byte 0x79, 0x28, 0x72, 0x65, 0x61, 0x64, 0x43, 0x6f, 0x6e, 0x66, 0x69, 0x67, 0x46, 0x6f, 0x72, 0x6d
.byte 0x28, 0x29, 0x29, 0x2c, 0x0d, 0x0a, 0x20, 0x20, 0x20, 0x20, 0x7d, 0x29, 0x3b, 0x0d, 0x0a, 0x20
.byte 0x20, 0x20, 0x20, 0x63, 0x6f, 0x6e, 0x73, 0x74, 0x20, 0x72, 0x65, 0x73, 0x70, 0x6f, 0x6e, 0x73
.byte 0x65, 0x54, 0x65, 0x78, 0x74, 0x20, 0x3d, 0x20, 0x61, 0x77, 0x61, 0x69, 0x74, 0x20, 0x72, 0x65
.byte 0x73, 0x70, 0x6f, 0x6e, 0x73, 0x65, 0x2e, 0x74, 0x65, 0x78, 0x74, 0x28, 0x29, 0x3b, 0x0d, 0x0a
.byte 0x20, 0x20, 0x20, 0x20, 0x6c, 0x65, 0x74, 0x20, 0x72, 0x65, 0x73, 0x75, 0x6c, 0x74, 0x20, 0x3d
.byte 0x20, 0x7b, 0x7d, 0x3b, 0x0d, 0x0a, 0x20, 0x20, 0x20, 0x20, 0x69, 0x66, 0x20, 0x28, 0x72, 0x65
.byte 0x73, 0x70, 0x6f, 0x6e, 0x73, 0x65, 0x54, 0x65, 0x78, 0x74, 0x29, 0x20, 0x7b, 0x0d, 0x0a, 0x20
.byte 0x20, 0x20, 0x20, 0x20, 0x20, 0x74, 0x72, 0x79, 0x20, 0x7b, 0x0d, 0x0a, 0x20, 0x20, 0x20, 0x20
.byte 0x20, 0x20, 0x20, 0x20, 0x72, 0x65, 0x73, 0x75, 0x6c, 0x74, 0x20, 0x3d, 0x20, 0x4a, 0x53, 0x4f
.byte 0x4e, 0x2e, 0x70, 0x61, 0x72, 0x73, 0x65, 0x28, 0x72, 0x65, 0x73, 0x70, 0x6f, 0x6e, 0x73, 0x65
.byte 0x54, 0x65, 0x78, 0x74, 0x29, 0x3b, 0x0d, 0x0a, 0x20, 0x20, 0x20, 0x20, 0x20, 0x20, 0x7d, 0x20
.byte 0x63, 0x61, 0x74, 0x63, 0x68, 0x20, 0x28, 0x70, 0x61, 0x72, 0x73, 0x65, 0x45, 0x72, 0x72, 0x6f
.byte 0x72, 0x29, 0x20, 0x7b, 0x0d, 0x0a, 0x20, 0x20, 0x20, 0x20, 0x20, 0x20, 0x20, 0x20, 0x69, 0x66
.byte 0x20, 0x28, 0x72, 0x65, 0x73, 0x70, 0x6f, 0x6e, 0x73, 0x65, 0x2e, 0x6f, 0x6b, 0x29, 0x20, 0x74
.byte 0x68, 0x72, 0x6f, 0x77, 0x20, 0x70, 0x61, 0x72, 0x73, 0x65, 0x45, 0x72, 0x72, 0x6f, 0x72, 0x3b
.byte 0x0d, 0x0a, 0x20, 0x20, 0x20, 0x20, 0x20, 0x20, 0x20, 0x20, 0x72, 0x65, 0x73, 0x75, 0x6c, 0x74
.byte 0x20, 0x3d, 0x20, 0x7b, 0x20, 0x65, 0x72, 0x72, 0x6f, 0x72, 0x3a, 0x20, 0x72, 0x65, 0x73, 0x70
.byte 0x6f, 0x6e, 0x73, 0x65, 0x54, 0x65, 0x78, 0x74, 0x20, 0x7d, 0x3b, 0x0d, 0x0a, 0x20, 0x20, 0x20
.byte 0x20, 0x20, 0x20, 0x7d, 0x0d, 0x0a, 0x20, 0x20, 0x20, 0x20, 0x7d, 0x0d, 0x0a, 0x20, 0x20, 0x20
.byte 0x20, 0x69, 0x66, 0x20, 0x28, 0x21, 0x72, 0x65, 0x73, 0x70, 0x6f, 0x6e, 0x73, 0x65, 0x2e, 0x6f
.byte 0x6b, 0x29, 0x0d, 0x0a, 0x20, 0x20, 0x20, 0x20, 0x20, 0x20, 0x74, 0x68, 0x72, 0x6f, 0x77, 0x20
.byte 0x6e, 0x65, 0x77, 0x20, 0x45, 0x72, 0x72, 0x6f, 0x72, 0x28, 0x72, 0x65, 0x73, 0x75, 0x6c, 0x74
.byte 0x2e, 0x65, 0x72, 0x72, 0x6f, 0x72, 0x20, 0x7c, 0x7c, 0x20, 0x74, 0x28, 0x22, 0x73, 0x61, 0x76
.byte 0x65, 0x45, 0x72, 0x72, 0x6f, 0x72, 0x22, 0x29, 0x29, 0x3b, 0x0d, 0x0a, 0x20, 0x20, 0x20, 0x20
.byte 0x73, 0x68, 0x6f, 0x77, 0x42, 0x61, 0x6e, 0x6e, 0x65, 0x72, 0x28, 0x22, 0x63, 0x6f, 0x6e, 0x66
.byte 0x69, 0x67, 0x42, 0x61, 0x6e, 0x6e, 0x65, 0x72, 0x22, 0x2c, 0x20, 0x72, 0x65, 0x73, 0x75, 0x6c
.byte 0x74, 0x2e, 0x6d, 0x65, 0x73, 0x73, 0x61, 0x67, 0x65, 0x20, 0x7c, 0x7c, 0x20, 0x74, 0x28, 0x22
.byte 0x73, 0x61, 0x76, 0x65, 0x53, 0x75, 0x63, 0x63, 0x65, 0x73, 0x73, 0x22, 0x29, 0x29, 0x3b, 0x0d
.byte 0x0a, 0x20, 0x20, 0x20, 0x20, 0x73, 0x79, 0x6e, 0x63, 0x50, 0x72, 0x6f, 0x76, 0x69, 0x64, 0x65
.byte 0x72, 0x50, 0x72, 0x65, 0x73, 0x65, 0x74, 0x28, 0x29, 0x3b, 0x0d, 0x0a, 0x20, 0x20, 0x7d, 0x20
.byte 0x63, 0x61, 0x74, 0x63, 0x68, 0x20, 0x28, 0x65, 0x72, 0x72, 0x29, 0x20, 0x7b, 0x0d, 0x0a, 0x20
.byte 0x20, 0x20, 0x20, 0x73, 0x68, 0x6f, 0x77, 0x42, 0x61, 0x6e, 0x6e, 0x65, 0x72, 0x28, 0x22, 0x63
.byte 0x6f, 0x6e, 0x66, 0x69, 0x67, 0x42, 0x61, 0x6e, 0x6e, 0x65, 0x72, 0x22, 0x2c, 0x20, 0x65, 0x72
.byte 0x72, 0x2e, 0x6d, 0x65, 0x73, 0x73, 0x61, 0x67, 0x65, 0x2c, 0x20, 0x74, 0x72, 0x75, 0x65, 0x29
.byte 0x3b, 0x0d, 0x0a, 0x20, 0x20, 0x7d, 0x20, 0x66, 0x69, 0x6e, 0x61, 0x6c, 0x6c, 0x79, 0x20, 0x7b
.byte 0x0d, 0x0a, 0x20, 0x20, 0x20, 0x20, 0x62, 0x75, 0x74, 0x74, 0x6f, 0x6e, 0x2e, 0x64, 0x69, 0x73
.byte 0x61, 0x62, 0x6c, 0x65, 0x64, 0x20, 0x3d, 0x20, 0x66, 0x61, 0x6c, 0x73, 0x65, 0x3b, 0x0d, 0x0a
.byte 0x20, 0x20, 0x7d, 0x0d, 0x0a, 0x7d, 0x0d, 0x0a, 0x0d, 0x0a, 0x2f, 0x2a, 0x20, 0xe2, 0x95, 0x90
.byte 0xe2, 0x95, 0x90, 0xe2, 0x95, 0x90, 0xe2, 0x95, 0x90, 0xe2, 0x95, 0x90, 0xe2, 0x95, 0x90, 0xe2
.byte 0x95, 0x90, 0xe2, 0x95, 0x90, 0xe2, 0x95, 0x90, 0xe2, 0x95, 0x90, 0xe2, 0x95, 0x90, 0xe2, 0x95
.byte 0x90, 0xe2, 0x95, 0x90, 0xe2, 0x95, 0x90, 0xe2, 0x95, 0x90, 0xe2, 0x95, 0x90, 0xe2, 0x95, 0x90
.byte 0xe2, 0x95, 0x90, 0xe2, 0x95, 0x90, 0xe2, 0x95, 0x90, 0xe2, 0x95, 0x90, 0xe2, 0x95, 0x90, 0xe2
.byte 0x95, 0x90, 0xe2, 0x95, 0x90, 0xe2, 0x95, 0x90, 0xe2, 0x95, 0x90, 0xe2, 0x95, 0x90, 0xe2, 0x95
.byte 0x90, 0xe2, 0x95, 0x90, 0xe2, 0x95, 0x90, 0xe2, 0x95, 0x90, 0xe2, 0x95, 0x90, 0xe2, 0x95, 0x90
.byte 0xe2, 0x95, 0x90, 0xe2, 0x95, 0x90, 0xe2, 0x95, 0x90, 0xe2, 0x95, 0x90, 0xe2, 0x95, 0x90, 0xe2
.byte 0x95, 0x90, 0xe2, 0x95, 0x90, 0xe2, 0x95, 0x90, 0xe2, 0x95, 0x90, 0xe2, 0x95, 0x90, 0xe2, 0x95
.byte 0x90, 0xe2, 0x95, 0x90, 0xe2, 0x95, 0x90, 0xe2, 0x95, 0x90, 0xe2, 0x95, 0x90, 0xe2, 0x95, 0x90
.byte 0xe2, 0x95, 0x90, 0xe2, 0x95, 0x90, 0x0d, 0x0a, 0x20, 0x20, 0x20, 0x57, 0x65, 0x43, 0x68, 0x61
.byte 0x74, 0x20, 0x4c, 0x6f, 0x67, 0x69, 0x6e, 0x0d, 0x0a, 0x20, 0x20, 0x20, 0xe2, 0x95, 0x90, 0xe2
.byte 0x95, 0x90, 0xe2, 0x95, 0x90, 0xe2, 0x95, 0x90, 0xe2, 0x95, 0x90, 0xe2, 0x95, 0x90, 0xe2, 0x95
.byte 0x90, 0xe2, 0x95, 0x90, 0xe2, 0x95, 0x90, 0xe2, 0x95, 0x90, 0xe2, 0x95, 0x90, 0xe2, 0x95, 0x90
.byte 0xe2, 0x95, 0x90, 0xe2, 0x95, 0x90, 0xe2, 0x95, 0x90, 0xe2, 0x95, 0x90, 0xe2, 0x95, 0x90, 0xe2
.byte 0x95, 0x90, 0xe2, 0x95, 0x90, 0xe2, 0x95, 0x90, 0xe2, 0x95, 0x90, 0xe2, 0x95, 0x90, 0xe2, 0x95
.byte 0x90, 0xe2, 0x95, 0x90, 0xe2, 0x95, 0x90, 0xe2, 0x95, 0x90, 0xe2, 0x95, 0x90, 0xe2, 0x95, 0x90
.byte 0xe2, 0x95, 0x90, 0xe2, 0x95, 0x90, 0xe2, 0x95, 0x90, 0xe2, 0x95, 0x90, 0xe2, 0x95, 0x90, 0xe2
.byte 0x95, 0x90, 0xe2, 0x95, 0x90, 0xe2, 0x95, 0x90, 0xe2, 0x95, 0x90, 0xe2, 0x95, 0x90, 0xe2, 0x95
.byte 0x90, 0xe2, 0x95, 0x90, 0xe2, 0x95, 0x90, 0xe2, 0x95, 0x90, 0xe2, 0x95, 0x90, 0xe2, 0x95, 0x90
.byte 0xe2, 0x95, 0x90, 0xe2, 0x95, 0x90, 0xe2, 0x95, 0x90, 0xe2, 0x95, 0x90, 0xe2, 0x95, 0x90, 0xe2
.byte 0x95, 0x90, 0xe2, 0x95, 0x90, 0x20, 0x2a, 0x2f, 0x0d, 0x0a, 0x0d, 0x0a, 0x6c, 0x65, 0x74, 0x20
.byte 0x77, 0x65, 0x63, 0x68, 0x61, 0x74, 0x4c, 0x6f, 0x67, 0x69, 0x6e, 0x50, 0x6f, 0x6c, 0x6c, 0x54
.byte 0x69, 0x6d, 0x65, 0x72, 0x20, 0x3d, 0x20, 0x6e, 0x75, 0x6c, 0x6c, 0x3b, 0x0d, 0x0a, 0x0d, 0x0a
.byte 0x66, 0x75, 0x6e, 0x63, 0x74, 0x69, 0x6f, 0x6e, 0x20, 0x73, 0x74, 0x6f, 0x70, 0x57, 0x65, 0x63
.byte 0x68, 0x61, 0x74, 0x4c, 0x6f, 0x67, 0x69, 0x6e, 0x50, 0x6f, 0x6c, 0x6c, 0x69, 0x6e, 0x67, 0x28
.byte 0x29, 0x20, 0x7b, 0x0d, 0x0a, 0x20, 0x20, 0x69, 0x66, 0x20, 0x28, 0x77, 0x65, 0x63, 0x68, 0x61
.byte 0x74, 0x4c, 0x6f, 0x67, 0x69, 0x6e, 0x50, 0x6f, 0x6c, 0x6c, 0x54, 0x69, 0x6d, 0x65, 0x72, 0x29
.byte 0x20, 0x7b, 0x0d, 0x0a, 0x20, 0x20, 0x20, 0x20, 0x63, 0x6c, 0x65, 0x61, 0x72, 0x54, 0x69, 0x6d
.byte 0x65, 0x6f, 0x75, 0x74, 0x28, 0x77, 0x65, 0x63, 0x68, 0x61, 0x74, 0x4c, 0x6f, 0x67, 0x69, 0x6e
.byte 0x50, 0x6f, 0x6c, 0x6c, 0x54, 0x69, 0x6d, 0x65, 0x72, 0x29, 0x3b, 0x0d, 0x0a, 0x20, 0x20, 0x20
.byte 0x20, 0x77, 0x65, 0x63, 0x68, 0x61, 0x74, 0x4c, 0x6f, 0x67, 0x69, 0x6e, 0x50, 0x6f, 0x6c, 0x6c
.byte 0x54, 0x69, 0x6d, 0x65, 0x72, 0x20, 0x3d, 0x20, 0x6e, 0x75, 0x6c, 0x6c, 0x3b, 0x0d, 0x0a, 0x20
.byte 0x20, 0x7d, 0x0d, 0x0a, 0x7d, 0x0d, 0x0a, 0x0d, 0x0a, 0x66, 0x75, 0x6e, 0x63, 0x74, 0x69, 0x6f
.byte 0x6e, 0x20, 0x72, 0x65, 0x6e, 0x64, 0x65, 0x72, 0x57, 0x65, 0x63, 0x68, 0x61, 0x74, 0x4c, 0x6f
.byte 0x67, 0x69, 0x6e, 0x53, 0x74, 0x61, 0x74, 0x75, 0x73, 0x28, 0x64, 0x61, 0x74, 0x61, 0x29, 0x20
.byte 0x7b, 0x0d, 0x0a, 0x20, 0x20, 0x63, 0x6f, 0x6e, 0x73, 0x74, 0x20, 0x71, 0x72, 0x43, 0x61, 0x6e
.byte 0x76, 0x61, 0x73, 0x20, 0x3d, 0x20, 0x64, 0x6f, 0x63, 0x75, 0x6d, 0x65, 0x6e, 0x74, 0x2e, 0x67
.byte 0x65, 0x74, 0x45, 0x6c, 0x65, 0x6d, 0x65, 0x6e, 0x74, 0x42, 0x79, 0x49, 0x64, 0x28, 0x22, 0x77
.byte 0x65, 0x63, 0x68, 0x61, 0x74, 0x4c, 0x6f, 0x67, 0x69, 0x6e, 0x51, 0x72, 0x22, 0x29, 0x3b, 0x0d
.byte 0x0a, 0x20, 0x20, 0x63, 0x6f, 0x6e, 0x73, 0x74, 0x20, 0x71, 0x72, 0x4c, 0x69, 0x6e, 0x6b, 0x20
.byte 0x3d, 0x20, 0x64, 0x6f, 0x63, 0x75, 0x6d, 0x65, 0x6e, 0x74, 0x2e, 0x67, 0x65, 0x74, 0x45, 0x6c
.byte 0x65, 0x6d, 0x65, 0x6e, 0x74, 0x42, 0x79, 0x49, 0x64, 0x28, 0x22, 0x77, 0x65, 0x63, 0x68, 0x61
.byte 0x74, 0x4c, 0x6f, 0x67, 0x69, 0x6e, 0x51, 0x72, 0x4c, 0x69, 0x6e, 0x6b, 0x22, 0x29, 0x3b, 0x0d
.byte 0x0a, 0x20, 0x20, 0x63, 0x6f, 0x6e, 0x73, 0x74, 0x20, 0x6d, 0x65, 0x74, 0x61, 0x20, 0x3d, 0x20
.byte 0x64, 0x6f, 0x63, 0x75, 0x6d, 0x65, 0x6e, 0x74, 0x2e, 0x67, 0x65, 0x74, 0x45, 0x6c, 0x65, 0x6d
.byte 0x65, 0x6e, 0x74, 0x42, 0x79, 0x49, 0x64, 0x28, 0x22, 0x77, 0x65, 0x63, 0x68, 0x61, 0x74, 0x4c
.byte 0x6f, 0x67, 0x69, 0x6e, 0x4d, 0x65, 0x74, 0x61, 0x22, 0x29, 0x3b, 0x0d, 0x0a, 0x0d, 0x0a, 0x20
.byte 0x20, 0x69, 0x66, 0x20, 0x28, 0x64, 0x61, 0x74, 0x61, 0x2e, 0x71, 0x72, 0x5f, 0x64, 0x61, 0x74
.byte 0x61, 0x5f, 0x75, 0x72, 0x6c, 0x29, 0x20, 0x7b, 0x0d, 0x0a, 0x20, 0x20, 0x20, 0x20, 0x69, 0x66
.byte 0x20, 0x28, 0x74, 0x79, 0x70, 0x65, 0x6f, 0x66, 0x20, 0x77, 0x69, 0x6e, 0x64, 0x6f, 0x77, 0x2e
.byte 0x72, 0x65, 0x6e, 0x64, 0x65, 0x72, 0x57, 0x65, 0x63, 0x68, 0x61, 0x74, 0x51, 0x72, 0x20, 0x3d
.byte 0x3d, 0x3d, 0x20, 0x22, 0x66, 0x75, 0x6e, 0x63, 0x74, 0x69, 0x6f, 0x6e, 0x22, 0x29, 0x20, 0x7b
.byte 0x0d, 0x0a, 0x20, 0x20, 0x20, 0x20, 0x20, 0x20, 0x74, 0x72, 0x79, 0x20, 0x7b, 0x0d, 0x0a, 0x20
.byte 0x20, 0x20, 0x20, 0x20, 0x20, 0x20, 0x20, 0x77, 0x69, 0x6e, 0x64, 0x6f, 0x77, 0x2e, 0x72, 0x65
.byte 0x6e, 0x64, 0x65, 0x72, 0x57, 0x65, 0x63, 0x68, 0x61, 0x74, 0x51, 0x72, 0x28, 0x71, 0x72, 0x43
.byte 0x61, 0x6e, 0x76, 0x61, 0x73, 0x2c, 0x20, 0x64, 0x61, 0x74, 0x61, 0x2e, 0x71, 0x72, 0x5f, 0x64
.byte 0x61, 0x74, 0x61, 0x5f, 0x75, 0x72, 0x6c, 0x29, 0x3b, 0x0d, 0x0a, 0x20, 0x20, 0x20, 0x20, 0x20
.byte 0x20, 0x7d, 0x20, 0x63, 0x61, 0x74, 0x63, 0x68, 0x20, 0x28, 0x65, 0x72, 0x72, 0x6f, 0x72, 0x29
.byte 0x20, 0x7b, 0x0d, 0x0a, 0x20, 0x20, 0x20, 0x20, 0x20, 0x20, 0x20, 0x20, 0x63, 0x6f, 0x6e, 0x73
.byte 0x6f, 0x6c, 0x65, 0x2e, 0x65, 0x72, 0x72, 0x6f, 0x72, 0x28, 0x22, 0x46, 0x61, 0x69, 0x6c, 0x65
.byte 0x64, 0x20, 0x74, 0x6f, 0x20, 0x72, 0x65, 0x6e, 0x64, 0x65, 0x72, 0x20, 0x57, 0x65, 0x43, 0x68
.byte 0x61, 0x74, 0x20, 0x51, 0x52, 0x3a, 0x22, 0x2c, 0x20, 0x65, 0x72, 0x72, 0x6f, 0x72, 0x29, 0x3b
.byte 0x0d, 0x0a, 0x20, 0x20, 0x20, 0x20, 0x20, 0x20, 0x7d, 0x0d, 0x0a, 0x20, 0x20, 0x20, 0x20, 0x7d
.byte 0x0d, 0x0a, 0x20, 0x20, 0x20, 0x20, 0x71, 0x72, 0x43, 0x61, 0x6e, 0x76, 0x61, 0x73, 0x2e, 0x63
.byte 0x6c, 0x61, 0x73, 0x73, 0x4c, 0x69, 0x73, 0x74, 0x2e, 0x72, 0x65, 0x6d, 0x6f, 0x76, 0x65, 0x28
.byte 0x22, 0x68, 0x69, 0x64, 0x64, 0x65, 0x6e, 0x22, 0x29, 0x3b, 0x0d, 0x0a, 0x20, 0x20, 0x20, 0x20
.byte 0x71, 0x72, 0x4c, 0x69, 0x6e, 0x6b, 0x2e, 0x68, 0x72, 0x65, 0x66, 0x20, 0x3d, 0x20, 0x64, 0x61
.byte 0x74, 0x61, 0x2e, 0x71, 0x72, 0x5f, 0x64, 0x61, 0x74, 0x61, 0x5f, 0x75, 0x72, 0x6c, 0x3b, 0x0d
.byte 0x0a, 0x20, 0x20, 0x20, 0x20, 0x71, 0x72, 0x4c, 0x69, 0x6e, 0x6b, 0x2e, 0x74, 0x65, 0x78, 0x74
.byte 0x43, 0x6f, 0x6e, 0x74, 0x65, 0x6e, 0x74, 0x20, 0x3d, 0x20, 0x74, 0x28, 0x22, 0x77, 0x65, 0x63
.byte 0x68, 0x61, 0x74, 0x4c, 0x6f, 0x67, 0x69, 0x6e, 0x4f, 0x70, 0x65, 0x6e, 0x4c, 0x69, 0x6e, 0x6b
.byte 0x22, 0x29, 0x3b, 0x0d, 0x0a, 0x20, 0x20, 0x20, 0x20, 0x71, 0x72, 0x4c, 0x69, 0x6e, 0x6b, 0x2e
.byte 0x63, 0x6c, 0x61, 0x73, 0x73, 0x4c, 0x69, 0x73, 0x74, 0x2e, 0x72, 0x65, 0x6d, 0x6f, 0x76, 0x65
.byte 0x28, 0x22, 0x68, 0x69, 0x64, 0x64, 0x65, 0x6e, 0x22, 0x29, 0x3b, 0x0d, 0x0a, 0x20, 0x20, 0x7d
.byte 0x20, 0x65, 0x6c, 0x73, 0x65, 0x20, 0x7b, 0x0d, 0x0a, 0x20, 0x20, 0x20, 0x20, 0x63, 0x6f, 0x6e
.byte 0x73, 0x74, 0x20, 0x63, 0x74, 0x78, 0x20, 0x3d, 0x20, 0x71, 0x72, 0x43, 0x61, 0x6e, 0x76, 0x61
.byte 0x73, 0x2e, 0x67, 0x65, 0x74, 0x43, 0x6f, 0x6e, 0x74, 0x65, 0x78, 0x74, 0x28, 0x22, 0x32, 0x64
.byte 0x22, 0x29, 0x3b, 0x0d, 0x0a, 0x20, 0x20, 0x20, 0x20, 0x69, 0x66, 0x20, 0x28, 0x63, 0x74, 0x78
.byte 0x29, 0x20, 0x7b, 0x0d, 0x0a, 0x20, 0x20, 0x20, 0x20, 0x20, 0x20, 0x63, 0x74, 0x78, 0x2e, 0x63
.byte 0x6c, 0x65, 0x61, 0x72, 0x52, 0x65, 0x63, 0x74, 0x28, 0x30, 0x2c, 0x20, 0x30, 0x2c, 0x20, 0x71
.byte 0x72, 0x43, 0x61, 0x6e, 0x76, 0x61, 0x73, 0x2e, 0x77, 0x69, 0x64, 0x74, 0x68, 0x2c, 0x20, 0x71
.byte 0x72, 0x43, 0x61, 0x6e, 0x76, 0x61, 0x73, 0x2e, 0x68, 0x65, 0x69, 0x67, 0x68, 0x74, 0x29, 0x3b
.byte 0x0d, 0x0a, 0x20, 0x20, 0x20, 0x20, 0x7d, 0x0d, 0x0a, 0x20, 0x20, 0x20, 0x20, 0x71, 0x72, 0x43
.byte 0x61, 0x6e, 0x76, 0x61, 0x73, 0x2e, 0x63, 0x6c, 0x61, 0x73, 0x73, 0x4c, 0x69, 0x73, 0x74, 0x2e
.byte 0x61, 0x64, 0x64, 0x28, 0x22, 0x68, 0x69, 0x64, 0x64, 0x65, 0x6e, 0x22, 0x29, 0x3b, 0x0d, 0x0a
.byte 0x20, 0x20, 0x20, 0x20, 0x71, 0x72, 0x4c, 0x69, 0x6e, 0x6b, 0x2e, 0x72, 0x65, 0x6d, 0x6f, 0x76
.byte 0x65, 0x41, 0x74, 0x74, 0x72, 0x69, 0x62, 0x75, 0x74, 0x65, 0x28, 0x22, 0x68, 0x72, 0x65, 0x66
.byte 0x22, 0x29, 0x3b, 0x0d, 0x0a, 0x20, 0x20, 0x20, 0x20, 0x71, 0x72, 0x4c, 0x69, 0x6e, 0x6b, 0x2e
.byte 0x74, 0x65, 0x78, 0x74, 0x43, 0x6f, 0x6e, 0x74, 0x65, 0x6e, 0x74, 0x20, 0x3d, 0x20, 0x22, 0x22
.byte 0x3b, 0x0d, 0x0a, 0x20, 0x20, 0x20, 0x20, 0x71, 0x72, 0x4c, 0x69, 0x6e, 0x6b, 0x2e, 0x63, 0x6c
.byte 0x61, 0x73, 0x73, 0x4c, 0x69, 0x73, 0x74, 0x2e, 0x61, 0x64, 0x64, 0x28, 0x22, 0x68, 0x69, 0x64
.byte 0x64, 0x65, 0x6e, 0x22, 0x29, 0x3b, 0x0d, 0x0a, 0x20, 0x20, 0x7d, 0x0d, 0x0a, 0x0d, 0x0a, 0x20
.byte 0x20, 0x6d, 0x65, 0x74, 0x61, 0x2e, 0x74, 0x65, 0x78, 0x74, 0x43, 0x6f, 0x6e, 0x74, 0x65, 0x6e
.byte 0x74, 0x20, 0x3d, 0x20, 0x64, 0x61, 0x74, 0x61, 0x2e, 0x73, 0x74, 0x61, 0x74, 0x75, 0x73, 0x0d
.byte 0x0a, 0x20, 0x20, 0x20, 0x20, 0x3f, 0x20, 0x28, 0x63, 0x75, 0x72, 0x72, 0x65, 0x6e, 0x74, 0x4c
.byte 0x61, 0x6e, 0x67, 0x20, 0x3d, 0x3d, 0x3d, 0x20, 0x22, 0x7a, 0x68, 0x2d, 0x63, 0x6e, 0x22, 0x20
.byte 0x3f, 0x20, 0x22, 0xe7, 0x8a, 0xb6, 0xe6, 0x80, 0x81, 0xef, 0xbc, 0x9a, 0x22, 0x20, 0x3a, 0x20
.byte 0x22, 0x53, 0x74, 0x61, 0x74, 0x75, 0x73, 0x3a, 0x20, 0x22, 0x29, 0x20, 0x2b, 0x20, 0x64, 0x61
.byte 0x74, 0x61, 0x2e, 0x73, 0x74, 0x61, 0x74, 0x75, 0x73, 0x0d, 0x0a, 0x20, 0x20, 0x20, 0x20, 0x3a
.byte 0x20, 0x74, 0x28, 0x22, 0x77, 0x65, 0x63, 0x68, 0x61, 0x74, 0x4c, 0x6f, 0x67, 0x69, 0x6e, 0x53
.byte 0x74, 0x61, 0x74, 0x75, 0x73, 0x22, 0x29, 0x3b, 0x0d, 0x0a, 0x0d, 0x0a, 0x20, 0x20, 0x69, 0x66
.byte 0x20, 0x28, 0x64, 0x61, 0x74, 0x61, 0x2e, 0x6d, 0x65, 0x73, 0x73, 0x61, 0x67, 0x65, 0x29, 0x20
.byte 0x7b, 0x0d, 0x0a, 0x20, 0x20, 0x20, 0x20, 0x73, 0x68, 0x6f, 0x77, 0x42, 0x61, 0x6e, 0x6e, 0x65
.byte 0x72, 0x28, 0x22, 0x77, 0x65, 0x63, 0x68, 0x61, 0x74, 0x4c, 0x6f, 0x67, 0x69, 0x6e, 0x42, 0x61
.byte 0x6e, 0x6e, 0x65, 0x72, 0x22, 0x2c, 0x20, 0x64, 0x61, 0x74, 0x61, 0x2e, 0x6d, 0x65, 0x73, 0x73
.byte 0x61, 0x67, 0x65, 0x29, 0x3b, 0x0d, 0x0a, 0x20, 0x20, 0x7d, 0x20, 0x65, 0x6c, 0x73, 0x65, 0x20
.byte 0x7b, 0x0d, 0x0a, 0x20, 0x20, 0x20, 0x20, 0x68, 0x69, 0x64, 0x65, 0x42, 0x61, 0x6e, 0x6e, 0x65
.byte 0x72, 0x28, 0x22, 0x77, 0x65, 0x63, 0x68, 0x61, 0x74, 0x4c, 0x6f, 0x67, 0x69, 0x6e, 0x42, 0x61
.byte 0x6e, 0x6e, 0x65, 0x72, 0x22, 0x29, 0x3b, 0x0d, 0x0a, 0x20, 0x20, 0x7d, 0x0d, 0x0a, 0x0d, 0x0a
.byte 0x20, 0x20, 0x69, 0x66, 0x20, 0x28, 0x64, 0x61, 0x74, 0x61, 0x2e, 0x63, 0x6f, 0x6d, 0x70, 0x6c
.byte 0x65, 0x74, 0x65, 0x64, 0x20, 0x26, 0x26, 0x20, 0x64, 0x61, 0x74, 0x61, 0x2e, 0x70, 0x65, 0x72
.byte 0x73, 0x69, 0x73, 0x74, 0x65, 0x64, 0x29, 0x20, 0x7b, 0x0d, 0x0a, 0x20, 0x20, 0x20, 0x20, 0x72
.byte 0x65, 0x6c, 0x6f, 0x61, 0x64, 0x57, 0x65, 0x63, 0x68, 0x61, 0x74, 0x46, 0x69, 0x65, 0x6c, 0x64
.byte 0x73, 0x28, 0x29, 0x2e, 0x63, 0x61, 0x74, 0x63, 0x68, 0x28, 0x28, 0x29, 0x20, 0x3d, 0x3e, 0x20
.byte 0x7b, 0x7d, 0x29, 0x3b, 0x0d, 0x0a, 0x20, 0x20, 0x7d, 0x0d, 0x0a, 0x7d, 0x0d, 0x0a, 0x0d, 0x0a
.byte 0x61, 0x73, 0x79, 0x6e, 0x63, 0x20, 0x66, 0x75, 0x6e, 0x63, 0x74, 0x69, 0x6f, 0x6e, 0x20, 0x70
.byte 0x6f, 0x6c, 0x6c, 0x57, 0x65, 0x63, 0x68, 0x61, 0x74, 0x4c, 0x6f, 0x67, 0x69, 0x6e, 0x53, 0x74
.byte 0x61, 0x74, 0x75, 0x73, 0x28, 0x29, 0x20, 0x7b, 0x0d, 0x0a, 0x20, 0x20, 0x74, 0x72, 0x79, 0x20
.byte 0x7b, 0x0d, 0x0a, 0x20, 0x20, 0x20, 0x20, 0x63, 0x6f, 0x6e, 0x73, 0x74, 0x20, 0x72, 0x65, 0x73
.byte 0x70, 0x6f, 0x6e, 0x73, 0x65, 0x20, 0x3d, 0x20, 0x61, 0x77, 0x61, 0x69, 0x74, 0x20, 0x66, 0x65
.byte 0x74, 0x63, 0x68, 0x28, 0x22, 0x2f, 0x61, 0x70, 0x69, 0x2f, 0x77, 0x65, 0x63, 0x68, 0x61, 0x74
.byte 0x2f, 0x6c, 0x6f, 0x67, 0x69, 0x6e, 0x2f, 0x73, 0x74, 0x61, 0x74, 0x75, 0x73, 0x22, 0x2c, 0x20
.byte 0x7b, 0x0d, 0x0a, 0x20, 0x20, 0x20, 0x20, 0x20, 0x20, 0x63, 0x61, 0x63, 0x68, 0x65, 0x3a, 0x20
.byte 0x22, 0x6e, 0x6f, 0x2d, 0x73, 0x74, 0x6f, 0x72, 0x65, 0x22, 0x2c, 0x0d, 0x0a, 0x20, 0x20, 0x20
.byte 0x20, 0x7d, 0x29, 0x3b, 0x0d, 0x0a, 0x20, 0x20, 0x20, 0x20, 0x63, 0x6f, 0x6e, 0x73, 0x74, 0x20
.byte 0x64, 0x61, 0x74, 0x61, 0x20, 0x3d, 0x20, 0x61, 0x77, 0x61, 0x69, 0x74, 0x20, 0x72, 0x65, 0x73
.byte 0x70, 0x6f, 0x6e, 0x73, 0x65, 0x2e, 0x6a, 0x73, 0x6f, 0x6e, 0x28, 0x29, 0x3b, 0x0d, 0x0a, 0x20
.byte 0x20, 0x20, 0x20, 0x69, 0x66, 0x20, 0x28, 0x21, 0x72, 0x65, 0x73, 0x70, 0x6f, 0x6e, 0x73, 0x65
.byte 0x2e, 0x6f, 0x6b, 0x29, 0x0d, 0x0a, 0x20, 0x20, 0x20, 0x20, 0x20, 0x20, 0x74, 0x68, 0x72, 0x6f
.byte 0x77, 0x20, 0x6e, 0x65, 0x77, 0x20, 0x45, 0x72, 0x72, 0x6f, 0x72, 0x28, 0x64, 0x61, 0x74, 0x61
.byte 0x2e, 0x65, 0x72, 0x72, 0x6f, 0x72, 0x20, 0x7c, 0x7c, 0x20, 0x22, 0x46, 0x61, 0x69, 0x6c, 0x65
.byte 0x64, 0x20, 0x74, 0x6f, 0x20, 0x66, 0x65, 0x74, 0x63, 0x68, 0x20, 0x57, 0x65, 0x43, 0x68, 0x61
.byte 0x74, 0x20, 0x6c, 0x6f, 0x67, 0x69, 0x6e, 0x20, 0x73, 0x74, 0x61, 0x74, 0x75, 0x73, 0x22, 0x29
.byte 0x3b, 0x0d, 0x0a, 0x20, 0x20, 0x20, 0x20, 0x72, 0x65, 0x6e, 0x64, 0x65, 0x72, 0x57, 0x65, 0x63
.byte 0x68, 0x61, 0x74, 0x4c, 0x6f, 0x67, 0x69, 0x6e, 0x53, 0x74, 0x61, 0x74, 0x75, 0x73, 0x28, 0x64
.byte 0x61, 0x74, 0x61, 0x29, 0x3b, 0x0d, 0x0a, 0x20, 0x20, 0x20, 0x20, 0x69, 0x66, 0x20, 0x28, 0x64
.byte 0x61, 0x74, 0x61, 0x2e, 0x61, 0x63, 0x74, 0x69, 0x76, 0x65, 0x20, 0x7c, 0x7c, 0x20, 0x28, 0x64
.byte 0x61, 0x74, 0x61, 0x2e, 0x63, 0x6f, 0x6d, 0x70, 0x6c, 0x65, 0x74, 0x65, 0x64, 0x20, 0x26, 0x26
.byte 0x20, 0x21, 0x64, 0x61, 0x74, 0x61, 0x2e, 0x70, 0x65, 0x72, 0x73, 0x69, 0x73, 0x74, 0x65, 0x64
.byte 0x29, 0x29, 0x20, 0x7b, 0x0d, 0x0a, 0x20, 0x20, 0x20, 0x20, 0x20, 0x20, 0x77, 0x65, 0x63, 0x68
.byte 0x61, 0x74, 0x4c, 0x6f, 0x67, 0x69, 0x6e, 0x50, 0x6f, 0x6c, 0x6c, 0x54, 0x69, 0x6d, 0x65, 0x72
.byte 0x20, 0x3d, 0x20, 0x73, 0x65, 0x74, 0x54, 0x69, 0x6d, 0x65, 0x6f, 0x75, 0x74, 0x28, 0x70, 0x6f
.byte 0x6c, 0x6c, 0x57, 0x65, 0x63, 0x68, 0x61, 0x74, 0x4c, 0x6f, 0x67, 0x69, 0x6e, 0x53, 0x74, 0x61
.byte 0x74, 0x75, 0x73, 0x2c, 0x20, 0x31, 0x35, 0x30, 0x30, 0x29, 0x3b, 0x0d, 0x0a, 0x20, 0x20, 0x20
.byte 0x20, 0x7d, 0x20, 0x65, 0x6c, 0x73, 0x65, 0x20, 0x7b, 0x0d, 0x0a, 0x20, 0x20, 0x20, 0x20, 0x20
.byte 0x20, 0x73, 0x74, 0x6f, 0x70, 0x57, 0x65, 0x63, 0x68, 0x61, 0x74, 0x4c, 0x6f, 0x67, 0x69, 0x6e
.byte 0x50, 0x6f, 0x6c, 0x6c, 0x69, 0x6e, 0x67, 0x28, 0x29, 0x3b, 0x0d, 0x0a, 0x20, 0x20, 0x20, 0x20
.byte 0x7d, 0x0d, 0x0a, 0x20, 0x20, 0x7d, 0x20, 0x63, 0x61, 0x74, 0x63, 0x68, 0x20, 0x28, 0x65, 0x72
.byte 0x72, 0x29, 0x20, 0x7b, 0x0d, 0x0a, 0x20, 0x20, 0x20, 0x20, 0x73, 0x68, 0x6f, 0x77, 0x42, 0x61
.byte 0x6e, 0x6e, 0x65, 0x72, 0x28, 0x22, 0x77, 0x65, 0x63, 0x68, 0x61, 0x74, 0x4c, 0x6f, 0x67, 0x69
.byte 0x6e, 0x42, 0x61, 0x6e, 0x6e, 0x65, 0x72, 0x22, 0x2c, 0x20, 0x65, 0x72, 0x72, 0x2e, 0x6d, 0x65
.byte 0x73, 0x73, 0x61, 0x67, 0x65, 0x2c, 0x20, 0x74, 0x72, 0x75, 0x65, 0x29, 0x3b, 0x0d, 0x0a, 0x20
.byte 0x20, 0x20, 0x20, 0x73, 0x74, 0x6f, 0x70, 0x57, 0x65, 0x63, 0x68, 0x61, 0x74, 0x4c, 0x6f, 0x67
.byte 0x69, 0x6e, 0x50, 0x6f, 0x6c, 0x6c, 0x69, 0x6e, 0x67, 0x28, 0x29, 0x3b, 0x0d, 0x0a, 0x20, 0x20
.byte 0x7d, 0x0d, 0x0a, 0x7d, 0x0d, 0x0a, 0x0d, 0x0a, 0x61, 0x73, 0x79, 0x6e, 0x63, 0x20, 0x66, 0x75
.byte 0x6e, 0x63, 0x74, 0x69, 0x6f, 0x6e, 0x20, 0x73, 0x74, 0x61, 0x72, 0x74, 0x57, 0x65, 0x63, 0x68
.byte 0x61, 0x74, 0x4c, 0x6f, 0x67, 0x69, 0x6e, 0x28, 0x29, 0x20, 0x7b, 0x0d, 0x0a, 0x20, 0x20, 0x63
.byte 0x6f, 0x6e, 0x73, 0x74, 0x20, 0x62, 0x75, 0x74, 0x74, 0x6f, 0x6e, 0x20, 0x3d, 0x20, 0x64, 0x6f
.byte 0x63, 0x75, 0x6d, 0x65, 0x6e, 0x74, 0x2e, 0x67, 0x65, 0x74, 0x45, 0x6c, 0x65, 0x6d, 0x65, 0x6e
.byte 0x74, 0x42, 0x79, 0x49, 0x64, 0x28, 0x22, 0x77, 0x65, 0x63, 0x68, 0x61, 0x74, 0x4c, 0x6f, 0x67
.byte 0x69, 0x6e, 0x53, 0x74, 0x61, 0x72, 0x74, 0x42, 0x75, 0x74, 0x74, 0x6f, 0x6e, 0x22, 0x29, 0x3b
.byte 0x0d, 0x0a, 0x20, 0x20, 0x62, 0x75, 0x74, 0x74, 0x6f, 0x6e, 0x2e, 0x64, 0x69, 0x73, 0x61, 0x62
.byte 0x6c, 0x65, 0x64, 0x20, 0x3d, 0x20, 0x74, 0x72, 0x75, 0x65, 0x3b, 0x0d, 0x0a, 0x20, 0x20, 0x68
.byte 0x69, 0x64, 0x65, 0x42, 0x61, 0x6e, 0x6e, 0x65, 0x72, 0x28, 0x22, 0x77, 0x65, 0x63, 0x68, 0x61
.byte 0x74, 0x4c, 0x6f, 0x67, 0x69, 0x6e, 0x42, 0x61, 0x6e, 0x6e, 0x65, 0x72, 0x22, 0x29, 0x3b, 0x0d
.byte 0x0a, 0x0d, 0x0a, 0x20, 0x20, 0x74, 0x72, 0x79, 0x20, 0x7b, 0x0d, 0x0a, 0x20, 0x20, 0x20, 0x20
.byte 0x63, 0x6f, 0x6e, 0x73, 0x74, 0x20, 0x72, 0x65, 0x73, 0x70, 0x6f, 0x6e, 0x73, 0x65, 0x20, 0x3d
.byte 0x20, 0x61, 0x77, 0x61, 0x69, 0x74, 0x20, 0x66, 0x65, 0x74, 0x63, 0x68, 0x28, 0x22, 0x2f, 0x61
.byte 0x70, 0x69, 0x2f, 0x77, 0x65, 0x63, 0x68, 0x61, 0x74, 0x2f, 0x6c, 0x6f, 0x67, 0x69, 0x6e, 0x2f
.byte 0x73, 0x74, 0x61, 0x72, 0x74, 0x22, 0x2c, 0x20, 0x7b, 0x0d, 0x0a, 0x20, 0x20, 0x20, 0x20, 0x20
.byte 0x20, 0x6d, 0x65, 0x74, 0x68, 0x6f, 0x64, 0x3a, 0x20, 0x22, 0x50, 0x4f, 0x53, 0x54, 0x22, 0x2c
.byte 0x0d, 0x0a, 0x20, 0x20, 0x20, 0x20, 0x20, 0x20, 0x63, 0x61, 0x63, 0x68, 0x65, 0x3a, 0x20, 0x22
.byte 0x6e, 0x6f, 0x2d, 0x73, 0x74, 0x6f, 0x72, 0x65, 0x22, 0x2c, 0x0d, 0x0a, 0x20, 0x20, 0x20, 0x20
.byte 0x20, 0x20, 0x68, 0x65, 0x61, 0x64, 0x65, 0x72, 0x73, 0x3a, 0x20, 0x7b, 0x20, 0x22, 0x43, 0x6f
.byte 0x6e, 0x74, 0x65, 0x6e, 0x74, 0x2d, 0x54, 0x79, 0x70, 0x65, 0x22, 0x3a, 0x20, 0x22, 0x61, 0x70
.byte 0x70, 0x6c, 0x69, 0x63, 0x61, 0x74, 0x69, 0x6f, 0x6e, 0x2f, 0x6a, 0x73, 0x6f, 0x6e, 0x22, 0x20
.byte 0x7d, 0x2c, 0x0d, 0x0a, 0x20, 0x20, 0x20, 0x20, 0x20, 0x20, 0x62, 0x6f, 0x64, 0x79, 0x3a, 0x20
.byte 0x4a, 0x53, 0x4f, 0x4e, 0x2e, 0x73, 0x74, 0x72, 0x69, 0x6e, 0x67, 0x69, 0x66, 0x79, 0x28, 0x7b
.byte 0x0d, 0x0a, 0x20, 0x20, 0x20, 0x20, 0x20, 0x20, 0x20, 0x20, 0x61, 0x63, 0x63, 0x6f, 0x75, 0x6e
.byte 0x74, 0x5f, 0x69, 0x64, 0x3a, 0x20, 0x64, 0x6f, 0x63, 0x75, 0x6d, 0x65, 0x6e, 0x74, 0x2e, 0x67
.byte 0x65, 0x74, 0x45, 0x6c, 0x65, 0x6d, 0x65, 0x6e, 0x74, 0x42, 0x79, 0x49, 0x64, 0x28, 0x22, 0x77
.byte 0x65, 0x63, 0x68, 0x61, 0x74, 0x5f, 0x61, 0x63, 0x63, 0x6f, 0x75, 0x6e, 0x74, 0x5f, 0x69, 0x64
.byte 0x22, 0x29, 0x2e, 0x76, 0x61, 0x6c, 0x75, 0x65, 0x2e, 0x74, 0x72, 0x69, 0x6d, 0x28, 0x29, 0x2c
.byte 0x0d, 0x0a, 0x20, 0x20, 0x20, 0x20, 0x20, 0x20, 0x20, 0x20, 0x66, 0x6f, 0x72, 0x63, 0x65, 0x3a
.byte 0x20, 0x74, 0x72, 0x75, 0x65, 0x2c, 0x0d, 0x0a, 0x20, 0x20, 0x20, 0x20, 0x20, 0x20, 0x7d, 0x29
.byte 0x2c, 0x0d, 0x0a, 0x20, 0x20, 0x20, 0x20, 0x7d, 0x29, 0x3b, 0x0d, 0x0a, 0x20, 0x20, 0x20, 0x20
.byte 0x63, 0x6f, 0x6e, 0x73, 0x74, 0x20, 0x64, 0x61, 0x74, 0x61, 0x20, 0x3d, 0x20, 0x61, 0x77, 0x61
.byte 0x69, 0x74, 0x20, 0x72, 0x65, 0x73, 0x70, 0x6f, 0x6e, 0x73, 0x65, 0x2e, 0x6a, 0x73, 0x6f, 0x6e
.byte 0x28, 0x29, 0x3b, 0x0d, 0x0a, 0x20, 0x20, 0x20, 0x20, 0x69, 0x66, 0x20, 0x28, 0x21, 0x72, 0x65
.byte 0x73, 0x70, 0x6f, 0x6e, 0x73, 0x65, 0x2e, 0x6f, 0x6b, 0x29, 0x0d, 0x0a, 0x20, 0x20, 0x20, 0x20
.byte 0x20, 0x20, 0x74, 0x68, 0x72, 0x6f, 0x77, 0x20, 0x6e, 0x65, 0x77, 0x20, 0x45, 0x72, 0x72, 0x6f
.byte 0x72, 0x28, 0x64, 0x61, 0x74, 0x61, 0x2e, 0x65, 0x72, 0x72, 0x6f, 0x72, 0x20, 0x7c, 0x7c, 0x20
.byte 0x22, 0x46, 0x61, 0x69, 0x6c, 0x65, 0x64, 0x20, 0x74, 0x6f, 0x20, 0x73, 0x74, 0x61, 0x72, 0x74
.byte 0x20, 0x57, 0x65, 0x43, 0x68, 0x61, 0x74, 0x20, 0x6c, 0x6f, 0x67, 0x69, 0x6e, 0x22, 0x29, 0x3b
.byte 0x0d, 0x0a, 0x20, 0x20, 0x20, 0x20, 0x72, 0x65, 0x6e, 0x64, 0x65, 0x72, 0x57, 0x65, 0x63, 0x68
.byte 0x61, 0x74, 0x4c, 0x6f, 0x67, 0x69, 0x6e, 0x53, 0x74, 0x61, 0x74, 0x75, 0x73, 0x28, 0x64, 0x61
.byte 0x74, 0x61, 0x29, 0x3b, 0x0d, 0x0a, 0x20, 0x20, 0x20, 0x20, 0x73, 0x74, 0x6f, 0x70, 0x57, 0x65
.byte 0x63, 0x68, 0x61, 0x74, 0x4c, 0x6f, 0x67, 0x69, 0x6e, 0x50, 0x6f, 0x6c, 0x6c, 0x69, 0x6e, 0x67
.byte 0x28, 0x29, 0x3b, 0x0d, 0x0a, 0x20, 0x20, 0x20, 0x20, 0x77, 0x65, 0x63, 0x68, 0x61, 0x74, 0x4c
.byte 0x6f, 0x67, 0x69, 0x6e, 0x50, 0x6f, 0x6c, 0x6c, 0x54, 0x69, 0x6d, 0x65, 0x72, 0x20, 0x3d, 0x20
.byte 0x73, 0x65, 0x74, 0x54, 0x69, 0x6d, 0x65, 0x6f, 0x75, 0x74, 0x28, 0x70, 0x6f, 0x6c, 0x6c, 0x57
.byte 0x65, 0x63, 0x68, 0x61, 0x74, 0x4c, 0x6f, 0x67, 0x69, 0x6e, 0x53, 0x74, 0x61, 0x74, 0x75, 0x73
.byte 0x2c, 0x20, 0x31, 0x30, 0x30, 0x30, 0x29, 0x3b, 0x0d, 0x0a, 0x20, 0x20, 0x7d, 0x20, 0x63, 0x61
.byte 0x74, 0x63, 0x68, 0x20, 0x28, 0x65, 0x72, 0x72, 0x29, 0x20, 0x7b, 0x0d, 0x0a, 0x20, 0x20, 0x20
.byte 0x20, 0x73, 0x68, 0x6f, 0x77, 0x42, 0x61, 0x6e, 0x6e, 0x65, 0x72, 0x28, 0x22, 0x77, 0x65, 0x63
.byte 0x68, 0x61, 0x74, 0x4c, 0x6f, 0x67, 0x69, 0x6e, 0x42, 0x61, 0x6e, 0x6e, 0x65, 0x72, 0x22, 0x2c
.byte 0x20, 0x65, 0x72, 0x72, 0x2e, 0x6d, 0x65, 0x73, 0x73, 0x61, 0x67, 0x65, 0x2c, 0x20, 0x74, 0x72
.byte 0x75, 0x65, 0x29, 0x3b, 0x0d, 0x0a, 0x20, 0x20, 0x7d, 0x20, 0x66, 0x69, 0x6e, 0x61, 0x6c, 0x6c
.byte 0x79, 0x20, 0x7b, 0x0d, 0x0a, 0x20, 0x20, 0x20, 0x20, 0x62, 0x75, 0x74, 0x74, 0x6f, 0x6e, 0x2e
.byte 0x64, 0x69, 0x73, 0x61, 0x62, 0x6c, 0x65, 0x64, 0x20, 0x3d, 0x20, 0x66, 0x61, 0x6c, 0x73, 0x65
.byte 0x3b, 0x0d, 0x0a, 0x20, 0x20, 0x7d, 0x0d, 0x0a, 0x7d, 0x0d, 0x0a, 0x0d, 0x0a, 0x61, 0x73, 0x79
.byte 0x6e, 0x63, 0x20, 0x66, 0x75, 0x6e, 0x63, 0x74, 0x69, 0x6f, 0x6e, 0x20, 0x63, 0x61, 0x6e, 0x63
.byte 0x65, 0x6c, 0x57, 0x65, 0x63, 0x68, 0x61, 0x74, 0x4c, 0x6f, 0x67, 0x69, 0x6e, 0x28, 0x29, 0x20
.byte 0x7b, 0x0d, 0x0a, 0x20, 0x20, 0x74, 0x72, 0x79, 0x20, 0x7b, 0x0d, 0x0a, 0x20, 0x20, 0x20, 0x20
.byte 0x63, 0x6f, 0x6e, 0x73, 0x74, 0x20, 0x72, 0x65, 0x73, 0x70, 0x6f, 0x6e, 0x73, 0x65, 0x20, 0x3d
.byte 0x20, 0x61, 0x77, 0x61, 0x69, 0x74, 0x20, 0x66, 0x65, 0x74, 0x63, 0x68, 0x28, 0x22, 0x2f, 0x61
.byte 0x70, 0x69, 0x2f, 0x77, 0x65, 0x63, 0x68, 0x61, 0x74, 0x2f, 0x6c, 0x6f, 0x67, 0x69, 0x6e, 0x2f
.byte 0x63, 0x61, 0x6e, 0x63, 0x65, 0x6c, 0x22, 0x2c, 0x20, 0x7b, 0x0d, 0x0a, 0x20, 0x20, 0x20, 0x20
.byte 0x20, 0x20, 0x6d, 0x65, 0x74, 0x68, 0x6f, 0x64, 0x3a, 0x20, 0x22, 0x50, 0x4f, 0x53, 0x54, 0x22
.byte 0x2c, 0x0d, 0x0a, 0x20, 0x20, 0x20, 0x20, 0x20, 0x20, 0x63, 0x61, 0x63, 0x68, 0x65, 0x3a, 0x20
.byte 0x22, 0x6e, 0x6f, 0x2d, 0x73, 0x74, 0x6f, 0x72, 0x65, 0x22, 0x2c, 0x0d, 0x0a, 0x20, 0x20, 0x20
.byte 0x20, 0x7d, 0x29, 0x3b, 0x0d, 0x0a, 0x20, 0x20, 0x20, 0x20, 0x63, 0x6f, 0x6e, 0x73, 0x74, 0x20
.byte 0x64, 0x61, 0x74, 0x61, 0x20, 0x3d, 0x20, 0x61, 0x77, 0x61, 0x69, 0x74, 0x20, 0x72, 0x65, 0x73
.byte 0x70, 0x6f, 0x6e, 0x73, 0x65, 0x2e, 0x6a, 0x73, 0x6f, 0x6e, 0x28, 0x29, 0x3b, 0x0d, 0x0a, 0x20
.byte 0x20, 0x20, 0x20, 0x69, 0x66, 0x20, 0x28, 0x21, 0x72, 0x65, 0x73, 0x70, 0x6f, 0x6e, 0x73, 0x65
.byte 0x2e, 0x6f, 0x6b, 0x29, 0x0d, 0x0a, 0x20, 0x20, 0x20, 0x20, 0x20, 0x20, 0x74, 0x68, 0x72, 0x6f
.byte 0x77, 0x20, 0x6e, 0x65, 0x77, 0x20, 0x45, 0x72, 0x72, 0x6f, 0x72, 0x28, 0x64, 0x61, 0x74, 0x61
.byte 0x2e, 0x65, 0x72, 0x72, 0x6f, 0x72, 0x20, 0x7c, 0x7c, 0x20, 0x22, 0x46, 0x61, 0x69, 0x6c, 0x65
.byte 0x64, 0x20, 0x74, 0x6f, 0x20, 0x63, 0x61, 0x6e, 0x63, 0x65, 0x6c, 0x20, 0x57, 0x65, 0x43, 0x68
.byte 0x61, 0x74, 0x20, 0x6c, 0x6f, 0x67, 0x69, 0x6e, 0x22, 0x29, 0x3b, 0x0d, 0x0a, 0x20, 0x20, 0x20
.byte 0x20, 0x72, 0x65, 0x6e, 0x64, 0x65, 0x72, 0x57, 0x65, 0x63, 0x68, 0x61, 0x74, 0x4c, 0x6f, 0x67
.byte 0x69, 0x6e, 0x53, 0x74, 0x61, 0x74, 0x75, 0x73, 0x28, 0x7b, 0x0d, 0x0a, 0x20, 0x20, 0x20, 0x20
.byte 0x20, 0x20, 0x73, 0x74, 0x61, 0x74, 0x75, 0x73, 0x3a, 0x20, 0x63, 0x75, 0x72, 0x72, 0x65, 0x6e
.byte 0x74, 0x4c, 0x61, 0x6e, 0x67, 0x20, 0x3d, 0x3d, 0x3d, 0x20, 0x22, 0x7a, 0x68, 0x2d, 0x63, 0x6e
.byte 0x22, 0x20, 0x3f, 0x20, 0x22, 0xe5, 0xb7, 0xb2, 0xe5, 0x8f, 0x96, 0xe6, 0xb6, 0x88, 0x22, 0x20
.byte 0x3a, 0x20, 0x22, 0x63, 0x61, 0x6e, 0x63, 0x65, 0x6c, 0x6c, 0x65, 0x64, 0x22, 0x2c, 0x0d, 0x0a
.byte 0x20, 0x20, 0x20, 0x20, 0x20, 0x20, 0x6d, 0x65, 0x73, 0x73, 0x61, 0x67, 0x65, 0x3a, 0x0d, 0x0a
.byte 0x20, 0x20, 0x20, 0x20, 0x20, 0x20, 0x20, 0x20, 0x64, 0x61, 0x74, 0x61, 0x2e, 0x6d, 0x65, 0x73
.byte 0x73, 0x61, 0x67, 0x65, 0x20, 0x7c, 0x7c, 0x0d, 0x0a, 0x20, 0x20, 0x20, 0x20, 0x20, 0x20, 0x20
.byte 0x20, 0x28, 0x63, 0x75, 0x72, 0x72, 0x65, 0x6e, 0x74, 0x4c, 0x61, 0x6e, 0x67, 0x20, 0x3d, 0x3d
.byte 0x3d, 0x20, 0x22, 0x7a, 0x68, 0x2d, 0x63, 0x6e, 0x22, 0x20, 0x3f, 0x20, 0x22, 0xe5, 0xb7, 0xb2
.byte 0xe5, 0x8f, 0x96, 0xe6, 0xb6, 0x88, 0xe5, 0xbe, 0xae, 0xe4, 0xbf, 0xa1, 0xe7, 0x99, 0xbb, 0xe5
.byte 0xbd, 0x95, 0xe3, 0x80, 0x82, 0x22, 0x20, 0x3a, 0x20, 0x22, 0x57, 0x65, 0x43, 0x68, 0x61, 0x74
.byte 0x20, 0x6c, 0x6f, 0x67, 0x69, 0x6e, 0x20, 0x63, 0x61, 0x6e, 0x63, 0x65, 0x6c, 0x6c, 0x65, 0x64
.byte 0x2e, 0x22, 0x29, 0x2c, 0x0d, 0x0a, 0x20, 0x20, 0x20, 0x20, 0x20, 0x20, 0x71, 0x72, 0x5f, 0x64
.byte 0x61, 0x74, 0x61, 0x5f, 0x75, 0x72, 0x6c, 0x3a, 0x20, 0x22, 0x22, 0x2c, 0x0d, 0x0a, 0x20, 0x20
.byte 0x20, 0x20, 0x20, 0x20, 0x63, 0x6f, 0x6d, 0x70, 0x6c, 0x65, 0x74, 0x65, 0x64, 0x3a, 0x20, 0x66
.byte 0x61, 0x6c, 0x73, 0x65, 0x2c, 0x0d, 0x0a, 0x20, 0x20, 0x20, 0x20, 0x20, 0x20, 0x70, 0x65, 0x72
.byte 0x73, 0x69, 0x73, 0x74, 0x65, 0x64, 0x3a, 0x20, 0x66, 0x61, 0x6c, 0x73, 0x65, 0x2c, 0x0d, 0x0a
.byte 0x20, 0x20, 0x20, 0x20, 0x7d, 0x29, 0x3b, 0x0d, 0x0a, 0x20, 0x20, 0x20, 0x20, 0x73, 0x74, 0x6f
.byte 0x70, 0x57, 0x65, 0x63, 0x68, 0x61, 0x74, 0x4c, 0x6f, 0x67, 0x69, 0x6e, 0x50, 0x6f, 0x6c, 0x6c
.byte 0x69, 0x6e, 0x67, 0x28, 0x29, 0x3b, 0x0d, 0x0a, 0x20, 0x20, 0x7d, 0x20, 0x63, 0x61, 0x74, 0x63
.byte 0x68, 0x20, 0x28, 0x65, 0x72, 0x72, 0x29, 0x20, 0x7b, 0x0d, 0x0a, 0x20, 0x20, 0x20, 0x20, 0x73
.byte 0x68, 0x6f, 0x77, 0x42, 0x61, 0x6e, 0x6e, 0x65, 0x72, 0x28, 0x22, 0x77, 0x65, 0x63, 0x68, 0x61
.byte 0x74, 0x4c, 0x6f, 0x67, 0x69, 0x6e, 0x42, 0x61, 0x6e, 0x6e, 0x65, 0x72, 0x22, 0x2c, 0x20, 0x65
.byte 0x72, 0x72, 0x2e, 0x6d, 0x65, 0x73, 0x73, 0x61, 0x67, 0x65, 0x2c, 0x20, 0x74, 0x72, 0x75, 0x65
.byte 0x29, 0x3b, 0x0d, 0x0a, 0x20, 0x20, 0x7d, 0x0d, 0x0a, 0x7d, 0x0d, 0x0a, 0x0d, 0x0a, 0x2f, 0x2a
.byte 0x20, 0xe2, 0x95, 0x90, 0xe2, 0x95, 0x90, 0xe2, 0x95, 0x90, 0xe2, 0x95, 0x90, 0xe2, 0x95, 0x90
.byte 0xe2, 0x95, 0x90, 0xe2, 0x95, 0x90, 0xe2, 0x95, 0x90, 0xe2, 0x95, 0x90, 0xe2, 0x95, 0x90, 0xe2
.byte 0x95, 0x90, 0xe2, 0x95, 0x90, 0xe2, 0x95, 0x90, 0xe2, 0x95, 0x90, 0xe2, 0x95, 0x90, 0xe2, 0x95
.byte 0x90, 0xe2, 0x95, 0x90, 0xe2, 0x95, 0x90, 0xe2, 0x95, 0x90, 0xe2, 0x95, 0x90, 0xe2, 0x95, 0x90
.byte 0xe2, 0x95, 0x90, 0xe2, 0x95, 0x90, 0xe2, 0x95, 0x90, 0xe2, 0x95, 0x90, 0xe2, 0x95, 0x90, 0xe2
.byte 0x95, 0x90, 0xe2, 0x95, 0x90, 0xe2, 0x95, 0x90, 0xe2, 0x95, 0x90, 0xe2, 0x95, 0x90, 0xe2, 0x95
.byte 0x90, 0xe2, 0x95, 0x90, 0xe2, 0x95, 0x90, 0xe2, 0x95, 0x90, 0xe2, 0x95, 0x90, 0xe2, 0x95, 0x90
.byte 0xe2, 0x95, 0x90, 0xe2, 0x95, 0x90, 0xe2, 0x95, 0x90, 0xe2, 0x95, 0x90, 0xe2, 0x95, 0x90, 0xe2
.byte 0x95, 0x90, 0xe2, 0x95, 0x90, 0xe2, 0x95, 0x90, 0xe2, 0x95, 0x90, 0xe2, 0x95, 0x90, 0xe2, 0x95
.byte 0x90, 0xe2, 0x95, 0x90, 0xe2, 0x95, 0x90, 0xe2, 0x95, 0x90, 0x0d, 0x0a, 0x20, 0x20, 0x20, 0x46
.byte 0x69, 0x6c, 0x65, 0x20, 0x4d, 0x61, 0x6e, 0x61, 0x67, 0x65, 0x72, 0x0d, 0x0a, 0x20, 0x20, 0x20
.byte 0xe2, 0x95, 0x90, 0xe2, 0x95, 0x90, 0xe2, 0x95, 0x90, 0xe2, 0x95, 0x90, 0xe2, 0x95, 0x90, 0xe2
.byte 0x95, 0x90, 0xe2, 0x95, 0x90, 0xe2, 0x95, 0x90, 0xe2, 0x95, 0x90, 0xe2, 0x95, 0x90, 0xe2, 0x95
.byte 0x90, 0xe2, 0x95, 0x90, 0xe2, 0x95, 0x90, 0xe2, 0x95, 0x90, 0xe2, 0x95, 0x90, 0xe2, 0x95, 0x90
.byte 0xe2, 0x95, 0x90, 0xe2, 0x95, 0x90, 0xe2, 0x95, 0x90, 0xe2, 0x95, 0x90, 0xe2, 0x95, 0x90, 0xe2
.byte 0x95, 0x90, 0xe2, 0x95, 0x90, 0xe2, 0x95, 0x90, 0xe2, 0x95, 0x90, 0xe2, 0x95, 0x90, 0xe2, 0x95
.byte 0x90, 0xe2, 0x95, 0x90, 0xe2, 0x95, 0x90, 0xe2, 0x95, 0x90, 0xe2, 0x95, 0x90, 0xe2, 0x95, 0x90
.byte 0xe2, 0x95, 0x90, 0xe2, 0x95, 0x90, 0xe2, 0x95, 0x90, 0xe2, 0x95, 0x90, 0xe2, 0x95, 0x90, 0xe2
.byte 0x95, 0x90, 0xe2, 0x95, 0x90, 0xe2, 0x95, 0x90, 0xe2, 0x95, 0x90, 0xe2, 0x95, 0x90, 0xe2, 0x95
.byte 0x90, 0xe2, 0x95, 0x90, 0xe2, 0x95, 0x90, 0xe2, 0x95, 0x90, 0xe2, 0x95, 0x90, 0xe2, 0x95, 0x90
.byte 0xe2, 0x95, 0x90, 0xe2, 0x95, 0x90, 0xe2, 0x95, 0x90, 0x20, 0x2a, 0x2f, 0x0d, 0x0a, 0x0d, 0x0a
.byte 0x6c, 0x65, 0x74, 0x20, 0x63, 0x75, 0x72, 0x72, 0x65, 0x6e, 0x74, 0x50, 0x61, 0x74, 0x68, 0x20
.byte 0x3d, 0x20, 0x22, 0x2f, 0x22, 0x3b, 0x0d, 0x0a, 0x6c, 0x65, 0x74, 0x20, 0x6c, 0x61, 0x73, 0x74
.byte 0x46, 0x69, 0x6c, 0x65, 0x45, 0x6e, 0x74, 0x72, 0x69, 0x65, 0x73, 0x20, 0x3d, 0x20, 0x5b, 0x5d
.byte 0x3b, 0x0d, 0x0a, 0x6c, 0x65, 0x74, 0x20, 0x66, 0x69, 0x6c, 0x65, 0x44, 0x65, 0x76, 0x4d, 0x6f
.byte 0x64, 0x65, 0x45, 0x6e, 0x61, 0x62, 0x6c, 0x65, 0x64, 0x20, 0x3d, 0x20, 0x66, 0x61, 0x6c, 0x73
.byte 0x65, 0x3b, 0x0d, 0x0a, 0x63, 0x6f, 0x6e, 0x73, 0x74, 0x20, 0x45, 0x44, 0x49, 0x54, 0x41, 0x42
.byte 0x4c, 0x45, 0x5f, 0x46, 0x49, 0x4c, 0x45, 0x5f, 0x45, 0x58, 0x54, 0x45, 0x4e, 0x53, 0x49, 0x4f
.byte 0x4e, 0x53, 0x20, 0x3d, 0x20, 0x5b, 0x22, 0x2e, 0x6d, 0x64, 0x22, 0x2c, 0x20, 0x22, 0x2e, 0x6a
.byte 0x73, 0x6f, 0x6e, 0x22, 0x2c, 0x20, 0x22, 0x2e, 0x74, 0x78, 0x74, 0x22, 0x2c, 0x20, 0x22, 0x2e
.byte 0x6a, 0x73, 0x6f, 0x6e, 0x62, 0x22, 0x2c, 0x20, 0x22, 0x2e, 0x6a, 0x73, 0x6f, 0x6e, 0x63, 0x22
.byte 0x2c, 0x20, 0x22, 0x2e, 0x6c, 0x75, 0x61, 0x22, 0x5d, 0x3b, 0x0d, 0x0a, 0x63, 0x6f, 0x6e, 0x73
.byte 0x74, 0x20, 0x4d, 0x45, 0x4d, 0x4f, 0x52, 0x59, 0x5f, 0x46, 0x49, 0x4c, 0x45, 0x53, 0x20, 0x3d
.byte 0x20, 0x5b, 0x0d, 0x0a, 0x20, 0x20, 0x7b, 0x0d, 0x0a, 0x20, 0x20, 0x20, 0x20, 0x69, 0x64, 0x3a
.byte 0x20, 0x22, 0x6d, 0x65, 0x6d, 0x6f, 0x72, 0x79, 0x45, 0x64, 0x69, 0x74, 0x6f, 0x72, 0x22, 0x2c
.byte 0x0d, 0x0a, 0x20, 0x20, 0x20, 0x20, 0x6d, 0x69, 0x73, 0x73, 0x69, 0x6e, 0x67, 0x49, 0x64, 0x3a
.byte 0x20, 0x22, 0x6d, 0x65, 0x6d, 0x6f, 0x72, 0x79, 0x4d, 0x69, 0x73, 0x73, 0x69, 0x6e, 0x67, 0x53
.byte 0x74, 0x61, 0x74, 0x65, 0x22, 0x2c, 0x0d, 0x0a, 0x20, 0x20, 0x20, 0x20, 0x70, 0x61, 0x74, 0x68
.byte 0x3a, 0x20, 0x22, 0x2f, 0x6d, 0x65, 0x6d, 0x6f, 0x72, 0x79, 0x2f, 0x6d, 0x65, 0x6d, 0x6f, 0x72
.byte 0x79, 0x2e, 0x6d, 0x64, 0x22, 0x2c, 0x0d, 0x0a, 0x20, 0x20, 0x20, 0x20, 0x65, 0x64, 0x69, 0x74
.byte 0x61, 0x62, 0x6c, 0x65, 0x3a, 0x20, 0x66, 0x61, 0x6c, 0x73, 0x65, 0x2c, 0x0d, 0x0a, 0x20, 0x20
.byte 0x7d, 0x2c, 0x0d, 0x0a, 0x20, 0x20, 0x7b, 0x20, 0x69, 0x64, 0x3a, 0x20, 0x22, 0x73, 0x6f, 0x75
.byte 0x6c, 0x45, 0x64, 0x69, 0x74, 0x6f, 0x72, 0x22, 0x2c, 0x20, 0x6d, 0x69, 0x73, 0x73, 0x69, 0x6e
.byte 0x67, 0x49, 0x64, 0x3a, 0x20, 0x22, 0x73, 0x6f, 0x75, 0x6c, 0x4d, 0x69, 0x73, 0x73, 0x69, 0x6e
.byte 0x67, 0x53, 0x74, 0x61, 0x74, 0x65, 0x22, 0x2c, 0x20, 0x70, 0x61, 0x74, 0x68, 0x3a, 0x20, 0x22
.byte 0x2f, 0x6d, 0x65, 0x6d, 0x6f, 0x72, 0x79, 0x2f, 0x73, 0x6f, 0x75, 0x6c, 0x2e, 0x6d, 0x64, 0x22
.byte 0x2c, 0x20, 0x65, 0x64, 0x69, 0x74, 0x61, 0x62, 0x6c, 0x65, 0x3a, 0x20, 0x74, 0x72, 0x75, 0x65
.byte 0x20, 0x7d, 0x2c, 0x0d, 0x0a, 0x20, 0x20, 0x7b, 0x20, 0x69, 0x64, 0x3a, 0x20, 0x22, 0x69, 0x64
.byte 0x65, 0x6e, 0x74, 0x69, 0x74, 0x79, 0x45, 0x64, 0x69, 0x74, 0x6f, 0x72, 0x22, 0x2c, 0x20, 0x6d
.byte 0x69, 0x73, 0x73, 0x69, 0x6e, 0x67, 0x49, 0x64, 0x3a, 0x20, 0x22, 0x69, 0x64, 0x65, 0x6e, 0x74
.byte 0x69, 0x74, 0x79, 0x4d, 0x69, 0x73, 0x73, 0x69, 0x6e, 0x67, 0x53, 0x74, 0x61, 0x74, 0x65, 0x22
.byte 0x2c, 0x20, 0x70, 0x61, 0x74, 0x68, 0x3a, 0x20, 0x22, 0x2f, 0x6d, 0x65, 0x6d, 0x6f, 0x72, 0x79
.byte 0x2f, 0x69, 0x64, 0x65, 0x6e, 0x74, 0x69, 0x74, 0x79, 0x2e, 0x6d, 0x64, 0x22, 0x2c, 0x20, 0x65
.byte 0x64, 0x69, 0x74, 0x61, 0x62, 0x6c, 0x65, 0x3a, 0x20, 0x74, 0x72, 0x75, 0x65, 0x20, 0x7d, 0x2c
.byte 0x0d, 0x0a, 0x20, 0x20, 0x7b, 0x20, 0x69, 0x64, 0x3a, 0x20, 0x22, 0x75, 0x73, 0x65, 0x72, 0x45
.byte 0x64, 0x69, 0x74, 0x6f, 0x72, 0x22, 0x2c, 0x20, 0x6d, 0x69, 0x73, 0x73, 0x69, 0x6e, 0x67, 0x49
.byte 0x64, 0x3a, 0x20, 0x22, 0x75, 0x73, 0x65, 0x72, 0x4d, 0x69, 0x73, 0x73, 0x69, 0x6e, 0x67, 0x53
.byte 0x74, 0x61, 0x74, 0x65, 0x22, 0x2c, 0x20, 0x70, 0x61, 0x74, 0x68, 0x3a, 0x20, 0x22, 0x2f, 0x6d
.byte 0x65, 0x6d, 0x6f, 0x72, 0x79, 0x2f, 0x75, 0x73, 0x65, 0x72, 0x2e, 0x6d, 0x64, 0x22, 0x2c, 0x20
.byte 0x65, 0x64, 0x69, 0x74, 0x61, 0x62, 0x6c, 0x65, 0x3a, 0x20, 0x74, 0x72, 0x75, 0x65, 0x20, 0x7d
.byte 0x2c, 0x0d, 0x0a, 0x5d, 0x3b, 0x0d, 0x0a, 0x6c, 0x65, 0x74, 0x20, 0x6d, 0x65, 0x6d, 0x6f, 0x72
.byte 0x79, 0x4c, 0x6f, 0x61, 0x64, 0x65, 0x64, 0x20, 0x3d, 0x20, 0x66, 0x61, 0x6c, 0x73, 0x65, 0x3b
.byte 0x0d, 0x0a, 0x6c, 0x65, 0x74, 0x20, 0x6d, 0x65, 0x6d, 0x6f, 0x72, 0x79, 0x43, 0x6f, 0x6e, 0x74
.byte 0x65, 0x6e, 0x74, 0x73, 0x20, 0x3d, 0x20, 0x7b, 0x7d, 0x3b, 0x0d, 0x0a, 0x6c, 0x65, 0x74, 0x20
.byte 0x6d, 0x65, 0x6d, 0x6f, 0x72, 0x79, 0x46, 0x69, 0x6c, 0x65, 0x50, 0x72, 0x65, 0x73, 0x65, 0x6e
.byte 0x63, 0x65, 0x20, 0x3d, 0x20, 0x7b, 0x7d, 0x3b, 0x0d, 0x0a, 0x6c, 0x65, 0x74, 0x20, 0x61, 0x63
.byte 0x74, 0x69, 0x76, 0x65, 0x45, 0x64, 0x69, 0x74, 0x6f, 0x72, 0x50, 0x61, 0x74, 0x68, 0x20, 0x3d
.byte 0x20, 0x22, 0x22, 0x3b, 0x0d, 0x0a, 0x6c, 0x65, 0x74, 0x20, 0x61, 0x63, 0x74, 0x69, 0x76, 0x65
.byte 0x45, 0x64, 0x69, 0x74, 0x6f, 0x72, 0x53, 0x6f, 0x75, 0x72, 0x63, 0x65, 0x20, 0x3d, 0x20, 0x22
.byte 0x22, 0x3b, 0x0d, 0x0a, 0x0d, 0x0a, 0x66, 0x75, 0x6e, 0x63, 0x74, 0x69, 0x6f, 0x6e, 0x20, 0x69
.byte 0x73, 0x46, 0x69, 0x6c, 0x65, 0x44, 0x65, 0x76, 0x4d, 0x6f, 0x64, 0x65, 0x45, 0x6e, 0x61, 0x62
.byte 0x6c, 0x65, 0x64, 0x28, 0x29, 0x20, 0x7b, 0x0d, 0x0a, 0x20, 0x20, 0x72, 0x65, 0x74, 0x75, 0x72
.byte 0x6e, 0x20, 0x66, 0x69, 0x6c, 0x65, 0x44, 0x65, 0x76, 0x4d, 0x6f, 0x64, 0x65, 0x45, 0x6e, 0x61
.byte 0x62, 0x6c, 0x65, 0x64, 0x3b, 0x0d, 0x0a, 0x7d, 0x0d, 0x0a, 0x0d, 0x0a, 0x66, 0x75, 0x6e, 0x63
.byte 0x74, 0x69, 0x6f, 0x6e, 0x20, 0x61, 0x70, 0x70, 0x6c, 0x79, 0x46, 0x69, 0x6c, 0x65, 0x45, 0x64
.byte 0x69, 0x74, 0x6f, 0x72, 0x41, 0x63, 0x63, 0x65, 0x73, 0x73, 0x4d, 0x6f, 0x64, 0x65, 0x28, 0x29
.byte 0x20, 0x7b, 0x0d, 0x0a, 0x20, 0x20, 0x63, 0x6f, 0x6e, 0x73, 0x74, 0x20, 0x74, 0x65, 0x78, 0x74
.byte 0x61, 0x72, 0x65, 0x61, 0x20, 0x3d, 0x20, 0x64, 0x6f, 0x63, 0x75, 0x6d, 0x65, 0x6e, 0x74, 0x2e
.byte 0x67, 0x65, 0x74, 0x45, 0x6c, 0x65, 0x6d, 0x65, 0x6e, 0x74, 0x42, 0x79, 0x49, 0x64, 0x28, 0x22
.byte 0x66, 0x69, 0x6c, 0x65, 0x45, 0x64, 0x69, 0x74, 0x6f, 0x72, 0x54, 0x65, 0x78, 0x74, 0x61, 0x72
.byte 0x65, 0x61, 0x22, 0x29, 0x3b, 0x0d, 0x0a, 0x20, 0x20, 0x63, 0x6f, 0x6e, 0x73, 0x74, 0x20, 0x73
.byte 0x61, 0x76, 0x65, 0x42, 0x75, 0x74, 0x74, 0x6f, 0x6e, 0x20, 0x3d, 0x20, 0x64, 0x6f, 0x63, 0x75
.byte 0x6d, 0x65, 0x6e, 0x74, 0x2e, 0x67, 0x65, 0x74, 0x45, 0x6c, 0x65, 0x6d, 0x65, 0x6e, 0x74, 0x42
.byte 0x79, 0x49, 0x64, 0x28, 0x22, 0x73, 0x61, 0x76, 0x65, 0x46, 0x69, 0x6c, 0x65, 0x45, 0x64, 0x69
.byte 0x74, 0x6f, 0x72, 0x42, 0x75, 0x74, 0x74, 0x6f, 0x6e, 0x22, 0x29, 0x3b, 0x0d, 0x0a, 0x20, 0x20
.byte 0x69, 0x66, 0x20, 0x28, 0x21, 0x74, 0x65, 0x78, 0x74, 0x61, 0x72, 0x65, 0x61, 0x20, 0x7c, 0x7c
.byte 0x20, 0x21, 0x73, 0x61, 0x76, 0x65, 0x42, 0x75, 0x74, 0x74, 0x6f, 0x6e, 0x29, 0x20, 0x72, 0x65
.byte 0x74, 0x75, 0x72, 0x6e, 0x3b, 0x0d, 0x0a, 0x0d, 0x0a, 0x20, 0x20, 0x63, 0x6f, 0x6e, 0x73, 0x74
.byte 0x20, 0x70, 0x72, 0x65, 0x76, 0x69, 0x65, 0x77, 0x4f, 0x6e, 0x6c, 0x79, 0x20, 0x3d, 0x20, 0x61
.byte 0x63, 0x74, 0x69, 0x76, 0x65, 0x45, 0x64, 0x69, 0x74, 0x6f, 0x72, 0x53, 0x6f, 0x75, 0x72, 0x63
.byte 0x65, 0x20, 0x3d, 0x3d, 0x3d, 0x20, 0x22, 0x66, 0x69, 0x6c, 0x65, 0x73, 0x22, 0x20, 0x26, 0x26
.byte 0x20, 0x21, 0x69, 0x73, 0x46, 0x69, 0x6c, 0x65, 0x44, 0x65, 0x76, 0x4d, 0x6f, 0x64, 0x65, 0x45
.byte 0x6e, 0x61, 0x62, 0x6c, 0x65, 0x64, 0x28, 0x29, 0x3b, 0x0d, 0x0a, 0x20, 0x20, 0x74, 0x65, 0x78
.byte 0x74, 0x61, 0x72, 0x65, 0x61, 0x2e, 0x72, 0x65, 0x61, 0x64, 0x4f, 0x6e, 0x6c, 0x79, 0x20, 0x3d
.byte 0x20, 0x70, 0x72, 0x65, 0x76, 0x69, 0x65, 0x77, 0x4f, 0x6e, 0x6c, 0x79, 0x3b, 0x0d, 0x0a, 0x20
.byte 0x20, 0x73, 0x61, 0x76, 0x65, 0x42, 0x75, 0x74, 0x74, 0x6f, 0x6e, 0x2e, 0x63, 0x6c, 0x61, 0x73
.byte 0x73, 0x4c, 0x69, 0x73, 0x74, 0x2e, 0x74, 0x6f, 0x67, 0x67, 0x6c, 0x65, 0x28, 0x22, 0x68, 0x69
.byte 0x64, 0x64, 0x65, 0x6e, 0x22, 0x2c, 0x20, 0x70, 0x72, 0x65, 0x76, 0x69, 0x65, 0x77, 0x4f, 0x6e
.byte 0x6c, 0x79, 0x29, 0x3b, 0x0d, 0x0a, 0x20, 0x20, 0x73, 0x61, 0x76, 0x65, 0x42, 0x75, 0x74, 0x74
.byte 0x6f, 0x6e, 0x2e, 0x64, 0x69, 0x73, 0x61, 0x62, 0x6c, 0x65, 0x64, 0x20, 0x3d, 0x20, 0x70, 0x72
.byte 0x65, 0x76, 0x69, 0x65, 0x77, 0x4f, 0x6e, 0x6c, 0x79, 0x3b, 0x0d, 0x0a, 0x7d, 0x0d, 0x0a, 0x0d
.byte 0x0a, 0x66, 0x75, 0x6e, 0x63, 0x74, 0x69, 0x6f, 0x6e, 0x20, 0x75, 0x70, 0x64, 0x61, 0x74, 0x65
.byte 0x46, 0x69, 0x6c, 0x65, 0x44, 0x65, 0x76, 0x4d, 0x6f, 0x64, 0x65, 0x55, 0x49, 0x28, 0x29, 0x20
.byte 0x7b, 0x0d, 0x0a, 0x20, 0x20, 0x63, 0x6f, 0x6e, 0x73, 0x74, 0x20, 0x63, 0x72, 0x65, 0x61, 0x74
.byte 0x65, 0x52, 0x6f, 0x77, 0x20, 0x3d, 0x20, 0x64, 0x6f, 0x63, 0x75, 0x6d, 0x65, 0x6e, 0x74, 0x2e
.byte 0x67, 0x65, 0x74, 0x45, 0x6c, 0x65, 0x6d, 0x65, 0x6e, 0x74, 0x42, 0x79, 0x49, 0x64, 0x28, 0x22
.byte 0x66, 0x69, 0x6c, 0x65, 0x43, 0x72, 0x65, 0x61, 0x74, 0x65, 0x52, 0x6f, 0x77, 0x22, 0x29, 0x3b
.byte 0x0d, 0x0a, 0x20, 0x20, 0x63, 0x6f, 0x6e, 0x73, 0x74, 0x20, 0x75, 0x70, 0x6c, 0x6f, 0x61, 0x64
.byte 0x52, 0x6f, 0x77, 0x20, 0x3d, 0x20, 0x64, 0x6f, 0x63, 0x75, 0x6d, 0x65, 0x6e, 0x74, 0x2e, 0x67
.byte 0x65, 0x74, 0x45, 0x6c, 0x65, 0x6d, 0x65, 0x6e, 0x74, 0x42, 0x79, 0x49, 0x64, 0x28, 0x22, 0x66
.byte 0x69, 0x6c, 0x65, 0x55, 0x70, 0x6c, 0x6f, 0x61, 0x64, 0x52, 0x6f, 0x77, 0x22, 0x29, 0x3b, 0x0d
.byte 0x0a, 0x20, 0x20, 0x63, 0x6f, 0x6e, 0x73, 0x74, 0x20, 0x74, 0x6f, 0x67, 0x67, 0x6c, 0x65, 0x42
.byte 0x75, 0x74, 0x74, 0x6f, 0x6e, 0x20, 0x3d, 0x20, 0x64, 0x6f, 0x63, 0x75, 0x6d, 0x65, 0x6e, 0x74
.byte 0x2e, 0x67, 0x65, 0x74, 0x45, 0x6c, 0x65, 0x6d, 0x65, 0x6e, 0x74, 0x42, 0x79, 0x49, 0x64, 0x28
.byte 0x22, 0x64, 0x65, 0x76, 0x4d, 0x6f, 0x64, 0x65, 0x42, 0x75, 0x74, 0x74, 0x6f, 0x6e, 0x22, 0x29
.byte 0x3b, 0x0d, 0x0a, 0x20, 0x20, 0x63, 0x6f, 0x6e, 0x73, 0x74, 0x20, 0x65, 0x6e, 0x61, 0x62, 0x6c
.byte 0x65, 0x64, 0x20, 0x3d, 0x20, 0x69, 0x73, 0x46, 0x69, 0x6c, 0x65, 0x44, 0x65, 0x76, 0x4d, 0x6f
.byte 0x64, 0x65, 0x45, 0x6e, 0x61, 0x62, 0x6c, 0x65, 0x64, 0x28, 0x29, 0x3b, 0x0d, 0x0a, 0x0d, 0x0a
.byte 0x20, 0x20, 0x69, 0x66, 0x20, 0x28, 0x63, 0x72, 0x65, 0x61, 0x74, 0x65, 0x52, 0x6f, 0x77, 0x29
.byte 0x20, 0x7b, 0x0d, 0x0a, 0x20, 0x20, 0x20, 0x20, 0x63, 0x72, 0x65, 0x61, 0x74, 0x65, 0x52, 0x6f
.byte 0x77, 0x2e, 0x63, 0x6c, 0x61, 0x73, 0x73, 0x4c, 0x69, 0x73, 0x74, 0x2e, 0x74, 0x6f, 0x67, 0x67
.byte 0x6c, 0x65, 0x28, 0x22, 0x68, 0x69, 0x64, 0x64, 0x65, 0x6e, 0x22, 0x2c, 0x20, 0x21, 0x65, 0x6e
.byte 0x61, 0x62, 0x6c, 0x65, 0x64, 0x29, 0x3b, 0x0d, 0x0a, 0x20, 0x20, 0x7d, 0x0d, 0x0a, 0x20, 0x20
.byte 0x69, 0x66, 0x20, 0x28, 0x75, 0x70, 0x6c, 0x6f, 0x61, 0x64, 0x52, 0x6f, 0x77, 0x29, 0x20, 0x7b
.byte 0x0d, 0x0a, 0x20, 0x20, 0x20, 0x20, 0x75, 0x70, 0x6c, 0x6f, 0x61, 0x64, 0x52, 0x6f, 0x77, 0x2e
.byte 0x63, 0x6c, 0x61, 0x73, 0x73, 0x4c, 0x69, 0x73, 0x74, 0x2e, 0x74, 0x6f, 0x67, 0x67, 0x6c, 0x65
.byte 0x28, 0x22, 0x68, 0x69, 0x64, 0x64, 0x65, 0x6e, 0x22, 0x2c, 0x20, 0x21, 0x65, 0x6e, 0x61, 0x62
.byte 0x6c, 0x65, 0x64, 0x29, 0x3b, 0x0d, 0x0a, 0x20, 0x20, 0x7d, 0x0d, 0x0a, 0x20, 0x20, 0x69, 0x66
.byte 0x20, 0x28, 0x74, 0x6f, 0x67, 0x67, 0x6c, 0x65, 0x42, 0x75, 0x74, 0x74, 0x6f, 0x6e, 0x29, 0x20
.byte 0x7b, 0x0d, 0x0a, 0x20, 0x20, 0x20, 0x20, 0x74, 0x6f, 0x67, 0x67, 0x6c, 0x65, 0x42, 0x75, 0x74
.byte 0x74, 0x6f, 0x6e, 0x2e, 0x63, 0x6c, 0x61, 0x73, 0x73, 0x4c, 0x69, 0x73, 0x74, 0x2e, 0x74, 0x6f
.byte 0x67, 0x67, 0x6c, 0x65, 0x28, 0x22, 0x61, 0x63, 0x74, 0x69, 0x76, 0x65, 0x22, 0x2c, 0x20, 0x65
.byte 0x6e, 0x61, 0x62, 0x6c, 0x65, 0x64, 0x29, 0x3b, 0x0d, 0x0a, 0x20, 0x20, 0x20, 0x20, 0x74, 0x6f
.byte 0x67, 0x67, 0x6c, 0x65, 0x42, 0x75, 0x74, 0x74, 0x6f, 0x6e, 0x2e, 0x73, 0x65, 0x74, 0x41, 0x74
.byte 0x74, 0x72, 0x69, 0x62, 0x75, 0x74, 0x65, 0x28, 0x22, 0x61, 0x72, 0x69, 0x61, 0x2d, 0x70, 0x72
.byte 0x65, 0x73, 0x73, 0x65, 0x64, 0x22, 0x2c, 0x20, 0x65, 0x6e, 0x61, 0x62, 0x6c, 0x65, 0x64, 0x20
.byte 0x3f, 0x20, 0x22, 0x74, 0x72, 0x75, 0x65, 0x22, 0x20, 0x3a, 0x20, 0x22, 0x66, 0x61, 0x6c, 0x73
.byte 0x65, 0x22, 0x29, 0x3b, 0x0d, 0x0a, 0x20, 0x20, 0x7d, 0x0d, 0x0a, 0x0d, 0x0a, 0x20, 0x20, 0x61
.byte 0x70, 0x70, 0x6c, 0x79, 0x46, 0x69, 0x6c, 0x65, 0x45, 0x64, 0x69, 0x74, 0x6f, 0x72, 0x41, 0x63
.byte 0x63, 0x65, 0x73, 0x73, 0x4d, 0x6f, 0x64, 0x65, 0x28, 0x29, 0x3b, 0x0d, 0x0a, 0x20, 0x20, 0x72
.byte 0x65, 0x6e, 0x64, 0x65, 0x72, 0x46, 0x69, 0x6c, 0x65, 0x52, 0x6f, 0x77, 0x73, 0x28, 0x6c, 0x61
.byte 0x73, 0x74, 0x46, 0x69, 0x6c, 0x65, 0x45, 0x6e, 0x74, 0x72, 0x69, 0x65, 0x73, 0x29, 0x3b, 0x0d
.byte 0x0a, 0x7d, 0x0d, 0x0a, 0x0d, 0x0a, 0x66, 0x75, 0x6e, 0x63, 0x74, 0x69, 0x6f, 0x6e, 0x20, 0x73
.byte 0x65, 0x74, 0x46, 0x69, 0x6c, 0x65, 0x44, 0x65, 0x76, 0x4d, 0x6f, 0x64, 0x65, 0x28, 0x65, 0x6e
.byte 0x61, 0x62, 0x6c, 0x65, 0x64, 0x29, 0x20, 0x7b, 0x0d, 0x0a, 0x20, 0x20, 0x66, 0x69, 0x6c, 0x65
.byte 0x44, 0x65, 0x76, 0x4d, 0x6f, 0x64, 0x65, 0x45, 0x6e, 0x61, 0x62, 0x6c, 0x65, 0x64, 0x20, 0x3d
.byte 0x20, 0x21, 0x21, 0x65, 0x6e, 0x61, 0x62, 0x6c, 0x65, 0x64, 0x3b, 0x0d, 0x0a, 0x20, 0x20, 0x75
.byte 0x70, 0x64, 0x61, 0x74, 0x65, 0x46, 0x69, 0x6c, 0x65, 0x44, 0x65, 0x76, 0x4d, 0x6f, 0x64, 0x65
.byte 0x55, 0x49, 0x28, 0x29, 0x3b, 0x0d, 0x0a, 0x7d, 0x0d, 0x0a, 0x0d, 0x0a, 0x66, 0x75, 0x6e, 0x63
.byte 0x74, 0x69, 0x6f, 0x6e, 0x20, 0x68, 0x75, 0x6d, 0x61, 0x6e, 0x53, 0x69, 0x7a, 0x65, 0x28, 0x76
.byte 0x61, 0x6c, 0x75, 0x65, 0x29, 0x20, 0x7b, 0x0d, 0x0a, 0x20, 0x20, 0x69, 0x66, 0x20, 0x28, 0x76
.byte 0x61, 0x6c, 0x75, 0x65, 0x20, 0x3c, 0x20, 0x31, 0x30, 0x32, 0x34, 0x29, 0x20, 0x72, 0x65, 0x74
.byte 0x75, 0x72, 0x6e, 0x20, 0x76, 0x61, 0x6c, 0x75, 0x65, 0x20, 0x2b, 0x20, 0x22, 0x20, 0x42, 0x22
.byte 0x3b, 0x0d, 0x0a, 0x20, 0x20, 0x69, 0x66, 0x20, 0x28, 0x76, 0x61, 0x6c, 0x75, 0x65, 0x20, 0x3c
.byte 0x20, 0x31, 0x30, 0x32, 0x34, 0x20, 0x2a, 0x20, 0x31, 0x30, 0x32, 0x34, 0x29, 0x20, 0x72, 0x65
.byte 0x74, 0x75, 0x72, 0x6e, 0x20, 0x28, 0x76, 0x61, 0x6c, 0x75, 0x65, 0x20, 0x2f, 0x20, 0x31, 0x30
.byte 0x32, 0x34, 0x29, 0x2e, 0x74, 0x6f, 0x46, 0x69, 0x78, 0x65, 0x64, 0x28, 0x31, 0x29, 0x20, 0x2b
.byte 0x20, 0x22, 0x20, 0x4b, 0x42, 0x22, 0x3b, 0x0d, 0x0a, 0x20, 0x20, 0x72, 0x65, 0x74, 0x75, 0x72
.byte 0x6e, 0x20, 0x28, 0x76, 0x61, 0x6c, 0x75, 0x65, 0x20, 0x2f, 0x20, 0x28, 0x31, 0x30, 0x32, 0x34
.byte 0x20, 0x2a, 0x20, 0x31, 0x30, 0x32, 0x34, 0x29, 0x29, 0x2e, 0x74, 0x6f, 0x46, 0x69, 0x78, 0x65
.byte 0x64, 0x28, 0x31, 0x29, 0x20, 0x2b, 0x20, 0x22, 0x20, 0x4d, 0x42, 0x22, 0x3b, 0x0d, 0x0a, 0x7d
.byte 0x0d, 0x0a, 0x0d, 0x0a, 0x66, 0x75, 0x6e, 0x63, 0x74, 0x69, 0x6f, 0x6e, 0x20, 0x70, 0x61, 0x72
.byte 0x65, 0x6e, 0x74, 0x50, 0x61, 0x74, 0x68, 0x28, 0x70, 0x61, 0x74, 0x68, 0x29, 0x20, 0x7b, 0x0d
.byte 0x0a, 0x20, 0x20, 0x69, 0x66, 0x20, 0x28, 0x70, 0x61, 0x74, 0x68, 0x20, 0x3d, 0x3d, 0x3d, 0x20
.byte 0x22, 0x2f, 0x22, 0x29, 0x20, 0x72, 0x65, 0x74, 0x75, 0x72, 0x6e, 0x20, 0x22, 0x2f, 0x22, 0x3b
.byte 0x0d, 0x0a, 0x20, 0x20, 0x63, 0x6f, 0x6e, 0x73, 0x74, 0x20, 0x70, 0x61, 0x72, 0x74, 0x73, 0x20
.byte 0x3d, 0x20, 0x70, 0x61, 0x74, 0x68, 0x2e, 0x73, 0x70, 0x6c, 0x69, 0x74, 0x28, 0x22, 0x2f, 0x22
.byte 0x29, 0x2e, 0x66, 0x69, 0x6c, 0x74, 0x65, 0x72, 0x28, 0x42, 0x6f, 0x6f, 0x6c, 0x65, 0x61, 0x6e
.byte 0x29, 0x3b, 0x0d, 0x0a, 0x20, 0x20, 0x70, 0x61, 0x72, 0x74, 0x73, 0x2e, 0x70, 0x6f, 0x70, 0x28
.byte 0x29, 0x3b, 0x0d, 0x0a, 0x20, 0x20, 0x72, 0x65, 0x74, 0x75, 0x72, 0x6e, 0x20, 0x70, 0x61, 0x72
.byte 0x74, 0x73, 0x2e, 0x6c, 0x65, 0x6e, 0x67, 0x74, 0x68, 0x20, 0x3f, 0x20, 0x22, 0x2f, 0x22, 0x20
.byte 0x2b, 0x20, 0x70, 0x61, 0x72, 0x74, 0x73, 0x2e, 0x6a, 0x6f, 0x69, 0x6e, 0x28, 0x22, 0x2f, 0x22
.byte 0x29, 0x20, 0x3a, 0x20, 0x22, 0x2f, 0x22, 0x3b, 0x0d, 0x0a, 0x7d, 0x0d, 0x0a, 0x0d, 0x0a, 0x66
.byte 0x75, 0x6e, 0x63, 0x74, 0x69, 0x6f, 0x6e, 0x20, 0x6a, 0x6f, 0x69, 0x6e, 0x50, 0x61, 0x74, 0x68
.byte 0x28, 0x62, 0x61, 0x73, 0x65, 0x2c, 0x20, 0x6e, 0x61, 0x6d, 0x65, 0x29, 0x20, 0x7b, 0x0d, 0x0a
.byte 0x20, 0x20, 0x72, 0x65, 0x74, 0x75, 0x72, 0x6e, 0x20, 0x62, 0x61, 0x73, 0x65, 0x20, 0x3d, 0x3d
.byte 0x3d, 0x20, 0x22, 0x2f, 0x22, 0x20, 0x3f, 0x20, 0x22, 0x2f, 0x22, 0x20, 0x2b, 0x20, 0x6e, 0x61
.byte 0x6d, 0x65, 0x20, 0x3a, 0x20, 0x62, 0x61, 0x73, 0x65, 0x20, 0x2b, 0x20, 0x22, 0x2f, 0x22, 0x20
.byte 0x2b, 0x20, 0x6e, 0x61, 0x6d, 0x65, 0x3b, 0x0d, 0x0a, 0x7d, 0x0d, 0x0a, 0x0d, 0x0a, 0x66, 0x75
.byte 0x6e, 0x63, 0x74, 0x69, 0x6f, 0x6e, 0x20, 0x69, 0x73, 0x45, 0x64, 0x69, 0x74, 0x61, 0x62, 0x6c
.byte 0x65, 0x46, 0x69, 0x6c, 0x65, 0x28, 0x70, 0x61, 0x74, 0x68, 0x29, 0x20, 0x7b, 0x0d, 0x0a, 0x20
.byte 0x20, 0x63, 0x6f, 0x6e, 0x73, 0x74, 0x20, 0x6c, 0x6f, 0x77, 0x65, 0x72, 0x50, 0x61, 0x74, 0x68
.byte 0x20, 0x3d, 0x20, 0x28, 0x70, 0x61, 0x74, 0x68, 0x20, 0x7c, 0x7c, 0x20, 0x22, 0x22, 0x29, 0x2e
.byte 0x74, 0x6f, 0x4c, 0x6f, 0x77, 0x65, 0x72, 0x43, 0x61, 0x73, 0x65, 0x28, 0x29, 0x3b, 0x0d, 0x0a
.byte 0x20, 0x20, 0x72, 0x65, 0x74, 0x75, 0x72, 0x6e, 0x20, 0x45, 0x44, 0x49, 0x54, 0x41, 0x42, 0x4c
.byte 0x45, 0x5f, 0x46, 0x49, 0x4c, 0x45, 0x5f, 0x45, 0x58, 0x54, 0x45, 0x4e, 0x53, 0x49, 0x4f, 0x4e
.byte 0x53, 0x2e, 0x73, 0x6f, 0x6d, 0x65, 0x28, 0x28, 0x65, 0x78, 0x74, 0x29, 0x20, 0x3d, 0x3e, 0x20
.byte 0x6c, 0x6f, 0x77, 0x65, 0x72, 0x50, 0x61, 0x74, 0x68, 0x2e, 0x65, 0x6e, 0x64, 0x73, 0x57, 0x69
.byte 0x74, 0x68, 0x28, 0x65, 0x78, 0x74, 0x29, 0x29, 0x3b, 0x0d, 0x0a, 0x7d, 0x0d, 0x0a, 0x0d, 0x0a
.byte 0x66, 0x75, 0x6e, 0x63, 0x74, 0x69, 0x6f, 0x6e, 0x20, 0x63, 0x72, 0x65, 0x61, 0x74, 0x65, 0x41
.byte 0x63, 0x74, 0x69, 0x6f, 0x6e, 0x53, 0x6c, 0x6f, 0x74, 0x28, 0x6e, 0x6f, 0x64, 0x65, 0x20, 0x3d
.byte 0x20, 0x6e, 0x75, 0x6c, 0x6c, 0x2c, 0x20, 0x70, 0x6c, 0x61, 0x63, 0x65, 0x68, 0x6f, 0x6c, 0x64
.byte 0x65, 0x72, 0x54, 0x65, 0x78, 0x74, 0x20, 0x3d, 0x20, 0x22, 0x22, 0x29, 0x20, 0x7b, 0x0d, 0x0a
.byte 0x20, 0x20, 0x63, 0x6f, 0x6e, 0x73, 0x74, 0x20, 0x73, 0x6c, 0x6f, 0x74, 0x20, 0x3d, 0x20, 0x64
.byte 0x6f, 0x63, 0x75, 0x6d, 0x65, 0x6e, 0x74, 0x2e, 0x63, 0x72, 0x65, 0x61, 0x74, 0x65, 0x45, 0x6c
.byte 0x65, 0x6d, 0x65, 0x6e, 0x74, 0x28, 0x22, 0x73, 0x70, 0x61, 0x6e, 0x22, 0x29, 0x3b, 0x0d, 0x0a
.byte 0x20, 0x20, 0x73, 0x6c, 0x6f, 0x74, 0x2e, 0x63, 0x6c, 0x61, 0x73, 0x73, 0x4e, 0x61, 0x6d, 0x65
.byte 0x20, 0x3d, 0x20, 0x22, 0x61, 0x63, 0x74, 0x69, 0x6f, 0x6e, 0x2d, 0x73, 0x6c, 0x6f, 0x74, 0x22
.byte 0x3b, 0x0d, 0x0a, 0x20, 0x20, 0x69, 0x66, 0x20, 0x28, 0x6e, 0x6f, 0x64, 0x65, 0x29, 0x20, 0x7b
.byte 0x0d, 0x0a, 0x20, 0x20, 0x20, 0x20, 0x73, 0x6c, 0x6f, 0x74, 0x2e, 0x61, 0x70, 0x70, 0x65, 0x6e
.byte 0x64, 0x43, 0x68, 0x69, 0x6c, 0x64, 0x28, 0x6e, 0x6f, 0x64, 0x65, 0x29, 0x3b, 0x0d, 0x0a, 0x20
.byte 0x20, 0x7d, 0x20, 0x65, 0x6c, 0x73, 0x65, 0x20, 0x7b, 0x0d, 0x0a, 0x20, 0x20, 0x20, 0x20, 0x73
.byte 0x6c, 0x6f, 0x74, 0x2e, 0x63, 0x6c, 0x61, 0x73, 0x73, 0x4c, 0x69, 0x73, 0x74, 0x2e, 0x61, 0x64
.byte 0x64, 0x28, 0x22, 0x70, 0x6c, 0x61, 0x63, 0x65, 0x68, 0x6f, 0x6c, 0x64, 0x65, 0x72, 0x22, 0x29
.byte 0x3b, 0x0d, 0x0a, 0x20, 0x20, 0x20, 0x20, 0x73, 0x6c, 0x6f, 0x74, 0x2e, 0x74, 0x65, 0x78, 0x74
.byte 0x43, 0x6f, 0x6e, 0x74, 0x65, 0x6e, 0x74, 0x20, 0x3d, 0x20, 0x70, 0x6c, 0x61, 0x63, 0x65, 0x68
.byte 0x6f, 0x6c, 0x64, 0x65, 0x72, 0x54, 0x65, 0x78, 0x74, 0x3b, 0x0d, 0x0a, 0x20, 0x20, 0x7d, 0x0d
.byte 0x0a, 0x20, 0x20, 0x72, 0x65, 0x74, 0x75, 0x72, 0x6e, 0x20, 0x73, 0x6c, 0x6f, 0x74, 0x3b, 0x0d
.byte 0x0a, 0x7d, 0x0d, 0x0a, 0x0d, 0x0a, 0x66, 0x75, 0x6e, 0x63, 0x74, 0x69, 0x6f, 0x6e, 0x20, 0x72
.byte 0x65, 0x6e, 0x64, 0x65, 0x72, 0x46, 0x69, 0x6c, 0x65, 0x52, 0x6f, 0x77, 0x73, 0x28, 0x65, 0x6e
.byte 0x74, 0x72, 0x69, 0x65, 0x73, 0x29, 0x20, 0x7b, 0x0d, 0x0a, 0x20, 0x20, 0x6c, 0x61, 0x73, 0x74
.byte 0x46, 0x69, 0x6c, 0x65, 0x45, 0x6e, 0x74, 0x72, 0x69, 0x65, 0x73, 0x20, 0x3d, 0x20, 0x65, 0x6e
.byte 0x74, 0x72, 0x69, 0x65, 0x73, 0x3b, 0x0d, 0x0a, 0x20, 0x20, 0x63, 0x6f, 0x6e, 0x73, 0x74, 0x20
.byte 0x74, 0x62, 0x6f, 0x64, 0x79, 0x20, 0x3d, 0x20, 0x64, 0x6f, 0x63, 0x75, 0x6d, 0x65, 0x6e, 0x74
.byte 0x2e, 0x67, 0x65, 0x74, 0x45, 0x6c, 0x65, 0x6d, 0x65, 0x6e, 0x74, 0x42, 0x79, 0x49, 0x64, 0x28
.byte 0x22, 0x66, 0x69, 0x6c, 0x65, 0x54, 0x61, 0x62, 0x6c, 0x65, 0x42, 0x6f, 0x64, 0x79, 0x22, 0x29
.byte 0x3b, 0x0d, 0x0a, 0x20, 0x20, 0x74, 0x62, 0x6f, 0x64, 0x79, 0x2e, 0x69, 0x6e, 0x6e, 0x65, 0x72
.byte 0x48, 0x54, 0x4d, 0x4c, 0x20, 0x3d, 0x20, 0x22, 0x22, 0x3b, 0x0d, 0x0a, 0x0d, 0x0a, 0x20, 0x20
.byte 0x69, 0x66, 0x20, 0x28, 0x21, 0x65, 0x6e, 0x74, 0x72, 0x69, 0x65, 0x73, 0x2e, 0x6c, 0x65, 0x6e
.byte 0x67, 0x74, 0x68, 0x29, 0x20, 0x7b, 0x0d, 0x0a, 0x20, 0x20, 0x20, 0x20, 0x63, 0x6f, 0x6e, 0x73
.byte 0x74, 0x20, 0x72, 0x6f, 0x77, 0x20, 0x3d, 0x20, 0x64, 0x6f, 0x63, 0x75, 0x6d, 0x65, 0x6e, 0x74
.byte 0x2e, 0x63, 0x72, 0x65, 0x61, 0x74, 0x65, 0x45, 0x6c, 0x65, 0x6d, 0x65, 0x6e, 0x74, 0x28, 0x22
.byte 0x74, 0x72, 0x22, 0x29, 0x3b, 0x0d, 0x0a, 0x20, 0x20, 0x20, 0x20, 0x63, 0x6f, 0x6e, 0x73, 0x74
.byte 0x20, 0x74, 0x64, 0x20, 0x3d, 0x20, 0x64, 0x6f, 0x63, 0x75, 0x6d, 0x65, 0x6e, 0x74, 0x2e, 0x63
.byte 0x72, 0x65, 0x61, 0x74, 0x65, 0x45, 0x6c, 0x65, 0x6d, 0x65, 0x6e, 0x74, 0x28, 0x22, 0x74, 0x64
.byte 0x22, 0x29, 0x3b, 0x0d, 0x0a, 0x20, 0x20, 0x20, 0x20, 0x74, 0x64, 0x2e, 0x73, 0x65, 0x74, 0x41
.byte 0x74, 0x74, 0x72, 0x69, 0x62, 0x75, 0x74, 0x65, 0x28, 0x22, 0x63, 0x6f, 0x6c, 0x73, 0x70, 0x61
.byte 0x6e, 0x22, 0x2c, 0x20, 0x22, 0x34, 0x22, 0x29, 0x3b, 0x0d, 0x0a, 0x20, 0x20, 0x20, 0x20, 0x74
.byte 0x64, 0x2e, 0x74, 0x65, 0x78, 0x74, 0x43, 0x6f, 0x6e, 0x74, 0x65, 0x6e, 0x74, 0x20, 0x3d, 0x20
.byte 0x74, 0x28, 0x22, 0x66, 0x69, 0x6c, 0x65, 0x45, 0x6d, 0x70, 0x74, 0x79, 0x22, 0x29, 0x3b, 0x0d
.byte 0x0a, 0x20, 0x20, 0x20, 0x20, 0x74, 0x64, 0x2e, 0x73, 0x74, 0x79, 0x6c, 0x65, 0x2e, 0x63, 0x6f
.byte 0x6c, 0x6f, 0x72, 0x20, 0x3d, 0x20, 0x22, 0x76, 0x61, 0x72, 0x28, 0x2d, 0x2d, 0x74, 0x65, 0x78
.byte 0x74, 0x2d, 0x6d, 0x75, 0x74, 0x65, 0x64, 0x29, 0x22, 0x3b, 0x0d, 0x0a, 0x20, 0x20, 0x20, 0x20
.byte 0x72, 0x6f, 0x77, 0x2e, 0x61, 0x70, 0x70, 0x65, 0x6e, 0x64, 0x43, 0x68, 0x69, 0x6c, 0x64, 0x28
.byte 0x74, 0x64, 0x29, 0x3b, 0x0d, 0x0a, 0x20, 0x20, 0x20, 0x20, 0x74, 0x62, 0x6f, 0x64, 0x79, 0x2e
.byte 0x61, 0x70, 0x70, 0x65, 0x6e, 0x64, 0x43, 0x68, 0x69, 0x6c, 0x64, 0x28, 0x72, 0x6f, 0x77, 0x29
.byte 0x3b, 0x0d, 0x0a, 0x20, 0x20, 0x20, 0x20, 0x72, 0x65, 0x74, 0x75, 0x72, 0x6e, 0x3b, 0x0d, 0x0a
.byte 0x20, 0x20, 0x7d, 0x0d, 0x0a, 0x0d, 0x0a, 0x20, 0x20, 0x65, 0x6e, 0x74, 0x72, 0x69, 0x65, 0x73
.byte 0x0d, 0x0a, 0x20, 0x20, 0x20, 0x20, 0x2e, 0x73, 0x6f, 0x72, 0x74, 0x28, 0x0d, 0x0a, 0x20, 0x20
.byte 0x20, 0x20, 0x20, 0x20, 0x28, 0x61, 0x2c, 0x20, 0x62, 0x29, 0x20, 0x3d, 0x3e, 0x0d, 0x0a, 0x20
.byte 0x20, 0x20, 0x20, 0x20, 0x20, 0x20, 0x20, 0x4e, 0x75, 0x6d, 0x62, 0x65, 0x72, 0x28, 0x62, 0x2e
.byte 0x69, 0x73, 0x5f, 0x64, 0x69, 0x72, 0x29, 0x20, 0x2d, 0x20, 0x4e, 0x75, 0x6d, 0x62, 0x65, 0x72
.byte 0x28, 0x61, 0x2e, 0x69, 0x73, 0x5f, 0x64, 0x69, 0x72, 0x29, 0x20, 0x7c, 0x7c, 0x20, 0x61, 0x2e
.byte 0x6e, 0x61, 0x6d, 0x65, 0x2e, 0x6c, 0x6f, 0x63, 0x61, 0x6c, 0x65, 0x43, 0x6f, 0x6d, 0x70, 0x61
.byte 0x72, 0x65, 0x28, 0x62, 0x2e, 0x6e, 0x61, 0x6d, 0x65, 0x29, 0x0d, 0x0a, 0x20, 0x20, 0x20, 0x20
.byte 0x29, 0x0d, 0x0a, 0x20, 0x20, 0x20, 0x20, 0x2e, 0x66, 0x6f, 0x72, 0x45, 0x61, 0x63, 0x68, 0x28
.byte 0x28, 0x65, 0x6e, 0x74, 0x72, 0x79, 0x29, 0x20, 0x3d, 0x3e, 0x20, 0x7b, 0x0d, 0x0a, 0x20, 0x20
.byte 0x20, 0x20, 0x20, 0x20, 0x63, 0x6f, 0x6e, 0x73, 0x74, 0x20, 0x72, 0x6f, 0x77, 0x20, 0x3d, 0x20
.byte 0x64, 0x6f, 0x63, 0x75, 0x6d, 0x65, 0x6e, 0x74, 0x2e, 0x63, 0x72, 0x65, 0x61, 0x74, 0x65, 0x45
.byte 0x6c, 0x65, 0x6d, 0x65, 0x6e, 0x74, 0x28, 0x22, 0x74, 0x72, 0x22, 0x29, 0x3b, 0x0d, 0x0a, 0x0d
.byte 0x0a, 0x20, 0x20, 0x20, 0x20, 0x20, 0x20, 0x63, 0x6f, 0x6e, 0x73, 0x74, 0x20, 0x74, 0x64, 0x4e
.byte 0x61, 0x6d, 0x65, 0x20, 0x3d, 0x20, 0x64, 0x6f, 0x63, 0x75, 0x6d, 0x65, 0x6e, 0x74, 0x2e, 0x63
.byte 0x72, 0x65, 0x61, 0x74, 0x65, 0x45, 0x6c, 0x65, 0x6d, 0x65, 0x6e, 0x74, 0x28, 0x22, 0x74, 0x64
.byte 0x22, 0x29, 0x3b, 0x0d, 0x0a, 0x20, 0x20, 0x20, 0x20, 0x20, 0x20, 0x74, 0x64, 0x4e, 0x61, 0x6d
.byte 0x65, 0x2e, 0x74, 0x65, 0x78, 0x74, 0x43, 0x6f, 0x6e, 0x74, 0x65, 0x6e, 0x74, 0x20, 0x3d, 0x20
.byte 0x65, 0x6e, 0x74, 0x72, 0x79, 0x2e, 0x6e, 0x61, 0x6d, 0x65, 0x3b, 0x0d, 0x0a, 0x20, 0x20, 0x20
.byte 0x20, 0x20, 0x20, 0x72, 0x6f, 0x77, 0x2e, 0x61, 0x70, 0x70, 0x65, 0x6e, 0x64, 0x43, 0x68, 0x69
.byte 0x6c, 0x64, 0x28, 0x74, 0x64, 0x4e, 0x61, 0x6d, 0x65, 0x29, 0x3b, 0x0d, 0x0a, 0x0d, 0x0a, 0x20
.byte 0x20, 0x20, 0x20, 0x20, 0x20, 0x63, 0x6f, 0x6e, 0x73, 0x74, 0x20, 0x74, 0x64, 0x54, 0x79, 0x70
.byte 0x65, 0x20, 0x3d, 0x20, 0x64, 0x6f, 0x63, 0x75, 0x6d, 0x65, 0x6e, 0x74, 0x2e, 0x63, 0x72, 0x65
.byte 0x61, 0x74, 0x65, 0x45, 0x6c, 0x65, 0x6d, 0x65, 0x6e, 0x74, 0x28, 0x22, 0x74, 0x64, 0x22, 0x29
.byte 0x3b, 0x0d, 0x0a, 0x20, 0x20, 0x20, 0x20, 0x20, 0x20, 0x74, 0x64, 0x54, 0x79, 0x70, 0x65, 0x2e
.byte 0x74, 0x65, 0x78, 0x74, 0x43, 0x6f, 0x6e, 0x74, 0x65, 0x6e, 0x74, 0x20, 0x3d, 0x20, 0x65, 0x6e
.byte 0x74, 0x72, 0x79, 0x2e, 0x69, 0x73, 0x5f, 0x64, 0x69, 0x72, 0x20, 0x3f, 0x20, 0x74, 0x28, 0x22
.byte 0x66, 0x69, 0x6c, 0x65, 0x54, 0x79, 0x70, 0x65, 0x46, 0x6f, 0x6c, 0x64, 0x65, 0x72, 0x22, 0x29
.byte 0x20, 0x3a, 0x20, 0x74, 0x28, 0x22, 0x66, 0x69, 0x6c, 0x65, 0x54, 0x79, 0x70, 0x65, 0x46, 0x69
.byte 0x6c, 0x65, 0x22, 0x29, 0x3b, 0x0d, 0x0a, 0x20, 0x20, 0x20, 0x20, 0x20, 0x20, 0x72, 0x6f, 0x77
.byte 0x2e, 0x61, 0x70, 0x70, 0x65, 0x6e, 0x64, 0x43, 0x68, 0x69, 0x6c, 0x64, 0x28, 0x74, 0x64, 0x54
.byte 0x79, 0x70, 0x65, 0x29, 0x3b, 0x0d, 0x0a, 0x0d, 0x0a, 0x20, 0x20, 0x20, 0x20, 0x20, 0x20, 0x63
.byte 0x6f, 0x6e, 0x73, 0x74, 0x20, 0x74, 0x64, 0x53, 0x69, 0x7a, 0x65, 0x20, 0x3d, 0x20, 0x64, 0x6f
.byte 0x63, 0x75, 0x6d, 0x65, 0x6e, 0x74, 0x2e, 0x63, 0x72, 0x65, 0x61, 0x74, 0x65, 0x45, 0x6c, 0x65
.byte 0x6d, 0x65, 0x6e, 0x74, 0x28, 0x22, 0x74, 0x64, 0x22, 0x29, 0x3b, 0x0d, 0x0a, 0x20, 0x20, 0x20
.byte 0x20, 0x20, 0x20, 0x74, 0x64, 0x53, 0x69, 0x7a, 0x65, 0x2e, 0x74, 0x65, 0x78, 0x74, 0x43, 0x6f
.byte 0x6e, 0x74, 0x65, 0x6e, 0x74, 0x20, 0x3d, 0x20, 0x65, 0x6e, 0x74, 0x72, 0x79, 0x2e, 0x69, 0x73
.byte 0x5f, 0x64, 0x69, 0x72, 0x20, 0x3f, 0x20, 0x22, 0x2d, 0x22, 0x20, 0x3a, 0x20, 0x68, 0x75, 0x6d
.byte 0x61, 0x6e, 0x53, 0x69, 0x7a, 0x65, 0x28, 0x65, 0x6e, 0x74, 0x72, 0x79, 0x2e, 0x73, 0x69, 0x7a
.byte 0x65, 0x20, 0x7c, 0x7c, 0x20, 0x30, 0x29, 0x3b, 0x0d, 0x0a, 0x20, 0x20, 0x20, 0x20, 0x20, 0x20
.byte 0x72, 0x6f, 0x77, 0x2e, 0x61, 0x70, 0x70, 0x65, 0x6e, 0x64, 0x43, 0x68, 0x69, 0x6c, 0x64, 0x28
.byte 0x74, 0x64, 0x53, 0x69, 0x7a, 0x65, 0x29, 0x3b, 0x0d, 0x0a, 0x0d, 0x0a, 0x20, 0x20, 0x20, 0x20
.byte 0x20, 0x20, 0x63, 0x6f, 0x6e, 0x73, 0x74, 0x20, 0x74, 0x64, 0x41, 0x63, 0x74, 0x69, 0x6f, 0x6e
.byte 0x73, 0x20, 0x3d, 0x20, 0x64, 0x6f, 0x63, 0x75, 0x6d, 0x65, 0x6e, 0x74, 0x2e, 0x63, 0x72, 0x65
.byte 0x61, 0x74, 0x65, 0x45, 0x6c, 0x65, 0x6d, 0x65, 0x6e, 0x74, 0x28, 0x22, 0x74, 0x64, 0x22, 0x29
.byte 0x3b, 0x0d, 0x0a, 0x20, 0x20, 0x20, 0x20, 0x20, 0x20, 0x74, 0x64, 0x41, 0x63, 0x74, 0x69, 0x6f
.byte 0x6e, 0x73, 0x2e, 0x63, 0x6c, 0x61, 0x73, 0x73, 0x4e, 0x61, 0x6d, 0x65, 0x20, 0x3d, 0x20, 0x22
.byte 0x61, 0x63, 0x74, 0x69, 0x6f, 0x6e, 0x73, 0x22, 0x3b, 0x0d, 0x0a, 0x20, 0x20, 0x20, 0x20, 0x20
.byte 0x20, 0x6c, 0x65, 0x74, 0x20, 0x65, 0x64, 0x69, 0x74, 0x43, 0x6f, 0x6e, 0x74, 0x72, 0x6f, 0x6c
.byte 0x20, 0x3d, 0x20, 0x6e, 0x75, 0x6c, 0x6c, 0x3b, 0x0d, 0x0a, 0x20, 0x20, 0x20, 0x20, 0x20, 0x20
.byte 0x6c, 0x65, 0x74, 0x20, 0x6d, 0x69, 0x64, 0x64, 0x6c, 0x65, 0x43, 0x6f, 0x6e, 0x74, 0x72, 0x6f
.byte 0x6c, 0x20, 0x3d, 0x20, 0x6e, 0x75, 0x6c, 0x6c, 0x3b, 0x0d, 0x0a, 0x0d, 0x0a, 0x20, 0x20, 0x20
.byte 0x20, 0x20, 0x20, 0x69, 0x66, 0x20, 0x28, 0x65, 0x6e, 0x74, 0x72, 0x79, 0x2e, 0x69, 0x73, 0x5f
.byte 0x64, 0x69, 0x72, 0x29, 0x20, 0x7b, 0x0d, 0x0a, 0x20, 0x20, 0x20, 0x20, 0x20, 0x20, 0x20, 0x20
.byte 0x63, 0x6f, 0x6e, 0x73, 0x74, 0x20, 0x6f, 0x70, 0x65, 0x6e, 0x42, 0x74, 0x6e, 0x20, 0x3d, 0x20
.byte 0x64, 0x6f, 0x63, 0x75, 0x6d, 0x65, 0x6e, 0x74, 0x2e, 0x63, 0x72, 0x65, 0x61, 0x74, 0x65, 0x45
.byte 0x6c, 0x65, 0x6d, 0x65, 0x6e, 0x74, 0x28, 0x22, 0x62, 0x75, 0x74, 0x74, 0x6f, 0x6e, 0x22, 0x29
.byte 0x3b, 0x0d, 0x0a, 0x20, 0x20, 0x20, 0x20, 0x20, 0x20, 0x20, 0x20, 0x6f, 0x70, 0x65, 0x6e, 0x42
.byte 0x74, 0x6e, 0x2e, 0x63, 0x6c, 0x61, 0x73, 0x73, 0x4e, 0x61, 0x6d, 0x65, 0x20, 0x3d, 0x20, 0x22
.byte 0x6c, 0x69, 0x6e, 0x6b, 0x2d, 0x62, 0x74, 0x6e, 0x22, 0x3b, 0x0d, 0x0a, 0x20, 0x20, 0x20, 0x20
.byte 0x20, 0x20, 0x20, 0x20, 0x6f, 0x70, 0x65, 0x6e, 0x42, 0x74, 0x6e, 0x2e, 0x74, 0x65, 0x78, 0x74
.byte 0x43, 0x6f, 0x6e, 0x74, 0x65, 0x6e, 0x74, 0x20, 0x3d, 0x20, 0x74, 0x28, 0x22, 0x66, 0x69, 0x6c
.byte 0x65, 0x4f, 0x70, 0x65, 0x6e, 0x22, 0x29, 0x3b, 0x0d, 0x0a, 0x20, 0x20, 0x20, 0x20, 0x20, 0x20
.byte 0x20, 0x20, 0x6f, 0x70, 0x65, 0x6e, 0x42, 0x74, 0x6e, 0x2e, 0x6f, 0x6e, 0x63, 0x6c, 0x69, 0x63
.byte 0x6b, 0x20, 0x3d, 0x20, 0x28, 0x29, 0x20, 0x3d, 0x3e, 0x20, 0x7b, 0x0d, 0x0a, 0x20, 0x20, 0x20
.byte 0x20, 0x20, 0x20, 0x20, 0x20, 0x20, 0x20, 0x63, 0x75, 0x72, 0x72, 0x65, 0x6e, 0x74, 0x50, 0x61
.byte 0x74, 0x68, 0x20, 0x3d, 0x20, 0x65, 0x6e, 0x74, 0x72, 0x79, 0x2e, 0x70, 0x61, 0x74, 0x68, 0x3b
.byte 0x0d, 0x0a, 0x20, 0x20, 0x20, 0x20, 0x20, 0x20, 0x20, 0x20, 0x20, 0x20, 0x6c, 0x6f, 0x61, 0x64
.byte 0x46, 0x69, 0x6c, 0x65, 0x73, 0x28, 0x29, 0x2e, 0x63, 0x61, 0x74, 0x63, 0x68, 0x28, 0x28, 0x65
.byte 0x72, 0x72, 0x29, 0x20, 0x3d, 0x3e, 0x0d, 0x0a, 0x20, 0x20, 0x20, 0x20, 0x20, 0x20, 0x20, 0x20
.byte 0x20, 0x20, 0x20, 0x20, 0x73, 0x68, 0x6f, 0x77, 0x42, 0x61, 0x6e, 0x6e, 0x65, 0x72, 0x28, 0x22
.byte 0x66, 0x69, 0x6c, 0x65, 0x42, 0x61, 0x6e, 0x6e, 0x65, 0x72, 0x22, 0x2c, 0x20, 0x65, 0x72, 0x72
.byte 0x2e, 0x6d, 0x65, 0x73, 0x73, 0x61, 0x67, 0x65, 0x2c, 0x20, 0x74, 0x72, 0x75, 0x65, 0x29, 0x0d
.byte 0x0a, 0x20, 0x20, 0x20, 0x20, 0x20, 0x20, 0x20, 0x20, 0x20, 0x20, 0x29, 0x3b, 0x0d, 0x0a, 0x20
.byte 0x20, 0x20, 0x20, 0x20, 0x20, 0x20, 0x20, 0x7d, 0x3b, 0x0d, 0x0a, 0x20, 0x20, 0x20, 0x20, 0x20
.byte 0x20, 0x20, 0x20, 0x6d, 0x69, 0x64, 0x64, 0x6c, 0x65, 0x43, 0x6f, 0x6e, 0x74, 0x72, 0x6f, 0x6c
.byte 0x20, 0x3d, 0x20, 0x6f, 0x70, 0x65, 0x6e, 0x42, 0x74, 0x6e, 0x3b, 0x0d, 0x0a, 0x20, 0x20, 0x20
.byte 0x20, 0x20, 0x20, 0x7d, 0x20, 0x65, 0x6c, 0x73, 0x65, 0x20, 0x7b, 0x0d, 0x0a, 0x20, 0x20, 0x20
.byte 0x20, 0x20, 0x20, 0x20, 0x20, 0x69, 0x66, 0x20, 0x28, 0x69, 0x73, 0x45, 0x64, 0x69, 0x74, 0x61
.byte 0x62, 0x6c, 0x65, 0x46, 0x69, 0x6c, 0x65, 0x28, 0x65, 0x6e, 0x74, 0x72, 0x79, 0x2e, 0x70, 0x61
.byte 0x74, 0x68, 0x29, 0x29, 0x20, 0x7b, 0x0d, 0x0a, 0x20, 0x20, 0x20, 0x20, 0x20, 0x20, 0x20, 0x20
.byte 0x20, 0x20, 0x63, 0x6f, 0x6e, 0x73, 0x74, 0x20, 0x65, 0x64, 0x69, 0x74, 0x42, 0x74, 0x6e, 0x20
.byte 0x3d, 0x20, 0x64, 0x6f, 0x63, 0x75, 0x6d, 0x65, 0x6e, 0x74, 0x2e, 0x63, 0x72, 0x65, 0x61, 0x74
.byte 0x65, 0x45, 0x6c, 0x65, 0x6d, 0x65, 0x6e, 0x74, 0x28, 0x22, 0x62, 0x75, 0x74, 0x74, 0x6f, 0x6e
.byte 0x22, 0x29, 0x3b, 0x0d, 0x0a, 0x20, 0x20, 0x20, 0x20, 0x20, 0x20, 0x20, 0x20, 0x20, 0x20, 0x65
.byte 0x64, 0x69, 0x74, 0x42, 0x74, 0x6e, 0x2e, 0x63, 0x6c, 0x61, 0x73, 0x73, 0x4e, 0x61, 0x6d, 0x65
.byte 0x20, 0x3d, 0x20, 0x22, 0x6c, 0x69, 0x6e, 0x6b, 0x2d, 0x62, 0x74, 0x6e, 0x22, 0x3b, 0x0d, 0x0a
.byte 0x20, 0x20, 0x20, 0x20, 0x20, 0x20, 0x20, 0x20, 0x20, 0x20, 0x65, 0x64, 0x69, 0x74, 0x42, 0x74
.byte 0x6e, 0x2e, 0x74, 0x65, 0x78, 0x74, 0x43, 0x6f, 0x6e, 0x74, 0x65, 0x6e, 0x74, 0x20, 0x3d, 0x20
.byte 0x69, 0x73, 0x46, 0x69, 0x6c, 0x65, 0x44, 0x65, 0x76, 0x4d, 0x6f, 0x64, 0x65, 0x45, 0x6e, 0x61
.byte 0x62, 0x6c, 0x65, 0x64, 0x28, 0x29, 0x20, 0x3f, 0x20, 0x74, 0x28, 0x22, 0x66, 0x69, 0x6c, 0x65
.byte 0x45, 0x64, 0x69, 0x74, 0x22, 0x29, 0x20, 0x3a, 0x20, 0x74, 0x28, 0x22, 0x66, 0x69, 0x6c, 0x65
.byte 0x50, 0x72, 0x65, 0x76, 0x69, 0x65, 0x77, 0x22, 0x29, 0x3b, 0x0d, 0x0a, 0x20, 0x20, 0x20, 0x20
.byte 0x20, 0x20, 0x20, 0x20, 0x20, 0x20, 0x65, 0x64, 0x69, 0x74, 0x42, 0x74, 0x6e, 0x2e, 0x6f, 0x6e
.byte 0x63, 0x6c, 0x69, 0x63, 0x6b, 0x20, 0x3d, 0x20, 0x28, 0x29, 0x20, 0x3d, 0x3e, 0x20, 0x7b, 0x0d
.byte 0x0a, 0x20, 0x20, 0x20, 0x20, 0x20, 0x20, 0x20, 0x20, 0x20, 0x20, 0x20, 0x20, 0x6f, 0x70, 0x65
.byte 0x6e, 0x46, 0x69, 0x6c, 0x65, 0x45, 0x64, 0x69, 0x74, 0x6f, 0x72, 0x28, 0x65, 0x6e, 0x74, 0x72
.byte 0x79, 0x2e, 0x70, 0x61, 0x74, 0x68, 0x29, 0x2e, 0x63, 0x61, 0x74, 0x63, 0x68, 0x28, 0x28, 0x65
.byte 0x72, 0x72, 0x29, 0x20, 0x3d, 0x3e, 0x0d, 0x0a, 0x20, 0x20, 0x20, 0x20, 0x20, 0x20, 0x20, 0x20
.byte 0x20, 0x20, 0x20, 0x20, 0x20, 0x20, 0x73, 0x68, 0x6f, 0x77, 0x42, 0x61, 0x6e, 0x6e, 0x65, 0x72
.byte 0x28, 0x22, 0x66, 0x69, 0x6c, 0x65, 0x42, 0x61, 0x6e, 0x6e, 0x65, 0x72, 0x22, 0x2c, 0x20, 0x65
.byte 0x72, 0x72, 0x2e, 0x6d, 0x65, 0x73, 0x73, 0x61, 0x67, 0x65, 0x20, 0x7c, 0x7c, 0x20, 0x74, 0x28
.byte 0x22, 0x66, 0x69, 0x6c, 0x65, 0x45, 0x64, 0x69, 0x74, 0x6f, 0x72, 0x4c, 0x6f, 0x61, 0x64, 0x45
.byte 0x72, 0x72, 0x6f, 0x72, 0x22, 0x29, 0x2c, 0x20, 0x74, 0x72, 0x75, 0x65, 0x29, 0x0d, 0x0a, 0x20
.byte 0x20, 0x20, 0x20, 0x20, 0x20, 0x20, 0x20, 0x20, 0x20, 0x20, 0x20, 0x29, 0x3b, 0x0d, 0x0a, 0x20
.byte 0x20, 0x20, 0x20, 0x20, 0x20, 0x20, 0x20, 0x20, 0x20, 0x7d, 0x3b, 0x0d, 0x0a, 0x20, 0x20, 0x20
.byte 0x20, 0x20, 0x20, 0x20, 0x20, 0x20, 0x20, 0x65, 0x64, 0x69, 0x74, 0x43, 0x6f, 0x6e, 0x74, 0x72
.byte 0x6f, 0x6c, 0x20, 0x3d, 0x20, 0x65, 0x64, 0x69, 0x74, 0x42, 0x74, 0x6e, 0x3b, 0x0d, 0x0a, 0x20
.byte 0x20, 0x20, 0x20, 0x20, 0x20, 0x20, 0x20, 0x7d, 0x0d, 0x0a, 0x0d, 0x0a, 0x20, 0x20, 0x20, 0x20
.byte 0x20, 0x20, 0x20, 0x20, 0x63, 0x6f, 0x6e, 0x73, 0x74, 0x20, 0x64, 0x6c, 0x4c, 0x69, 0x6e, 0x6b
.byte 0x20, 0x3d, 0x20, 0x64, 0x6f, 0x63, 0x75, 0x6d, 0x65, 0x6e, 0x74, 0x2e, 0x63, 0x72, 0x65, 0x61
.byte 0x74, 0x65, 0x45, 0x6c, 0x65, 0x6d, 0x65, 0x6e, 0x74, 0x28, 0x22, 0x61, 0x22, 0x29, 0x3b, 0x0d
.byte 0x0a, 0x20, 0x20, 0x20, 0x20, 0x20, 0x20, 0x20, 0x20, 0x64, 0x6c, 0x4c, 0x69, 0x6e, 0x6b, 0x2e
.byte 0x68, 0x72, 0x65, 0x66, 0x20, 0x3d, 0x20, 0x22, 0x2f, 0x66, 0x69, 0x6c, 0x65, 0x73, 0x22, 0x20
.byte 0x2b, 0x20, 0x65, 0x6e, 0x74, 0x72, 0x79, 0x2e, 0x70, 0x61, 0x74, 0x68, 0x3b, 0x0d, 0x0a, 0x20
.byte 0x20, 0x20, 0x20, 0x20, 0x20, 0x20, 0x20, 0x64, 0x6c, 0x4c, 0x69, 0x6e, 0x6b, 0x2e, 0x74, 0x65
.byte 0x78, 0x74, 0x43, 0x6f, 0x6e, 0x74, 0x65, 0x6e, 0x74, 0x20, 0x3d, 0x20, 0x74, 0x28, 0x22, 0x66
.byte 0x69, 0x6c, 0x65, 0x44, 0x6f, 0x77, 0x6e, 0x6c, 0x6f, 0x61, 0x64, 0x22, 0x29, 0x3b, 0x0d, 0x0a
.byte 0x20, 0x20, 0x20, 0x20, 0x20, 0x20, 0x20, 0x20, 0x64, 0x6c, 0x4c, 0x69, 0x6e, 0x6b, 0x2e, 0x63
.byte 0x6c, 0x61, 0x73, 0x73, 0x4e, 0x61, 0x6d, 0x65, 0x20, 0x3d, 0x20, 0x22, 0x6c, 0x69, 0x6e, 0x6b
.byte 0x2d, 0x62, 0x74, 0x6e, 0x22, 0x3b, 0x0d, 0x0a, 0x20, 0x20, 0x20, 0x20, 0x20, 0x20, 0x20, 0x20
.byte 0x64, 0x6c, 0x4c, 0x69, 0x6e, 0x6b, 0x2e, 0x74, 0x61, 0x72, 0x67, 0x65, 0x74, 0x20, 0x3d, 0x20
.byte 0x22, 0x5f, 0x62, 0x6c, 0x61, 0x6e, 0x6b, 0x22, 0x3b, 0x0d, 0x0a, 0x20, 0x20, 0x20, 0x20, 0x20
.byte 0x20, 0x20, 0x20, 0x6d, 0x69, 0x64, 0x64, 0x6c, 0x65, 0x43, 0x6f, 0x6e, 0x74, 0x72, 0x6f, 0x6c
.byte 0x20, 0x3d, 0x20, 0x64, 0x6c, 0x4c, 0x69, 0x6e, 0x6b, 0x3b, 0x0d, 0x0a, 0x20, 0x20, 0x20, 0x20
.byte 0x20, 0x20, 0x7d, 0x0d, 0x0a, 0x0d, 0x0a, 0x20, 0x20, 0x20, 0x20, 0x20, 0x20, 0x63, 0x6f, 0x6e
.byte 0x73, 0x74, 0x20, 0x64, 0x65, 0x6c, 0x42, 0x74, 0x6e, 0x20, 0x3d, 0x20, 0x64, 0x6f, 0x63, 0x75
.byte 0x6d, 0x65, 0x6e, 0x74, 0x2e, 0x63, 0x72, 0x65, 0x61, 0x74, 0x65, 0x45, 0x6c, 0x65, 0x6d, 0x65
.byte 0x6e, 0x74, 0x28, 0x22, 0x62, 0x75, 0x74, 0x74, 0x6f, 0x6e, 0x22, 0x29, 0x3b, 0x0d, 0x0a, 0x20
.byte 0x20, 0x20, 0x20, 0x20, 0x20, 0x64, 0x65, 0x6c, 0x42, 0x74, 0x6e, 0x2e, 0x63, 0x6c, 0x61, 0x73
.byte 0x73, 0x4e, 0x61, 0x6d, 0x65, 0x20, 0x3d, 0x20, 0x22, 0x6c, 0x69, 0x6e, 0x6b, 0x2d, 0x62, 0x74
.byte 0x6e, 0x20, 0x64, 0x61, 0x6e, 0x67, 0x65, 0x72, 0x22, 0x3b, 0x0d, 0x0a, 0x20, 0x20, 0x20, 0x20
.byte 0x20, 0x20, 0x64, 0x65, 0x6c, 0x42, 0x74, 0x6e, 0x2e, 0x74, 0x65, 0x78, 0x74, 0x43, 0x6f, 0x6e
.byte 0x74, 0x65, 0x6e, 0x74, 0x20, 0x3d, 0x20, 0x74, 0x28, 0x22, 0x66, 0x69, 0x6c, 0x65, 0x44, 0x65
.byte 0x6c, 0x65, 0x74, 0x65, 0x22, 0x29, 0x3b, 0x0d, 0x0a, 0x20, 0x20, 0x20, 0x20, 0x20, 0x20, 0x64
.byte 0x65, 0x6c, 0x42, 0x74, 0x6e, 0x2e, 0x64, 0x69, 0x73, 0x61, 0x62, 0x6c, 0x65, 0x64, 0x20, 0x3d
.byte 0x20, 0x21, 0x69, 0x73, 0x46, 0x69, 0x6c, 0x65, 0x44, 0x65, 0x76, 0x4d, 0x6f, 0x64, 0x65, 0x45
.byte 0x6e, 0x61, 0x62, 0x6c, 0x65, 0x64, 0x28, 0x29, 0x3b, 0x0d, 0x0a, 0x20, 0x20, 0x20, 0x20, 0x20
.byte 0x20, 0x64, 0x65, 0x6c, 0x42, 0x74, 0x6e, 0x2e, 0x6f, 0x6e, 0x63, 0x6c, 0x69, 0x63, 0x6b, 0x20
.byte 0x3d, 0x20, 0x61, 0x73, 0x79, 0x6e, 0x63, 0x20, 0x28, 0x29, 0x20, 0x3d, 0x3e, 0x20, 0x7b, 0x0d
.byte 0x0a, 0x20, 0x20, 0x20, 0x20, 0x20, 0x20, 0x20, 0x20, 0x69, 0x66, 0x20, 0x28, 0x21, 0x69, 0x73
.byte 0x46, 0x69, 0x6c, 0x65, 0x44, 0x65, 0x76, 0x4d, 0x6f, 0x64, 0x65, 0x45, 0x6e, 0x61, 0x62, 0x6c
.byte 0x65, 0x64, 0x28, 0x29, 0x29, 0x20, 0x72, 0x65, 0x74, 0x75, 0x72, 0x6e, 0x3b, 0x0d, 0x0a, 0x20
.byte 0x20, 0x20, 0x20, 0x20, 0x20, 0x20, 0x20, 0x63, 0x6f, 0x6e, 0x73, 0x74, 0x20, 0x6d, 0x73, 0x67
.byte 0x20, 0x3d, 0x20, 0x74, 0x28, 0x22, 0x66, 0x69, 0x6c, 0x65, 0x44, 0x65, 0x6c, 0x65, 0x74, 0x65
.byte 0x43, 0x6f, 0x6e, 0x66, 0x69, 0x72, 0x6d, 0x22, 0x29, 0x2e, 0x72, 0x65, 0x70, 0x6c, 0x61, 0x63
.byte 0x65, 0x28, 0x22, 0x7b, 0x70, 0x61, 0x74, 0x68, 0x7d, 0x22, 0x2c, 0x20, 0x65, 0x6e, 0x74, 0x72
.byte 0x79, 0x2e, 0x70, 0x61, 0x74, 0x68, 0x29, 0x3b, 0x0d, 0x0a, 0x20, 0x20, 0x20, 0x20, 0x20, 0x20
.byte 0x20, 0x20, 0x69, 0x66, 0x20, 0x28, 0x21, 0x77, 0x69, 0x6e, 0x64, 0x6f, 0x77, 0x2e, 0x63, 0x6f
.byte 0x6e, 0x66, 0x69, 0x72, 0x6d, 0x28, 0x6d, 0x73, 0x67, 0x29, 0x29, 0x20, 0x72, 0x65, 0x74, 0x75
.byte 0x72, 0x6e, 0x3b, 0x0d, 0x0a, 0x20, 0x20, 0x20, 0x20, 0x20, 0x20, 0x20, 0x20, 0x61, 0x77, 0x61
.byte 0x69, 0x74, 0x20, 0x64, 0x65, 0x6c, 0x65, 0x74, 0x65, 0x50, 0x61, 0x74, 0x68, 0x28, 0x65, 0x6e
.byte 0x74, 0x72, 0x79, 0x2e, 0x70, 0x61, 0x74, 0x68, 0x29, 0x3b, 0x0d, 0x0a, 0x20, 0x20, 0x20, 0x20
.byte 0x20, 0x20, 0x7d, 0x3b, 0x0d, 0x0a, 0x20, 0x20, 0x20, 0x20, 0x20, 0x20, 0x63, 0x6f, 0x6e, 0x73
.byte 0x74, 0x20, 0x65, 0x64, 0x69, 0x74, 0x50, 0x6c, 0x61, 0x63, 0x65, 0x68, 0x6f, 0x6c, 0x64, 0x65
.byte 0x72, 0x20, 0x3d, 0x20, 0x65, 0x6e, 0x74, 0x72, 0x79, 0x2e, 0x69, 0x73, 0x5f, 0x64, 0x69, 0x72
.byte 0x20, 0x3f, 0x20, 0x74, 0x28, 0x22, 0x66, 0x69, 0x6c, 0x65, 0x54, 0x79, 0x70, 0x65, 0x46, 0x6f
.byte 0x6c, 0x64, 0x65, 0x72, 0x22, 0x29, 0x20, 0x3a, 0x20, 0x74, 0x28, 0x22, 0x66, 0x69, 0x6c, 0x65
.byte 0x45, 0x64, 0x69, 0x74, 0x22, 0x29, 0x3b, 0x0d, 0x0a, 0x20, 0x20, 0x20, 0x20, 0x20, 0x20, 0x74
.byte 0x64, 0x41, 0x63, 0x74, 0x69, 0x6f, 0x6e, 0x73, 0x2e, 0x61, 0x70, 0x70, 0x65, 0x6e, 0x64, 0x43
.byte 0x68, 0x69, 0x6c, 0x64, 0x28, 0x63, 0x72, 0x65, 0x61, 0x74, 0x65, 0x41, 0x63, 0x74, 0x69, 0x6f
.byte 0x6e, 0x53, 0x6c, 0x6f, 0x74, 0x28, 0x65, 0x64, 0x69, 0x74, 0x43, 0x6f, 0x6e, 0x74, 0x72, 0x6f
.byte 0x6c, 0x2c, 0x20, 0x65, 0x64, 0x69, 0x74, 0x50, 0x6c, 0x61, 0x63, 0x65, 0x68, 0x6f, 0x6c, 0x64
.byte 0x65, 0x72, 0x29, 0x29, 0x3b, 0x0d, 0x0a, 0x20, 0x20, 0x20, 0x20, 0x20, 0x20, 0x74, 0x64, 0x41
.byte 0x63, 0x74, 0x69, 0x6f, 0x6e, 0x73, 0x2e, 0x61, 0x70, 0x70, 0x65, 0x6e, 0x64, 0x43, 0x68, 0x69
.byte 0x6c, 0x64, 0x28, 0x63, 0x72, 0x65, 0x61, 0x74, 0x65, 0x41, 0x63, 0x74, 0x69, 0x6f, 0x6e, 0x53
.byte 0x6c, 0x6f, 0x74, 0x28, 0x6d, 0x69, 0x64, 0x64, 0x6c, 0x65, 0x43, 0x6f, 0x6e, 0x74, 0x72, 0x6f
.byte 0x6c, 0x29, 0x29, 0x3b, 0x0d, 0x0a, 0x20, 0x20, 0x20, 0x20, 0x20, 0x20, 0x74, 0x64, 0x41, 0x63
.byte 0x74, 0x69, 0x6f, 0x6e, 0x73, 0x2e, 0x61, 0x70, 0x70, 0x65, 0x6e, 0x64, 0x43, 0x68, 0x69, 0x6c
.byte 0x64, 0x28, 0x63, 0x72, 0x65, 0x61, 0x74, 0x65, 0x41, 0x63, 0x74, 0x69, 0x6f, 0x6e, 0x53, 0x6c
.byte 0x6f, 0x74, 0x28, 0x64, 0x65, 0x6c, 0x42, 0x74, 0x6e, 0x29, 0x29, 0x3b, 0x0d, 0x0a, 0x0d, 0x0a
.byte 0x20, 0x20, 0x20, 0x20, 0x20, 0x20, 0x72, 0x6f, 0x77, 0x2e, 0x61, 0x70, 0x70, 0x65, 0x6e, 0x64
.byte 0x43, 0x68, 0x69, 0x6c, 0x64, 0x28, 0x74, 0x64, 0x41, 0x63, 0x74, 0x69, 0x6f, 0x6e, 0x73, 0x29
.byte 0x3b, 0x0d, 0x0a, 0x20, 0x20, 0x20, 0x20, 0x20, 0x20, 0x74, 0x62, 0x6f, 0x64, 0x79, 0x2e, 0x61
.byte 0x70, 0x70, 0x65, 0x6e, 0x64, 0x43, 0x68, 0x69, 0x6c, 0x64, 0x28, 0x72, 0x6f, 0x77, 0x29, 0x3b
.byte 0x0d, 0x0a, 0x20, 0x20, 0x20, 0x20, 0x7d, 0x29, 0x3b, 0x0d, 0x0a, 0x7d, 0x0d, 0x0a, 0x0d, 0x0a
.byte 0x61, 0x73, 0x79, 0x6e, 0x63, 0x20, 0x66, 0x75, 0x6e, 0x63, 0x74, 0x69, 0x6f, 0x6e, 0x20, 0x6c
.byte 0x6f, 0x61, 0x64, 0x46, 0x69, 0x6c, 0x65, 0x73, 0x28, 0x29, 0x20, 0x7b, 0x0d, 0x0a, 0x20, 0x20
.byte 0x68, 0x69, 0x64, 0x65, 0x42, 0x61, 0x6e, 0x6e, 0x65, 0x72, 0x28, 0x22, 0x66, 0x69, 0x6c, 0x65
.byte 0x42, 0x61, 0x6e, 0x6e, 0x65, 0x72, 0x22, 0x29, 0x3b, 0x0d, 0x0a, 0x20, 0x20, 0x64, 0x6f, 0x63
.byte 0x75, 0x6d, 0x65, 0x6e, 0x74, 0x2e, 0x67, 0x65, 0x74, 0x45, 0x6c, 0x65, 0x6d, 0x65, 0x6e, 0x74
.byte 0x42, 0x79, 0x49, 0x64, 0x28, 0x22, 0x63, 0x75, 0x72, 0x72, 0x65, 0x6e, 0x74, 0x50, 0x61, 0x74
.byte 0x68, 0x22, 0x29, 0x2e, 0x74, 0x65, 0x78, 0x74, 0x43, 0x6f, 0x6e, 0x74, 0x65, 0x6e, 0x74, 0x20
.byte 0x3d, 0x20, 0x63, 0x75, 0x72, 0x72, 0x65, 0x6e, 0x74, 0x50, 0x61, 0x74, 0x68, 0x3b, 0x0d, 0x0a
.byte 0x0d, 0x0a, 0x20, 0x20, 0x63, 0x6f, 0x6e, 0x73, 0x74, 0x20, 0x72, 0x65, 0x73, 0x70, 0x6f, 0x6e
.byte 0x73, 0x65, 0x20, 0x3d, 0x20, 0x61, 0x77, 0x61, 0x69, 0x74, 0x20, 0x66, 0x65, 0x74, 0x63, 0x68
.byte 0x28, 0x0d, 0x0a, 0x20, 0x20, 0x20, 0x20, 0x22, 0x2f, 0x61, 0x70, 0x69, 0x2f, 0x66, 0x69, 0x6c
.byte 0x65, 0x73, 0x3f, 0x70, 0x61, 0x74, 0x68, 0x3d, 0x22, 0x20, 0x2b, 0x20, 0x65, 0x6e, 0x63, 0x6f
.byte 0x64, 0x65, 0x55, 0x52, 0x49, 0x43, 0x6f, 0x6d, 0x70, 0x6f, 0x6e, 0x65, 0x6e, 0x74, 0x28, 0x63
.byte 0x75, 0x72, 0x72, 0x65, 0x6e, 0x74, 0x50, 0x61, 0x74, 0x68, 0x29, 0x2c, 0x0d, 0x0a, 0x20, 0x20
.byte 0x20, 0x20, 0x7b, 0x20, 0x63, 0x61, 0x63, 0x68, 0x65, 0x3a, 0x20, 0x22, 0x6e, 0x6f, 0x2d, 0x73
.byte 0x74, 0x6f, 0x72, 0x65, 0x22, 0x20, 0x7d, 0x0d, 0x0a, 0x20, 0x20, 0x29, 0x3b, 0x0d, 0x0a, 0x20
.byte 0x20, 0x69, 0x66, 0x20, 0x28, 0x21, 0x72, 0x65, 0x73, 0x70, 0x6f, 0x6e, 0x73, 0x65, 0x2e, 0x6f
.byte 0x6b, 0x29, 0x20, 0x74, 0x68, 0x72, 0x6f, 0x77, 0x20, 0x6e, 0x65, 0x77, 0x20, 0x45, 0x72, 0x72
.byte 0x6f, 0x72, 0x28, 0x28, 0x61, 0x77, 0x61, 0x69, 0x74, 0x20, 0x72, 0x65, 0x73, 0x70, 0x6f, 0x6e
.byte 0x73, 0x65, 0x2e, 0x74, 0x65, 0x78, 0x74, 0x28, 0x29, 0x29, 0x20, 0x7c, 0x7c, 0x20, 0x22, 0x46
.byte 0x61, 0x69, 0x6c, 0x65, 0x64, 0x20, 0x74, 0x6f, 0x20, 0x6c, 0x6f, 0x61, 0x64, 0x20, 0x66, 0x69
.byte 0x6c, 0x65, 0x20, 0x6c, 0x69, 0x73, 0x74, 0x22, 0x29, 0x3b, 0x0d, 0x0a, 0x0d, 0x0a, 0x20, 0x20
.byte 0x63, 0x6f, 0x6e, 0x73, 0x74, 0x20, 0x64, 0x61, 0x74, 0x61, 0x20, 0x3d, 0x20, 0x61, 0x77, 0x61
.byte 0x69, 0x74, 0x20, 0x72, 0x65, 0x73, 0x70, 0x6f, 0x6e, 0x73, 0x65, 0x2e, 0x6a, 0x73, 0x6f, 0x6e
.byte 0x28, 0x29, 0x3b, 0x0d, 0x0a, 0x20, 0x20, 0x63, 0x75, 0x72, 0x72, 0x65, 0x6e, 0x74, 0x50, 0x61
.byte 0x74, 0x68, 0x20, 0x3d, 0x20, 0x64, 0x61, 0x74, 0x61, 0x2e, 0x70, 0x61, 0x74, 0x68, 0x20, 0x7c
.byte 0x7c, 0x20, 0x22, 0x2f, 0x22, 0x3b, 0x0d, 0x0a, 0x20, 0x20, 0x64, 0x6f, 0x63, 0x75, 0x6d, 0x65
.byte 0x6e, 0x74, 0x2e, 0x67, 0x65, 0x74, 0x45, 0x6c, 0x65, 0x6d, 0x65, 0x6e, 0x74, 0x42, 0x79, 0x49
.byte 0x64, 0x28, 0x22, 0x63, 0x75, 0x72, 0x72, 0x65, 0x6e, 0x74, 0x50, 0x61, 0x74, 0x68, 0x22, 0x29
.byte 0x2e, 0x74, 0x65, 0x78, 0x74, 0x43, 0x6f, 0x6e, 0x74, 0x65, 0x6e, 0x74, 0x20, 0x3d, 0x20, 0x63
.byte 0x75, 0x72, 0x72, 0x65, 0x6e, 0x74, 0x50, 0x61, 0x74, 0x68, 0x3b, 0x0d, 0x0a, 0x20, 0x20, 0x72
.byte 0x65, 0x6e, 0x64, 0x65, 0x72, 0x46, 0x69, 0x6c, 0x65, 0x52, 0x6f, 0x77, 0x73, 0x28, 0x64, 0x61
.byte 0x74, 0x61, 0x2e, 0x65, 0x6e, 0x74, 0x72, 0x69, 0x65, 0x73, 0x20, 0x7c, 0x7c, 0x20, 0x5b, 0x5d
.byte 0x29, 0x3b, 0x0d, 0x0a, 0x7d, 0x0d, 0x0a, 0x0d, 0x0a, 0x61, 0x73, 0x79, 0x6e, 0x63, 0x20, 0x66
.byte 0x75, 0x6e, 0x63, 0x74, 0x69, 0x6f, 0x6e, 0x20, 0x75, 0x70, 0x6c, 0x6f, 0x61, 0x64, 0x46, 0x69
.byte 0x6c, 0x65, 0x28, 0x29, 0x20, 0x7b, 0x0d, 0x0a, 0x20, 0x20, 0x69, 0x66, 0x20, 0x28, 0x21, 0x69
.byte 0x73, 0x46, 0x69, 0x6c, 0x65, 0x44, 0x65, 0x76, 0x4d, 0x6f, 0x64, 0x65, 0x45, 0x6e, 0x61, 0x62
.byte 0x6c, 0x65, 0x64, 0x28, 0x29, 0x29, 0x20, 0x7b, 0x0d, 0x0a, 0x20, 0x20, 0x20, 0x20, 0x73, 0x68
.byte 0x6f, 0x77, 0x42, 0x61, 0x6e, 0x6e, 0x65, 0x72, 0x28, 0x22, 0x66, 0x69, 0x6c, 0x65, 0x42, 0x61
.byte 0x6e, 0x6e, 0x65, 0x72, 0x22, 0x2c, 0x20, 0x74, 0x28, 0x22, 0x66, 0x69, 0x6c, 0x65, 0x44, 0x65
.byte 0x76, 0x4d, 0x6f, 0x64, 0x65, 0x52, 0x65, 0x71, 0x75, 0x69, 0x72, 0x65, 0x64, 0x22, 0x29, 0x2c
.byte 0x20, 0x74, 0x72, 0x75, 0x65, 0x29, 0x3b, 0x0d, 0x0a, 0x20, 0x20, 0x20, 0x20, 0x72, 0x65, 0x74
.byte 0x75, 0x72, 0x6e, 0x3b, 0x0d, 0x0a, 0x20, 0x20, 0x7d, 0x0d, 0x0a, 0x0d, 0x0a, 0x20, 0x20, 0x63
.byte 0x6f, 0x6e, 0x73, 0x74, 0x20, 0x70, 0x61, 0x74, 0x68, 0x49, 0x6e, 0x70, 0x75, 0x74, 0x20, 0x3d
.byte 0x20, 0x64, 0x6f, 0x63, 0x75, 0x6d, 0x65, 0x6e, 0x74, 0x2e, 0x67, 0x65, 0x74, 0x45, 0x6c, 0x65
.byte 0x6d, 0x65, 0x6e, 0x74, 0x42, 0x79, 0x49, 0x64, 0x28, 0x22, 0x75, 0x70, 0x6c, 0x6f, 0x61, 0x64
.byte 0x50, 0x61, 0x74, 0x68, 0x49, 0x6e, 0x70, 0x75, 0x74, 0x22, 0x29, 0x3b, 0x0d, 0x0a, 0x20, 0x20
.byte 0x63, 0x6f, 0x6e, 0x73, 0x74, 0x20, 0x66, 0x69, 0x6c, 0x65, 0x49, 0x6e, 0x70, 0x75, 0x74, 0x20
.byte 0x3d, 0x20, 0x64, 0x6f, 0x63, 0x75, 0x6d, 0x65, 0x6e, 0x74, 0x2e, 0x67, 0x65, 0x74, 0x45, 0x6c
.byte 0x65, 0x6d, 0x65, 0x6e, 0x74, 0x42, 0x79, 0x49, 0x64, 0x28, 0x22, 0x75, 0x70, 0x6c, 0x6f, 0x61
.byte 0x64, 0x46, 0x69, 0x6c, 0x65, 0x49, 0x6e, 0x70, 0x75, 0x74, 0x22, 0x29, 0x3b, 0x0d, 0x0a, 0x20
.byte 0x20, 0x63, 0x6f, 0x6e, 0x73, 0x74, 0x20, 0x62, 0x75, 0x74, 0x74, 0x6f, 0x6e, 0x20, 0x3d, 0x20
.byte 0x64, 0x6f, 0x63, 0x75, 0x6d, 0x65, 0x6e, 0x74, 0x2e, 0x67, 0x65, 0x74, 0x45, 0x6c, 0x65, 0x6d
.byte 0x65, 0x6e, 0x74, 0x42, 0x79, 0x49, 0x64, 0x28, 0x22, 0x75, 0x70, 0x6c, 0x6f, 0x61, 0x64, 0x42
.byte 0x75, 0x74, 0x74, 0x6f, 0x6e, 0x22, 0x29, 0x3b, 0x0d, 0x0a, 0x20, 0x20, 0x63, 0x6f, 0x6e, 0x73
.byte 0x74, 0x20, 0x66, 0x69, 0x6c, 0x65, 0x20, 0x3d, 0x20, 0x66, 0x69, 0x6c, 0x65, 0x49, 0x6e, 0x70
.byte 0x75, 0x74, 0x2e, 0x66, 0x69, 0x6c, 0x65, 0x73, 0x5b, 0x30, 0x5d, 0x3b, 0x0d, 0x0a, 0x20, 0x20
.byte 0x63, 0x6f, 0x6e, 0x73, 0x74, 0x20, 0x72, 0x65, 0x6c, 0x61, 0x74, 0x69, 0x76, 0x65, 0x50, 0x61
.byte 0x74, 0x68, 0x20, 0x3d, 0x0d, 0x0a, 0x20, 0x20, 0x20, 0x20, 0x70, 0x61, 0x74, 0x68, 0x49, 0x6e
.byte 0x70, 0x75, 0x74, 0x2e, 0x76, 0x61, 0x6c, 0x75, 0x65, 0x2e, 0x74, 0x72, 0x69, 0x6d, 0x28, 0x29
.byte 0x20, 0x7c, 0x7c, 0x20, 0x28, 0x66, 0x69, 0x6c, 0x65, 0x20, 0x3f, 0x20, 0x6a, 0x6f, 0x69, 0x6e
.byte 0x50, 0x61, 0x74, 0x68, 0x28, 0x63, 0x75, 0x72, 0x72, 0x65, 0x6e, 0x74, 0x50, 0x61, 0x74, 0x68
.byte 0x2c, 0x20, 0x66, 0x69, 0x6c, 0x65, 0x2e, 0x6e, 0x61, 0x6d, 0x65, 0x29, 0x20, 0x3a, 0x20, 0x22
.byte 0x22, 0x29, 0x3b, 0x0d, 0x0a, 0x0d, 0x0a, 0x20, 0x20, 0x69, 0x66, 0x20, 0x28, 0x21, 0x66, 0x69
.byte 0x6c, 0x65, 0x20, 0x7c, 0x7c, 0x20, 0x21, 0x72, 0x65, 0x6c, 0x61, 0x74, 0x69, 0x76, 0x65, 0x50
.byte 0x61, 0x74, 0x68, 0x2e, 0x73, 0x74, 0x61, 0x72, 0x74, 0x73, 0x57, 0x69, 0x74, 0x68, 0x28, 0x22
.byte 0x2f, 0x22, 0x29, 0x29, 0x20, 0x7b, 0x0d, 0x0a, 0x20, 0x20, 0x20, 0x20, 0x73, 0x68, 0x6f, 0x77
.byte 0x42, 0x61, 0x6e, 0x6e, 0x65, 0x72, 0x28, 0x22, 0x66, 0x69, 0x6c, 0x65, 0x42, 0x61, 0x6e, 0x6e
.byte 0x65, 0x72, 0x22, 0x2c, 0x20, 0x74, 0x28, 0x22, 0x66, 0x69, 0x6c, 0x65, 0x53, 0x65, 0x6c, 0x65
.byte 0x63, 0x74, 0x41, 0x6e, 0x64, 0x50, 0x61, 0x74, 0x68, 0x22, 0x29, 0x2c, 0x20, 0x74, 0x72, 0x75
.byte 0x65, 0x29, 0x3b, 0x0d, 0x0a, 0x20, 0x20, 0x20, 0x20, 0x72, 0x65, 0x74, 0x75, 0x72, 0x6e, 0x3b
.byte 0x0d, 0x0a, 0x20, 0x20, 0x7d, 0x0d, 0x0a, 0x0d, 0x0a, 0x20, 0x20, 0x62, 0x75, 0x74, 0x74, 0x6f
.byte 0x6e, 0x2e, 0x64, 0x69, 0x73, 0x61, 0x62, 0x6c, 0x65, 0x64, 0x20, 0x3d, 0x20, 0x74, 0x72, 0x75
.byte 0x65, 0x3b, 0x0d, 0x0a, 0x20, 0x20, 0x68, 0x69, 0x64, 0x65, 0x42, 0x61, 0x6e, 0x6e, 0x65, 0x72
.byte 0x28, 0x22, 0x66, 0x69, 0x6c, 0x65, 0x42, 0x61, 0x6e, 0x6e, 0x65, 0x72, 0x22, 0x29, 0x3b, 0x0d
.byte 0x0a, 0x20, 0x20, 0x74, 0x72, 0x79, 0x20, 0x7b, 0x0d, 0x0a, 0x20, 0x20, 0x20, 0x20, 0x63, 0x6f
.byte 0x6e, 0x73, 0x74, 0x20, 0x72, 0x65, 0x73, 0x70, 0x6f, 0x6e, 0x73, 0x65, 0x20, 0x3d, 0x20, 0x61
.byte 0x77, 0x61, 0x69, 0x74, 0x20, 0x66, 0x65, 0x74, 0x63, 0x68, 0x28, 0x0d, 0x0a, 0x20, 0x20, 0x20
.byte 0x20, 0x20, 0x20, 0x22, 0x2f, 0x61, 0x70, 0x69, 0x2f, 0x66, 0x69, 0x6c, 0x65, 0x73, 0x2f, 0x75
.byte 0x70, 0x6c, 0x6f, 0x61, 0x64, 0x3f, 0x70, 0x61, 0x74, 0x68, 0x3d, 0x22, 0x20, 0x2b, 0x20, 0x65
.byte 0x6e, 0x63, 0x6f, 0x64, 0x65, 0x55, 0x52, 0x49, 0x43, 0x6f, 0x6d, 0x70, 0x6f, 0x6e, 0x65, 0x6e
.byte 0x74, 0x28, 0x72, 0x65, 0x6c, 0x61, 0x74, 0x69, 0x76, 0x65, 0x50, 0x61, 0x74, 0x68, 0x29, 0x2c
.byte 0x0d, 0x0a, 0x20, 0x20, 0x20, 0x20, 0x20, 0x20, 0x7b, 0x20, 0x6d, 0x65, 0x74, 0x68, 0x6f, 0x64
.byte 0x3a, 0x20, 0x22, 0x50, 0x4f, 0x53, 0x54, 0x22, 0x2c, 0x20, 0x63, 0x61, 0x63, 0x68, 0x65, 0x3a
.byte 0x20, 0x22, 0x6e, 0x6f, 0x2d, 0x73, 0x74, 0x6f, 0x72, 0x65, 0x22, 0x2c, 0x20, 0x62, 0x6f, 0x64
.byte 0x79, 0x3a, 0x20, 0x66, 0x69, 0x6c, 0x65, 0x20, 0x7d, 0x0d, 0x0a, 0x20, 0x20, 0x20, 0x20, 0x29
.byte 0x3b, 0x0d, 0x0a, 0x20, 0x20, 0x20, 0x20, 0x69, 0x66, 0x20, 0x28, 0x21, 0x72, 0x65, 0x73, 0x70
.byte 0x6f, 0x6e, 0x73, 0x65, 0x2e, 0x6f, 0x6b, 0x29, 0x20, 0x74, 0x68, 0x72, 0x6f, 0x77, 0x20, 0x6e
.byte 0x65, 0x77, 0x20, 0x45, 0x72, 0x72, 0x6f, 0x72, 0x28, 0x61, 0x77, 0x61, 0x69, 0x74, 0x20, 0x72
.byte 0x65, 0x73, 0x70, 0x6f, 0x6e, 0x73, 0x65, 0x2e, 0x74, 0x65, 0x78, 0x74, 0x28, 0x29, 0x29, 0x3b
.byte 0x0d, 0x0a, 0x20, 0x20, 0x20, 0x20, 0x70, 0x61, 0x74, 0x68, 0x49, 0x6e, 0x70, 0x75, 0x74, 0x2e
.byte 0x76, 0x61, 0x6c, 0x75, 0x65, 0x20, 0x3d, 0x20, 0x22, 0x22, 0x3b, 0x0d, 0x0a, 0x20, 0x20, 0x20
.byte 0x20, 0x66, 0x69, 0x6c, 0x65, 0x49, 0x6e, 0x70, 0x75, 0x74, 0x2e, 0x76, 0x61, 0x6c, 0x75, 0x65
.byte 0x20, 0x3d, 0x20, 0x22, 0x22, 0x3b, 0x0d, 0x0a, 0x20, 0x20, 0x20, 0x20, 0x64, 0x6f, 0x63, 0x75
.byte 0x6d, 0x65, 0x6e, 0x74, 0x2e, 0x67, 0x65, 0x74, 0x45, 0x6c, 0x65, 0x6d, 0x65, 0x6e, 0x74, 0x42
.byte 0x79, 0x49, 0x64, 0x28, 0x22, 0x73, 0x65, 0x6c, 0x65, 0x63, 0x74, 0x65, 0x64, 0x46, 0x69, 0x6c
.byte 0x65, 0x4e, 0x61, 0x6d, 0x65, 0x22, 0x29, 0x2e, 0x74, 0x65, 0x78, 0x74, 0x43, 0x6f, 0x6e, 0x74
.byte 0x65, 0x6e, 0x74, 0x20, 0x3d, 0x0d, 0x0a, 0x20, 0x20, 0x20, 0x20, 0x20, 0x20, 0x74, 0x28, 0x22
.byte 0x66, 0x69, 0x6c, 0x65, 0x4e, 0x6f, 0x46, 0x69, 0x6c, 0x65, 0x53, 0x65, 0x6c, 0x65, 0x63, 0x74
.byte 0x65, 0x64, 0x22, 0x29, 0x3b, 0x0d, 0x0a, 0x20, 0x20, 0x20, 0x20, 0x73, 0x68, 0x6f, 0x77, 0x42
.byte 0x61, 0x6e, 0x6e, 0x65, 0x72, 0x28, 0x22, 0x66, 0x69, 0x6c, 0x65, 0x42, 0x61, 0x6e, 0x6e, 0x65
.byte 0x72, 0x22, 0x2c, 0x20, 0x74, 0x28, 0x22, 0x66, 0x69, 0x6c, 0x65, 0x55, 0x70, 0x6c, 0x6f, 0x61
.byte 0x64, 0x43, 0x6f, 0x6d, 0x70, 0x6c, 0x65, 0x74, 0x65, 0x22, 0x29, 0x29, 0x3b, 0x0d, 0x0a, 0x20
.byte 0x20, 0x20, 0x20, 0x61, 0x77, 0x61, 0x69, 0x74, 0x20, 0x6c, 0x6f, 0x61, 0x64, 0x46, 0x69, 0x6c
.byte 0x65, 0x73, 0x28, 0x29, 0x3b, 0x0d, 0x0a, 0x20, 0x20, 0x7d, 0x20, 0x63, 0x61, 0x74, 0x63, 0x68
.byte 0x20, 0x28, 0x65, 0x72, 0x72, 0x29, 0x20, 0x7b, 0x0d, 0x0a, 0x20, 0x20, 0x20, 0x20, 0x73, 0x68
.byte 0x6f, 0x77, 0x42, 0x61, 0x6e, 0x6e, 0x65, 0x72, 0x28, 0x22, 0x66, 0x69, 0x6c, 0x65, 0x42, 0x61
.byte 0x6e, 0x6e, 0x65, 0x72, 0x22, 0x2c, 0x20, 0x65, 0x72, 0x72, 0x2e, 0x6d, 0x65, 0x73, 0x73, 0x61
.byte 0x67, 0x65, 0x20, 0x7c, 0x7c, 0x20, 0x22, 0x55, 0x70, 0x6c, 0x6f, 0x61, 0x64, 0x20, 0x66, 0x61
.byte 0x69, 0x6c, 0x65, 0x64, 0x22, 0x2c, 0x20, 0x74, 0x72, 0x75, 0x65, 0x29, 0x3b, 0x0d, 0x0a, 0x20
.byte 0x20, 0x7d, 0x20, 0x66, 0x69, 0x6e, 0x61, 0x6c, 0x6c, 0x79, 0x20, 0x7b, 0x0d, 0x0a, 0x20, 0x20
.byte 0x20, 0x20, 0x62, 0x75, 0x74, 0x74, 0x6f, 0x6e, 0x2e, 0x64, 0x69, 0x73, 0x61, 0x62, 0x6c, 0x65
.byte 0x64, 0x20, 0x3d, 0x20, 0x66, 0x61, 0x6c, 0x73, 0x65, 0x3b, 0x0d, 0x0a, 0x20, 0x20, 0x7d, 0x0d
.byte 0x0a, 0x7d, 0x0d, 0x0a, 0x0d, 0x0a, 0x61, 0x73, 0x79, 0x6e, 0x63, 0x20, 0x66, 0x75, 0x6e, 0x63
.byte 0x74, 0x69, 0x6f, 0x6e, 0x20, 0x63, 0x72, 0x65, 0x61, 0x74, 0x65, 0x46, 0x6f, 0x6c, 0x64, 0x65
.byte 0x72, 0x28, 0x29, 0x20, 0x7b, 0x0d, 0x0a, 0x20, 0x20, 0x69, 0x66, 0x20, 0x28, 0x21, 0x69, 0x73
.byte 0x46, 0x69, 0x6c, 0x65, 0x44, 0x65, 0x76, 0x4d, 0x6f, 0x64, 0x65, 0x45, 0x6e, 0x61, 0x62, 0x6c
.byte 0x65, 0x64, 0x28, 0x29, 0x29, 0x20, 0x7b, 0x0d, 0x0a, 0x20, 0x20, 0x20, 0x20, 0x73, 0x68, 0x6f
.byte 0x77, 0x42, 0x61, 0x6e, 0x6e, 0x65, 0x72, 0x28, 0x22, 0x66, 0x69, 0x6c, 0x65, 0x42, 0x61, 0x6e
.byte 0x6e, 0x65, 0x72, 0x22, 0x2c, 0x20, 0x74, 0x28, 0x22, 0x66, 0x69, 0x6c, 0x65, 0x44, 0x65, 0x76
.byte 0x4d, 0x6f, 0x64, 0x65, 0x52, 0x65, 0x71, 0x75, 0x69, 0x72, 0x65, 0x64, 0x22, 0x29, 0x2c, 0x20
.byte 0x74, 0x72, 0x75, 0x65, 0x29, 0x3b, 0x0d, 0x0a, 0x20, 0x20, 0x20, 0x20, 0x72, 0x65, 0x74, 0x75
.byte 0x72, 0x6e, 0x3b, 0x0d, 0x0a, 0x20, 0x20, 0x7d, 0x0d, 0x0a, 0x0d, 0x0a, 0x20, 0x20, 0x63, 0x6f
.byte 0x6e, 0x73, 0x74, 0x20, 0x69, 0x6e, 0x70, 0x75, 0x74, 0x20, 0x3d, 0x20, 0x64, 0x6f, 0x63, 0x75
.byte 0x6d, 0x65, 0x6e, 0x74, 0x2e, 0x67, 0x65, 0x74, 0x45, 0x6c, 0x65, 0x6d, 0x65, 0x6e, 0x74, 0x42
.byte 0x79, 0x49, 0x64, 0x28, 0x22, 0x6e, 0x65, 0x77, 0x46, 0x6f, 0x6c, 0x64, 0x65, 0x72, 0x49, 0x6e
.byte 0x70, 0x75, 0x74, 0x22, 0x29, 0x3b, 0x0d, 0x0a, 0x20, 0x20, 0x63, 0x6f, 0x6e, 0x73, 0x74, 0x20
.byte 0x6e, 0x61, 0x6d, 0x65, 0x20, 0x3d, 0x20, 0x69, 0x6e, 0x70, 0x75, 0x74, 0x2e, 0x76, 0x61, 0x6c
.byte 0x75, 0x65, 0x2e, 0x74, 0x72, 0x69, 0x6d, 0x28, 0x29, 0x3b, 0x0d, 0x0a, 0x20, 0x20, 0x69, 0x66
.byte 0x20, 0x28, 0x21, 0x6e, 0x61, 0x6d, 0x65, 0x29, 0x20, 0x7b, 0x0d, 0x0a, 0x20, 0x20, 0x20, 0x20
.byte 0x73, 0x68, 0x6f, 0x77, 0x42, 0x61, 0x6e, 0x6e, 0x65, 0x72, 0x28, 0x22, 0x66, 0x69, 0x6c, 0x65
.byte 0x42, 0x61, 0x6e, 0x6e, 0x65, 0x72, 0x22, 0x2c, 0x20, 0x74, 0x28, 0x22, 0x66, 0x69, 0x6c, 0x65
.byte 0x46, 0x6f, 0x6c, 0x64, 0x65, 0x72, 0x4e, 0x61, 0x6d, 0x65, 0x52, 0x65, 0x71, 0x75, 0x69, 0x72
.byte 0x65, 0x64, 0x22, 0x29, 0x2c, 0x20, 0x74, 0x72, 0x75, 0x65, 0x29, 0x3b, 0x0d, 0x0a, 0x20, 0x20
.byte 0x20, 0x20, 0x72, 0x65, 0x74, 0x75, 0x72, 0x6e, 0x3b, 0x0d, 0x0a, 0x20, 0x20, 0x7d, 0x0d, 0x0a
.byte 0x0d, 0x0a, 0x20, 0x20, 0x74, 0x72, 0x79, 0x20, 0x7b, 0x0d, 0x0a, 0x20, 0x20, 0x20, 0x20, 0x63
.byte 0x6f, 0x6e, 0x73, 0x74, 0x20, 0x72, 0x65, 0x73, 0x70, 0x6f, 0x6e, 0x73, 0x65, 0x20, 0x3d, 0x20
.byte 0x61, 0x77, 0x61, 0x69, 0x74, 0x20, 0x66, 0x65, 0x74, 0x63, 0x68, 0x28, 0x22, 0x2f, 0x61, 0x70
.byte 0x69, 0x2f, 0x66, 0x69, 0x6c, 0x65, 0x73, 0x2f, 0x6d, 0x6b, 0x64, 0x69, 0x72, 0x22, 0x2c, 0x20
.byte 0x7b, 0x0d, 0x0a, 0x20, 0x20, 0x20, 0x20, 0x20, 0x20, 0x6d, 0x65, 0x74, 0x68, 0x6f, 0x64, 0x3a
.byte 0x20, 0x22, 0x50, 0x4f, 0x53, 0x54, 0x22, 0x2c, 0x0d, 0x0a, 0x20, 0x20, 0x20, 0x20, 0x20, 0x20
.byte 0x63, 0x61, 0x63, 0x68, 0x65, 0x3a, 0x20, 0x22, 0x6e, 0x6f, 0x2d, 0x73, 0x74, 0x6f, 0x72, 0x65
.byte 0x22, 0x2c, 0x0d, 0x0a, 0x20, 0x20, 0x20, 0x20, 0x20, 0x20, 0x68, 0x65, 0x61, 0x64, 0x65, 0x72
.byte 0x73, 0x3a, 0x20, 0x7b, 0x20, 0x22, 0x43, 0x6f, 0x6e, 0x74, 0x65, 0x6e, 0x74, 0x2d, 0x54, 0x79
.byte 0x70, 0x65, 0x22, 0x3a, 0x20, 0x22, 0x61, 0x70, 0x70, 0x6c, 0x69, 0x63, 0x61, 0x74, 0x69, 0x6f
.byte 0x6e, 0x2f, 0x6a, 0x73, 0x6f, 0x6e, 0x22, 0x20, 0x7d, 0x2c, 0x0d, 0x0a, 0x20, 0x20, 0x20, 0x20
.byte 0x20, 0x20, 0x62, 0x6f, 0x64, 0x79, 0x3a, 0x20, 0x4a, 0x53, 0x4f, 0x4e, 0x2e, 0x73, 0x74, 0x72
.byte 0x69, 0x6e, 0x67, 0x69, 0x66, 0x79, 0x28, 0x7b, 0x20, 0x70, 0x61, 0x74, 0x68, 0x3a, 0x20, 0x6a
.byte 0x6f, 0x69, 0x6e, 0x50, 0x61, 0x74, 0x68, 0x28, 0x63, 0x75, 0x72, 0x72, 0x65, 0x6e, 0x74, 0x50
.byte 0x61, 0x74, 0x68, 0x2c, 0x20, 0x6e, 0x61, 0x6d, 0x65, 0x29, 0x20, 0x7d, 0x29, 0x2c, 0x0d, 0x0a
.byte 0x20, 0x20, 0x20, 0x20, 0x7d, 0x29, 0x3b, 0x0d, 0x0a, 0x20, 0x20, 0x20, 0x20, 0x69, 0x66, 0x20
.byte 0x28, 0x21, 0x72, 0x65, 0x73, 0x70, 0x6f, 0x6e, 0x73, 0x65, 0x2e, 0x6f, 0x6b, 0x29, 0x20, 0x74
.byte 0x68, 0x72, 0x6f, 0x77, 0x20, 0x6e, 0x65, 0x77, 0x20, 0x45, 0x72, 0x72, 0x6f, 0x72, 0x28, 0x61
.byte 0x77, 0x61, 0x69, 0x74, 0x20, 0x72, 0x65, 0x73, 0x70, 0x6f, 0x6e, 0x73, 0x65, 0x2e, 0x74, 0x65
.byte 0x78, 0x74, 0x28, 0x29, 0x29, 0x3b, 0x0d, 0x0a, 0x20, 0x20, 0x20, 0x20, 0x69, 0x6e, 0x70, 0x75
.byte 0x74, 0x2e, 0x76, 0x61, 0x6c, 0x75, 0x65, 0x20, 0x3d, 0x20, 0x22, 0x22, 0x3b, 0x0d, 0x0a, 0x20
.byte 0x20, 0x20, 0x20, 0x73, 0x68, 0x6f, 0x77, 0x42, 0x61, 0x6e, 0x6e, 0x65, 0x72, 0x28, 0x22, 0x66
.byte 0x69, 0x6c, 0x65, 0x42, 0x61, 0x6e, 0x6e, 0x65, 0x72, 0x22, 0x2c, 0x20, 0x74, 0x28, 0x22, 0x66
.byte 0x69, 0x6c, 0x65, 0x46, 0x6f, 0x6c, 0x64, 0x65, 0x72, 0x43, 0x72, 0x65, 0x61, 0x74, 0x65, 0x64
.byte 0x22, 0x29, 0x29, 0x3b, 0x0d, 0x0a, 0x20, 0x20, 0x20, 0x20, 0x61, 0x77, 0x61, 0x69, 0x74, 0x20
.byte 0x6c, 0x6f, 0x61, 0x64, 0x46, 0x69, 0x6c, 0x65, 0x73, 0x28, 0x29, 0x3b, 0x0d, 0x0a, 0x20, 0x20
.byte 0x7d, 0x20, 0x63, 0x61, 0x74, 0x63, 0x68, 0x20, 0x28, 0x65, 0x72, 0x72, 0x29, 0x20, 0x7b, 0x0d
.byte 0x0a, 0x20, 0x20, 0x20, 0x20, 0x73, 0x68, 0x6f, 0x77, 0x42, 0x61, 0x6e, 0x6e, 0x65, 0x72, 0x28
.byte 0x22, 0x66, 0x69, 0x6c, 0x65, 0x42, 0x61, 0x6e, 0x6e, 0x65, 0x72, 0x22, 0x2c, 0x20, 0x65, 0x72
.byte 0x72, 0x2e, 0x6d, 0x65, 0x73, 0x73, 0x61, 0x67, 0x65, 0x20, 0x7c, 0x7c, 0x20, 0x22, 0x46, 0x61
.byte 0x69, 0x6c, 0x65, 0x64, 0x20, 0x74, 0x6f, 0x20, 0x63, 0x72, 0x65, 0x61, 0x74, 0x65, 0x20, 0x66
.byte 0x6f, 0x6c, 0x64, 0x65, 0x72, 0x22, 0x2c, 0x20, 0x74, 0x72, 0x75, 0x65, 0x29, 0x3b, 0x0d, 0x0a
.byte 0x20, 0x20, 0x7d, 0x0d, 0x0a, 0x7d, 0x0d, 0x0a, 0x0d, 0x0a, 0x61, 0x73, 0x79, 0x6e, 0x63, 0x20
.byte 0x66, 0x75, 0x6e, 0x63, 0x74, 0x69, 0x6f, 0x6e, 0x20, 0x64, 0x65, 0x6c, 0x65, 0x74, 0x65, 0x50
.byte 0x61, 0x74, 0x68, 0x28, 0x70, 0x61, 0x74, 0x68, 0x29, 0x20, 0x7b, 0x0d, 0x0a, 0x20, 0x20, 0x69
.byte 0x66, 0x20, 0x28, 0x21, 0x69, 0x73, 0x46, 0x69, 0x6c, 0x65, 0x44, 0x65, 0x76, 0x4d, 0x6f, 0x64
.byte 0x65, 0x45, 0x6e, 0x61, 0x62, 0x6c, 0x65, 0x64, 0x28, 0x29, 0x29, 0x20, 0x7b, 0x0d, 0x0a, 0x20
.byte 0x20, 0x20, 0x20, 0x73, 0x68, 0x6f, 0x77, 0x42, 0x61, 0x6e, 0x6e, 0x65, 0x72, 0x28, 0x22, 0x66
.byte 0x69, 0x6c, 0x65, 0x42, 0x61, 0x6e, 0x6e, 0x65, 0x72, 0x22, 0x2c, 0x20, 0x74, 0x28, 0x22, 0x66
.byte 0x69, 0x6c, 0x65, 0x44, 0x65, 0x76, 0x4d, 0x6f, 0x64, 0x65, 0x52, 0x65, 0x71, 0x75, 0x69, 0x72
.byte 0x65, 0x64, 0x22, 0x29, 0x2c, 0x20, 0x74, 0x72, 0x75, 0x65, 0x29, 0x3b, 0x0d, 0x0a, 0x20, 0x20
.byte 0x20, 0x20, 0x72, 0x65, 0x74, 0x75, 0x72, 0x6e, 0x3b, 0x0d, 0x0a, 0x20, 0x20, 0x7d, 0x0d, 0x0a
.byte 0x0d, 0x0a, 0x20, 0x20, 0x74, 0x72, 0x79, 0x20, 0x7b, 0x0d, 0x0a, 0x20, 0x20, 0x20, 0x20, 0x63
.byte 0x6f, 0x6e, 0x73, 0x74, 0x20, 0x72, 0x65, 0x73, 0x70, 0x6f, 0x6e, 0x73, 0x65, 0x20, 0x3d, 0x20
.byte 0x61, 0x77, 0x61, 0x69, 0x74, 0x20, 0x66, 0x65, 0x74, 0x63, 0x68, 0x28, 0x0d, 0x0a, 0x20, 0x20
.byte 0x20, 0x20, 0x20, 0x20, 0x22, 0x2f, 0x61, 0x70, 0x69, 0x2f, 0x66, 0x69, 0x6c, 0x65, 0x73, 0x3f
.byte 0x70, 0x61, 0x74, 0x68, 0x3d, 0x22, 0x20, 0x2b, 0x20, 0x65, 0x6e, 0x63, 0x6f, 0x64, 0x65, 0x55
.byte 0x52, 0x49, 0x43, 0x6f, 0x6d, 0x70, 0x6f, 0x6e, 0x65, 0x6e, 0x74, 0x28, 0x70, 0x61, 0x74, 0x68
.byte 0x29, 0x2c, 0x0d, 0x0a, 0x20, 0x20, 0x20, 0x20, 0x20, 0x20, 0x7b, 0x20, 0x6d, 0x65, 0x74, 0x68
.byte 0x6f, 0x64, 0x3a, 0x20, 0x22, 0x44, 0x45, 0x4c, 0x45, 0x54, 0x45, 0x22, 0x2c, 0x20, 0x63, 0x61
.byte 0x63, 0x68, 0x65, 0x3a, 0x20, 0x22, 0x6e, 0x6f, 0x2d, 0x73, 0x74, 0x6f, 0x72, 0x65, 0x22, 0x20
.byte 0x7d, 0x0d, 0x0a, 0x20, 0x20, 0x20, 0x20, 0x29, 0x3b, 0x0d, 0x0a, 0x20, 0x20, 0x20, 0x20, 0x69
.byte 0x66, 0x20, 0x28, 0x21, 0x72, 0x65, 0x73, 0x70, 0x6f, 0x6e, 0x73, 0x65, 0x2e, 0x6f, 0x6b, 0x29
.byte 0x20, 0x74, 0x68, 0x72, 0x6f, 0x77, 0x20, 0x6e, 0x65, 0x77, 0x20, 0x45, 0x72, 0x72, 0x6f, 0x72
.byte 0x28, 0x61, 0x77, 0x61, 0x69, 0x74, 0x20, 0x72, 0x65, 0x73, 0x70, 0x6f, 0x6e, 0x73, 0x65, 0x2e
.byte 0x74, 0x65, 0x78, 0x74, 0x28, 0x29, 0x29, 0x3b, 0x0d, 0x0a, 0x20, 0x20, 0x20, 0x20, 0x73, 0x68
.byte 0x6f, 0x77, 0x42, 0x61, 0x6e, 0x6e, 0x65, 0x72, 0x28, 0x22, 0x66, 0x69, 0x6c, 0x65, 0x42, 0x61
.byte 0x6e, 0x6e, 0x65, 0x72, 0x22, 0x2c, 0x20, 0x74, 0x28, 0x22, 0x66, 0x69, 0x6c, 0x65, 0x44, 0x65
.byte 0x6c, 0x65, 0x74, 0x65, 0x43, 0x6f, 0x6d, 0x70, 0x6c, 0x65, 0x74, 0x65, 0x22, 0x29, 0x29, 0x3b
.byte 0x0d, 0x0a, 0x20, 0x20, 0x20, 0x20, 0x61, 0x77, 0x61, 0x69, 0x74, 0x20, 0x6c, 0x6f, 0x61, 0x64
.byte 0x46, 0x69, 0x6c, 0x65, 0x73, 0x28, 0x29, 0x3b, 0x0d, 0x0a, 0x20, 0x20, 0x7d, 0x20, 0x63, 0x61
.byte 0x74, 0x63, 0x68, 0x20, 0x28, 0x65, 0x72, 0x72, 0x29, 0x20, 0x7b, 0x0d, 0x0a, 0x20, 0x20, 0x20
.byte 0x20, 0x73, 0x68, 0x6f, 0x77, 0x42, 0x61, 0x6e, 0x6e, 0x65, 0x72, 0x28, 0x22, 0x66, 0x69, 0x6c
.byte 0x65, 0x42, 0x61, 0x6e, 0x6e, 0x65, 0x72, 0x22, 0x2c, 0x20, 0x65, 0x72, 0x72, 0x2e, 0x6d, 0x65
.byte 0x73, 0x73, 0x61, 0x67, 0x65, 0x20, 0x7c, 0x7c, 0x20, 0x22, 0x44, 0x65, 0x6c, 0x65, 0x74, 0x65
.byte 0x20, 0x66, 0x61, 0x69, 0x6c, 0x65, 0x64, 0x22, 0x2c, 0x20, 0x74, 0x72, 0x75, 0x65, 0x29, 0x3b
.byte 0x0d, 0x0a, 0x20, 0x20, 0x7d, 0x0d, 0x0a, 0x7d, 0x0d, 0x0a, 0x0d, 0x0a, 0x2f, 0x2a, 0x20, 0xe2
.byte 0x95, 0x90, 0xe2, 0x95, 0x90, 0xe2, 0x95, 0x90, 0xe2, 0x95, 0x90, 0xe2, 0x95, 0x90, 0xe2, 0x95
.byte 0x90, 0xe2, 0x95, 0x90, 0xe2, 0x95, 0x90, 0xe2, 0x95, 0x90, 0xe2, 0x95, 0x90, 0xe2, 0x95, 0x90
.byte 0xe2, 0x95, 0x90, 0xe2, 0x95, 0x90, 0xe2, 0x95, 0x90, 0xe2, 0x95, 0x90, 0xe2, 0x95, 0x90, 0xe2
.byte 0x95, 0x90, 0xe2, 0x95, 0x90, 0xe2, 0x95, 0x90, 0xe2, 0x95, 0x90, 0xe2, 0x95, 0x90, 0xe2, 0x95
.byte 0x90, 0xe2, 0x95, 0x90, 0xe2, 0x95, 0x90, 0xe2, 0x95, 0x90, 0xe2, 0x95, 0x90, 0xe2, 0x95, 0x90
.byte 0xe2, 0x95, 0x90, 0xe2, 0x95, 0x90, 0xe2, 0x95, 0x90, 0xe2, 0x95, 0x90, 0xe2, 0x95, 0x90, 0xe2
.byte 0x95, 0x90, 0xe2, 0x95, 0x90, 0xe2, 0x95, 0x90, 0xe2, 0x95, 0x90, 0xe2, 0x95, 0x90, 0xe2, 0x95
.byte 0x90, 0xe2, 0x95, 0x90, 0xe2, 0x95, 0x90, 0xe2, 0x95, 0x90, 0xe2, 0x95, 0x90, 0xe2, 0x95, 0x90
.byte 0xe2, 0x95, 0x90, 0xe2, 0x95, 0x90, 0xe2, 0x95, 0x90, 0xe2, 0x95, 0x90, 0xe2, 0x95, 0x90, 0xe2
.byte 0x95, 0x90, 0xe2, 0x95, 0x90, 0xe2, 0x95, 0x90, 0x0d, 0x0a, 0x20, 0x20, 0x20, 0x46, 0x69, 0x6c
.byte 0x65, 0x20, 0x45, 0x64, 0x69, 0x74, 0x6f, 0x72, 0x0d, 0x0a, 0x20, 0x20, 0x20, 0xe2, 0x95, 0x90
.byte 0xe2, 0x95, 0x90, 0xe2, 0x95, 0x90, 0xe2, 0x95, 0x90, 0xe2, 0x95, 0x90, 0xe2, 0x95, 0x90, 0xe2
.byte 0x95, 0x90, 0xe2, 0x95, 0x90, 0xe2, 0x95, 0x90, 0xe2, 0x95, 0x90, 0xe2, 0x95, 0x90, 0xe2, 0x95
.byte 0x90, 0xe2, 0x95, 0x90, 0xe2, 0x95, 0x90, 0xe2, 0x95, 0x90, 0xe2, 0x95, 0x90, 0xe2, 0x95, 0x90
.byte 0xe2, 0x95, 0x90, 0xe2, 0x95, 0x90, 0xe2, 0x95, 0x90, 0xe2, 0x95, 0x90, 0xe2, 0x95, 0x90, 0xe2
.byte 0x95, 0x90, 0xe2, 0x95, 0x90, 0xe2, 0x95, 0x90, 0xe2, 0x95, 0x90, 0xe2, 0x95, 0x90, 0xe2, 0x95
.byte 0x90, 0xe2, 0x95, 0x90, 0xe2, 0x95, 0x90, 0xe2, 0x95, 0x90, 0xe2, 0x95, 0x90, 0xe2, 0x95, 0x90
.byte 0xe2, 0x95, 0x90, 0xe2, 0x95, 0x90, 0xe2, 0x95, 0x90, 0xe2, 0x95, 0x90, 0xe2, 0x95, 0x90, 0xe2
.byte 0x95, 0x90, 0xe2, 0x95, 0x90, 0xe2, 0x95, 0x90, 0xe2, 0x95, 0x90, 0xe2, 0x95, 0x90, 0xe2, 0x95
.byte 0x90, 0xe2, 0x95, 0x90, 0xe2, 0x95, 0x90, 0xe2, 0x95, 0x90, 0xe2, 0x95, 0x90, 0xe2, 0x95, 0x90
.byte 0xe2, 0x95, 0x90, 0xe2, 0x95, 0x90, 0x20, 0x2a, 0x2f, 0x0d, 0x0a, 0x0d, 0x0a, 0x66, 0x75, 0x6e
.byte 0x63, 0x74, 0x69, 0x6f, 0x6e, 0x20, 0x6f, 0x70, 0x65, 0x6e, 0x46, 0x69, 0x6c, 0x65, 0x45, 0x64
.byte 0x69, 0x74, 0x6f, 0x72, 0x4d, 0x6f, 0x64, 0x61, 0x6c, 0x28, 0x29, 0x20, 0x7b, 0x0d, 0x0a, 0x20
.byte 0x20, 0x64, 0x6f, 0x63, 0x75, 0x6d, 0x65, 0x6e, 0x74, 0x2e, 0x67, 0x65, 0x74, 0x45, 0x6c, 0x65
.byte 0x6d, 0x65, 0x6e, 0x74, 0x42, 0x79, 0x49, 0x64, 0x28, 0x22, 0x66, 0x69, 0x6c, 0x65, 0x45, 0x64
.byte 0x69, 0x74, 0x6f, 0x72, 0x4d, 0x6f, 0x64, 0x61, 0x6c, 0x22, 0x29, 0x2e, 0x63, 0x6c, 0x61, 0x73
.byte 0x73, 0x4c, 0x69, 0x73, 0x74, 0x2e, 0x72, 0x65, 0x6d, 0x6f, 0x76, 0x65, 0x28, 0x22, 0x68, 0x69
.byte 0x64, 0x64, 0x65, 0x6e, 0x22, 0x29, 0x3b, 0x0d, 0x0a, 0x20, 0x20, 0x64, 0x6f, 0x63, 0x75, 0x6d
.byte 0x65, 0x6e, 0x74, 0x2e, 0x62, 0x6f, 0x64, 0x79, 0x2e, 0x73, 0x74, 0x79, 0x6c, 0x65, 0x2e, 0x6f
.byte 0x76, 0x65, 0x72, 0x66, 0x6c, 0x6f, 0x77, 0x20, 0x3d, 0x20, 0x22, 0x68, 0x69, 0x64, 0x64, 0x65
.byte 0x6e, 0x22, 0x3b, 0x0d, 0x0a, 0x7d, 0x0d, 0x0a, 0x0d, 0x0a, 0x66, 0x75, 0x6e, 0x63, 0x74, 0x69
.byte 0x6f, 0x6e, 0x20, 0x63, 0x6c, 0x6f, 0x73, 0x65, 0x46, 0x69, 0x6c, 0x65, 0x45, 0x64, 0x69, 0x74
.byte 0x6f, 0x72, 0x4d, 0x6f, 0x64, 0x61, 0x6c, 0x28, 0x29, 0x20, 0x7b, 0x0d, 0x0a, 0x20, 0x20, 0x64
.byte 0x6f, 0x63, 0x75, 0x6d, 0x65, 0x6e, 0x74, 0x2e, 0x67, 0x65, 0x74, 0x45, 0x6c, 0x65, 0x6d, 0x65
.byte 0x6e, 0x74, 0x42, 0x79, 0x49, 0x64, 0x28, 0x22, 0x66, 0x69, 0x6c, 0x65, 0x45, 0x64, 0x69, 0x74
.byte 0x6f, 0x72, 0x4d, 0x6f, 0x64, 0x61, 0x6c, 0x22, 0x29, 0x2e, 0x63, 0x6c, 0x61, 0x73, 0x73, 0x4c
.byte 0x69, 0x73, 0x74, 0x2e, 0x61, 0x64, 0x64, 0x28, 0x22, 0x68, 0x69, 0x64, 0x64, 0x65, 0x6e, 0x22
.byte 0x29, 0x3b, 0x0d, 0x0a, 0x20, 0x20, 0x64, 0x6f, 0x63, 0x75, 0x6d, 0x65, 0x6e, 0x74, 0x2e, 0x62
.byte 0x6f, 0x64, 0x79, 0x2e, 0x73, 0x74, 0x79, 0x6c, 0x65, 0x2e, 0x6f, 0x76, 0x65, 0x72, 0x66, 0x6c
.byte 0x6f, 0x77, 0x20, 0x3d, 0x20, 0x22, 0x22, 0x3b, 0x0d, 0x0a, 0x20, 0x20, 0x63, 0x6f, 0x6e, 0x73
.byte 0x74, 0x20, 0x73, 0x68, 0x6f, 0x75, 0x6c, 0x64, 0x52, 0x65, 0x66, 0x72, 0x65, 0x73, 0x68, 0x4d
.byte 0x65, 0x6d, 0x6f, 0x72, 0x79, 0x20, 0x3d, 0x20, 0x61, 0x63, 0x74, 0x69, 0x76, 0x65, 0x45, 0x64
.byte 0x69, 0x74, 0x6f, 0x72, 0x53, 0x6f, 0x75, 0x72, 0x63, 0x65, 0x20, 0x3d, 0x3d, 0x3d, 0x20, 0x22
.byte 0x6d, 0x65, 0x6d, 0x6f, 0x72, 0x79, 0x22, 0x3b, 0x0d, 0x0a, 0x20, 0x20, 0x61, 0x63, 0x74, 0x69
.byte 0x76, 0x65, 0x45, 0x64, 0x69, 0x74, 0x6f, 0x72, 0x50, 0x61, 0x74, 0x68, 0x20, 0x3d, 0x20, 0x22
.byte 0x22, 0x3b, 0x0d, 0x0a, 0x20, 0x20, 0x61, 0x63, 0x74, 0x69, 0x76, 0x65, 0x45, 0x64, 0x69, 0x74
.byte 0x6f, 0x72, 0x53, 0x6f, 0x75, 0x72, 0x63, 0x65, 0x20, 0x3d, 0x20, 0x22, 0x22, 0x3b, 0x0d, 0x0a
.byte 0x20, 0x20, 0x68, 0x69, 0x64, 0x65, 0x42, 0x61, 0x6e, 0x6e, 0x65, 0x72, 0x28, 0x22, 0x66, 0x69
.byte 0x6c, 0x65, 0x45, 0x64, 0x69, 0x74, 0x6f, 0x72, 0x42, 0x61, 0x6e, 0x6e, 0x65, 0x72, 0x22, 0x29
.byte 0x3b, 0x0d, 0x0a, 0x20, 0x20, 0x69, 0x66, 0x20, 0x28, 0x73, 0x68, 0x6f, 0x75, 0x6c, 0x64, 0x52
.byte 0x65, 0x66, 0x72, 0x65, 0x73, 0x68, 0x4d, 0x65, 0x6d, 0x6f, 0x72, 0x79, 0x29, 0x20, 0x7b, 0x0d
.byte 0x0a, 0x20, 0x20, 0x20, 0x20, 0x72, 0x65, 0x66, 0x72, 0x65, 0x73, 0x68, 0x4d, 0x65, 0x6d, 0x6f
.byte 0x72, 0x79, 0x28, 0x7b, 0x20, 0x73, 0x68, 0x6f, 0x77, 0x53, 0x75, 0x63, 0x63, 0x65, 0x73, 0x73
.byte 0x42, 0x61, 0x6e, 0x6e, 0x65, 0x72, 0x3a, 0x20, 0x66, 0x61, 0x6c, 0x73, 0x65, 0x20, 0x7d, 0x29
.byte 0x2e, 0x63, 0x61, 0x74, 0x63, 0x68, 0x28, 0x28, 0x65, 0x72, 0x72, 0x29, 0x20, 0x3d, 0x3e, 0x0d
.byte 0x0a, 0x20, 0x20, 0x20, 0x20, 0x20, 0x20, 0x73, 0x68, 0x6f, 0x77, 0x42, 0x61, 0x6e, 0x6e, 0x65
.byte 0x72, 0x28, 0x22, 0x6d, 0x65, 0x6d, 0x6f, 0x72, 0x79, 0x42, 0x61, 0x6e, 0x6e, 0x65, 0x72, 0x22
.byte 0x2c, 0x20, 0x65, 0x72, 0x72, 0x2e, 0x6d, 0x65, 0x73, 0x73, 0x61, 0x67, 0x65, 0x20, 0x7c, 0x7c
.byte 0x20, 0x74, 0x28, 0x22, 0x6d, 0x65, 0x6d, 0x6f, 0x72, 0x79, 0x4c, 0x6f, 0x61, 0x64, 0x45, 0x72
.byte 0x72, 0x6f, 0x72, 0x22, 0x29, 0x2c, 0x20, 0x74, 0x72, 0x75, 0x65, 0x29, 0x0d, 0x0a, 0x20, 0x20
.byte 0x20, 0x20, 0x29, 0x3b, 0x0d, 0x0a, 0x20, 0x20, 0x7d, 0x0d, 0x0a, 0x7d, 0x0d, 0x0a, 0x0d, 0x0a
.byte 0x61, 0x73, 0x79, 0x6e, 0x63, 0x20, 0x66, 0x75, 0x6e, 0x63, 0x74, 0x69, 0x6f, 0x6e, 0x20, 0x6c
.byte 0x6f, 0x61, 0x64, 0x46, 0x69, 0x6c, 0x65, 0x49, 0x6e, 0x74, 0x6f, 0x45, 0x64, 0x69, 0x74, 0x6f
.byte 0x72, 0x28, 0x70, 0x61, 0x74, 0x68, 0x2c, 0x20, 0x6f, 0x70, 0x74, 0x69, 0x6f, 0x6e, 0x73, 0x20
.byte 0x3d, 0x20, 0x7b, 0x7d, 0x29, 0x20, 0x7b, 0x0d, 0x0a, 0x20, 0x20, 0x63, 0x6f, 0x6e, 0x73, 0x74
.byte 0x20, 0x7b, 0x20, 0x61, 0x6c, 0x6c, 0x6f, 0x77, 0x4d, 0x69, 0x73, 0x73, 0x69, 0x6e, 0x67, 0x20
.byte 0x3d, 0x20, 0x66, 0x61, 0x6c, 0x73, 0x65, 0x20, 0x7d, 0x20, 0x3d, 0x20, 0x6f, 0x70, 0x74, 0x69
.byte 0x6f, 0x6e, 0x73, 0x3b, 0x0d, 0x0a, 0x20, 0x20, 0x63, 0x6f, 0x6e, 0x73, 0x74, 0x20, 0x72, 0x65
.byte 0x73, 0x70, 0x6f, 0x6e, 0x73, 0x65, 0x20, 0x3d, 0x20, 0x61, 0x77, 0x61, 0x69, 0x74, 0x20, 0x66
.byte 0x65, 0x74, 0x63, 0x68, 0x28, 0x22, 0x2f, 0x66, 0x69, 0x6c, 0x65, 0x73, 0x22, 0x20, 0x2b, 0x20
.byte 0x70, 0x61, 0x74, 0x68, 0x2c, 0x20, 0x7b, 0x20, 0x63, 0x61, 0x63, 0x68, 0x65, 0x3a, 0x20, 0x22
.byte 0x6e, 0x6f, 0x2d, 0x73, 0x74, 0x6f, 0x72, 0x65, 0x22, 0x20, 0x7d, 0x29, 0x3b, 0x0d, 0x0a, 0x20
.byte 0x20, 0x69, 0x66, 0x20, 0x28, 0x21, 0x72, 0x65, 0x73, 0x70, 0x6f, 0x6e, 0x73, 0x65, 0x2e, 0x6f
.byte 0x6b, 0x29, 0x20, 0x7b, 0x0d, 0x0a, 0x20, 0x20, 0x20, 0x20, 0x69, 0x66, 0x20, 0x28, 0x61, 0x6c
.byte 0x6c, 0x6f, 0x77, 0x4d, 0x69, 0x73, 0x73, 0x69, 0x6e, 0x67, 0x20, 0x26, 0x26, 0x20, 0x72, 0x65
.byte 0x73, 0x70, 0x6f, 0x6e, 0x73, 0x65, 0x2e, 0x73, 0x74, 0x61, 0x74, 0x75, 0x73, 0x20, 0x3d, 0x3d
.byte 0x3d, 0x20, 0x34, 0x30, 0x34, 0x29, 0x20, 0x7b, 0x0d, 0x0a, 0x20, 0x20, 0x20, 0x20, 0x20, 0x20
.byte 0x64, 0x6f, 0x63, 0x75, 0x6d, 0x65, 0x6e, 0x74, 0x2e, 0x67, 0x65, 0x74, 0x45, 0x6c, 0x65, 0x6d
.byte 0x65, 0x6e, 0x74, 0x42, 0x79, 0x49, 0x64, 0x28, 0x22, 0x66, 0x69, 0x6c, 0x65, 0x45, 0x64, 0x69
.byte 0x74, 0x6f, 0x72, 0x50, 0x61, 0x74, 0x68, 0x22, 0x29, 0x2e, 0x74, 0x65, 0x78, 0x74, 0x43, 0x6f
.byte 0x6e, 0x74, 0x65, 0x6e, 0x74, 0x20, 0x3d, 0x20, 0x70, 0x61, 0x74, 0x68, 0x3b, 0x0d, 0x0a, 0x20
.byte 0x20, 0x20, 0x20, 0x20, 0x20, 0x64, 0x6f, 0x63, 0x75, 0x6d, 0x65, 0x6e, 0x74, 0x2e, 0x67, 0x65
.byte 0x74, 0x45, 0x6c, 0x65, 0x6d, 0x65, 0x6e, 0x74, 0x42, 0x79, 0x49, 0x64, 0x28, 0x22, 0x66, 0x69
.byte 0x6c, 0x65, 0x45, 0x64, 0x69, 0x74, 0x6f, 0x72, 0x54, 0x65, 0x78, 0x74, 0x61, 0x72, 0x65, 0x61
.byte 0x22, 0x29, 0x2e, 0x76, 0x61, 0x6c, 0x75, 0x65, 0x20, 0x3d, 0x20, 0x22, 0x22, 0x3b, 0x0d, 0x0a
.byte 0x20, 0x20, 0x20, 0x20, 0x20, 0x20, 0x61, 0x63, 0x74, 0x69, 0x76, 0x65, 0x45, 0x64, 0x69, 0x74
.byte 0x6f, 0x72, 0x50, 0x61, 0x74, 0x68, 0x20, 0x3d, 0x20, 0x70, 0x61, 0x74, 0x68, 0x3b, 0x0d, 0x0a
.byte 0x20, 0x20, 0x20, 0x20, 0x20, 0x20, 0x72, 0x65, 0x74, 0x75, 0x72, 0x6e, 0x3b, 0x0d, 0x0a, 0x20
.byte 0x20, 0x20, 0x20, 0x7d, 0x0d, 0x0a, 0x20, 0x20, 0x20, 0x20, 0x74, 0x68, 0x72, 0x6f, 0x77, 0x20
.byte 0x6e, 0x65, 0x77, 0x20, 0x45, 0x72, 0x72, 0x6f, 0x72, 0x28, 0x28, 0x61, 0x77, 0x61, 0x69, 0x74
.byte 0x20, 0x72, 0x65, 0x73, 0x70, 0x6f, 0x6e, 0x73, 0x65, 0x2e, 0x74, 0x65, 0x78, 0x74, 0x28, 0x29
.byte 0x29, 0x20, 0x7c, 0x7c, 0x20, 0x74, 0x28, 0x22, 0x66, 0x69, 0x6c, 0x65, 0x45, 0x64, 0x69, 0x74
.byte 0x6f, 0x72, 0x4c, 0x6f, 0x61, 0x64, 0x45, 0x72, 0x72, 0x6f, 0x72, 0x22, 0x29, 0x29, 0x3b, 0x0d
.byte 0x0a, 0x20, 0x20, 0x7d, 0x0d, 0x0a, 0x0d, 0x0a, 0x20, 0x20, 0x63, 0x6f, 0x6e, 0x73, 0x74, 0x20
.byte 0x63, 0x6f, 0x6e, 0x74, 0x65, 0x6e, 0x74, 0x20, 0x3d, 0x20, 0x61, 0x77, 0x61, 0x69, 0x74, 0x20
.byte 0x72, 0x65, 0x73, 0x70, 0x6f, 0x6e, 0x73, 0x65, 0x2e, 0x74, 0x65, 0x78, 0x74, 0x28, 0x29, 0x3b
.byte 0x0d, 0x0a, 0x20, 0x20, 0x64, 0x6f, 0x63, 0x75, 0x6d, 0x65, 0x6e, 0x74, 0x2e, 0x67, 0x65, 0x74
.byte 0x45, 0x6c, 0x65, 0x6d, 0x65, 0x6e, 0x74, 0x42, 0x79, 0x49, 0x64, 0x28, 0x22, 0x66, 0x69, 0x6c
.byte 0x65, 0x45, 0x64, 0x69, 0x74, 0x6f, 0x72, 0x50, 0x61, 0x74, 0x68, 0x22, 0x29, 0x2e, 0x74, 0x65
.byte 0x78, 0x74, 0x43, 0x6f, 0x6e, 0x74, 0x65, 0x6e, 0x74, 0x20, 0x3d, 0x20, 0x70, 0x61, 0x74, 0x68
.byte 0x3b, 0x0d, 0x0a, 0x20, 0x20, 0x64, 0x6f, 0x63, 0x75, 0x6d, 0x65, 0x6e, 0x74, 0x2e, 0x67, 0x65
.byte 0x74, 0x45, 0x6c, 0x65, 0x6d, 0x65, 0x6e, 0x74, 0x42, 0x79, 0x49, 0x64, 0x28, 0x22, 0x66, 0x69
.byte 0x6c, 0x65, 0x45, 0x64, 0x69, 0x74, 0x6f, 0x72, 0x54, 0x65, 0x78, 0x74, 0x61, 0x72, 0x65, 0x61
.byte 0x22, 0x29, 0x2e, 0x76, 0x61, 0x6c, 0x75, 0x65, 0x20, 0x3d, 0x20, 0x63, 0x6f, 0x6e, 0x74, 0x65
.byte 0x6e, 0x74, 0x3b, 0x0d, 0x0a, 0x20, 0x20, 0x61, 0x63, 0x74, 0x69, 0x76, 0x65, 0x45, 0x64, 0x69
.byte 0x74, 0x6f, 0x72, 0x50, 0x61, 0x74, 0x68, 0x20, 0x3d, 0x20, 0x70, 0x61, 0x74, 0x68, 0x3b, 0x0d
.byte 0x0a, 0x7d, 0x0d, 0x0a, 0x0d, 0x0a, 0x61, 0x73, 0x79, 0x6e, 0x63, 0x20, 0x66, 0x75, 0x6e, 0x63
.byte 0x74, 0x69, 0x6f, 0x6e, 0x20, 0x6f, 0x70, 0x65, 0x6e, 0x46, 0x69, 0x6c, 0x65, 0x45, 0x64, 0x69
.byte 0x74, 0x6f, 0x72, 0x28, 0x70, 0x61, 0x74, 0x68, 0x29, 0x20, 0x7b, 0x0d, 0x0a, 0x20, 0x20, 0x68
.byte 0x69, 0x64, 0x65, 0x42, 0x61, 0x6e, 0x6e, 0x65, 0x72, 0x28, 0x22, 0x66, 0x69, 0x6c, 0x65, 0x45
.byte 0x64, 0x69, 0x74, 0x6f, 0x72, 0x42, 0x61, 0x6e, 0x6e, 0x65, 0x72, 0x22, 0x29, 0x3b, 0x0d, 0x0a
.byte 0x20, 0x20, 0x61, 0x63, 0x74, 0x69, 0x76, 0x65, 0x45, 0x64, 0x69, 0x74, 0x6f, 0x72, 0x53, 0x6f
.byte 0x75, 0x72, 0x63, 0x65, 0x20, 0x3d, 0x20, 0x22, 0x66, 0x69, 0x6c, 0x65, 0x73, 0x22, 0x3b, 0x0d
.byte 0x0a, 0x20, 0x20, 0x61, 0x77, 0x61, 0x69, 0x74, 0x20, 0x6c, 0x6f, 0x61, 0x64, 0x46, 0x69, 0x6c
.byte 0x65, 0x49, 0x6e, 0x74, 0x6f, 0x45, 0x64, 0x69, 0x74, 0x6f, 0x72, 0x28, 0x70, 0x61, 0x74, 0x68
.byte 0x29, 0x3b, 0x0d, 0x0a, 0x20, 0x20, 0x61, 0x70, 0x70, 0x6c, 0x79, 0x46, 0x69, 0x6c, 0x65, 0x45
.byte 0x64, 0x69, 0x74, 0x6f, 0x72, 0x41, 0x63, 0x63, 0x65, 0x73, 0x73, 0x4d, 0x6f, 0x64, 0x65, 0x28
.byte 0x29, 0x3b, 0x0d, 0x0a, 0x20, 0x20, 0x6f, 0x70, 0x65, 0x6e, 0x46, 0x69, 0x6c, 0x65, 0x45, 0x64
.byte 0x69, 0x74, 0x6f, 0x72, 0x4d, 0x6f, 0x64, 0x61, 0x6c, 0x28, 0x29, 0x3b, 0x0d, 0x0a, 0x7d, 0x0d
.byte 0x0a, 0x0d, 0x0a, 0x61, 0x73, 0x79, 0x6e, 0x63, 0x20, 0x66, 0x75, 0x6e, 0x63, 0x74, 0x69, 0x6f
.byte 0x6e, 0x20, 0x6f, 0x70, 0x65, 0x6e, 0x4d, 0x65, 0x6d, 0x6f, 0x72, 0x79, 0x45, 0x64, 0x69, 0x74
.byte 0x6f, 0x72, 0x28, 0x70, 0x61, 0x74, 0x68, 0x29, 0x20, 0x7b, 0x0d, 0x0a, 0x20, 0x20, 0x68, 0x69
.byte 0x64, 0x65, 0x42, 0x61, 0x6e, 0x6e, 0x65, 0x72, 0x28, 0x22, 0x66, 0x69, 0x6c, 0x65, 0x45, 0x64
.byte 0x69, 0x74, 0x6f, 0x72, 0x42, 0x61, 0x6e, 0x6e, 0x65, 0x72, 0x22, 0x29, 0x3b, 0x0d, 0x0a, 0x20
.byte 0x20, 0x61, 0x63, 0x74, 0x69, 0x76, 0x65, 0x45, 0x64, 0x69, 0x74, 0x6f, 0x72, 0x53, 0x6f, 0x75
.byte 0x72, 0x63, 0x65, 0x20, 0x3d, 0x20, 0x22, 0x6d, 0x65, 0x6d, 0x6f, 0x72, 0x79, 0x22, 0x3b, 0x0d
.byte 0x0a, 0x20, 0x20, 0x61, 0x77, 0x61, 0x69, 0x74, 0x20, 0x6c, 0x6f, 0x61, 0x64, 0x46, 0x69, 0x6c
.byte 0x65, 0x49, 0x6e, 0x74, 0x6f, 0x45, 0x64, 0x69, 0x74, 0x6f, 0x72, 0x28, 0x70, 0x61, 0x74, 0x68
.byte 0x2c, 0x20, 0x7b, 0x20, 0x61, 0x6c, 0x6c, 0x6f, 0x77, 0x4d, 0x69, 0x73, 0x73, 0x69, 0x6e, 0x67
.byte 0x3a, 0x20, 0x74, 0x72, 0x75, 0x65, 0x20, 0x7d, 0x29, 0x3b, 0x0d, 0x0a, 0x20, 0x20, 0x61, 0x70
.byte 0x70, 0x6c, 0x79, 0x46, 0x69, 0x6c, 0x65, 0x45, 0x64, 0x69, 0x74, 0x6f, 0x72, 0x41, 0x63, 0x63
.byte 0x65, 0x73, 0x73, 0x4d, 0x6f, 0x64, 0x65, 0x28, 0x29, 0x3b, 0x0d, 0x0a, 0x20, 0x20, 0x6f, 0x70
.byte 0x65, 0x6e, 0x46, 0x69, 0x6c, 0x65, 0x45, 0x64, 0x69, 0x74, 0x6f, 0x72, 0x4d, 0x6f, 0x64, 0x61
.byte 0x6c, 0x28, 0x29, 0x3b, 0x0d, 0x0a, 0x7d, 0x0d, 0x0a, 0x0d, 0x0a, 0x61, 0x73, 0x79, 0x6e, 0x63
.byte 0x20, 0x66, 0x75, 0x6e, 0x63, 0x74, 0x69, 0x6f, 0x6e, 0x20, 0x72, 0x65, 0x66, 0x72, 0x65, 0x73
.byte 0x68, 0x46, 0x69, 0x6c, 0x65, 0x45, 0x64, 0x69, 0x74, 0x6f, 0x72, 0x28, 0x29, 0x20, 0x7b, 0x0d
.byte 0x0a, 0x20, 0x20, 0x63, 0x6f, 0x6e, 0x73, 0x74, 0x20, 0x62, 0x75, 0x74, 0x74, 0x6f, 0x6e, 0x20
.byte 0x3d, 0x20, 0x64, 0x6f, 0x63, 0x75, 0x6d, 0x65, 0x6e, 0x74, 0x2e, 0x67, 0x65, 0x74, 0x45, 0x6c
.byte 0x65, 0x6d, 0x65, 0x6e, 0x74, 0x42, 0x79, 0x49, 0x64, 0x28, 0x22, 0x72, 0x65, 0x66, 0x72, 0x65
.byte 0x73, 0x68, 0x46, 0x69, 0x6c, 0x65, 0x45, 0x64, 0x69, 0x74, 0x6f, 0x72, 0x42, 0x75, 0x74, 0x74
.byte 0x6f, 0x6e, 0x22, 0x29, 0x3b, 0x0d, 0x0a, 0x20, 0x20, 0x69, 0x66, 0x20, 0x28, 0x21, 0x61, 0x63
.byte 0x74, 0x69, 0x76, 0x65, 0x45, 0x64, 0x69, 0x74, 0x6f, 0x72, 0x50, 0x61, 0x74, 0x68, 0x29, 0x20
.byte 0x72, 0x65, 0x74, 0x75, 0x72, 0x6e, 0x3b, 0x0d, 0x0a, 0x0d, 0x0a, 0x20, 0x20, 0x62, 0x75, 0x74
.byte 0x74, 0x6f, 0x6e, 0x2e, 0x64, 0x69, 0x73, 0x61, 0x62, 0x6c, 0x65, 0x64, 0x20, 0x3d, 0x20, 0x74
.byte 0x72, 0x75, 0x65, 0x3b, 0x0d, 0x0a, 0x20, 0x20, 0x68, 0x69, 0x64, 0x65, 0x42, 0x61, 0x6e, 0x6e
.byte 0x65, 0x72, 0x28, 0x22, 0x66, 0x69, 0x6c, 0x65, 0x45, 0x64, 0x69, 0x74, 0x6f, 0x72, 0x42, 0x61
.byte 0x6e, 0x6e, 0x65, 0x72, 0x22, 0x29, 0x3b, 0x0d, 0x0a, 0x20, 0x20, 0x74, 0x72, 0x79, 0x20, 0x7b
.byte 0x0d, 0x0a, 0x20, 0x20, 0x20, 0x20, 0x61, 0x77, 0x61, 0x69, 0x74, 0x20, 0x6c, 0x6f, 0x61, 0x64
.byte 0x46, 0x69, 0x6c, 0x65, 0x49, 0x6e, 0x74, 0x6f, 0x45, 0x64, 0x69, 0x74, 0x6f, 0x72, 0x28, 0x61
.byte 0x63, 0x74, 0x69, 0x76, 0x65, 0x45, 0x64, 0x69, 0x74, 0x6f, 0x72, 0x50, 0x61, 0x74, 0x68, 0x2c
.byte 0x20, 0x7b, 0x0d, 0x0a, 0x20, 0x20, 0x20, 0x20, 0x20, 0x20, 0x61, 0x6c, 0x6c, 0x6f, 0x77, 0x4d
.byte 0x69, 0x73, 0x73, 0x69, 0x6e, 0x67, 0x3a, 0x20, 0x61, 0x63, 0x74, 0x69, 0x76, 0x65, 0x45, 0x64
.byte 0x69, 0x74, 0x6f, 0x72, 0x53, 0x6f, 0x75, 0x72, 0x63, 0x65, 0x20, 0x3d, 0x3d, 0x3d, 0x20, 0x22
.byte 0x6d, 0x65, 0x6d, 0x6f, 0x72, 0x79, 0x22, 0x2c, 0x0d, 0x0a, 0x20, 0x20, 0x20, 0x20, 0x7d, 0x29
.byte 0x3b, 0x0d, 0x0a, 0x20, 0x20, 0x7d, 0x20, 0x63, 0x61, 0x74, 0x63, 0x68, 0x20, 0x28, 0x65, 0x72
.byte 0x72, 0x29, 0x20, 0x7b, 0x0d, 0x0a, 0x20, 0x20, 0x20, 0x20, 0x73, 0x68, 0x6f, 0x77, 0x42, 0x61
.byte 0x6e, 0x6e, 0x65, 0x72, 0x28, 0x22, 0x66, 0x69, 0x6c, 0x65, 0x45, 0x64, 0x69, 0x74, 0x6f, 0x72
.byte 0x42, 0x61, 0x6e, 0x6e, 0x65, 0x72, 0x22, 0x2c, 0x20, 0x65, 0x72, 0x72, 0x2e, 0x6d, 0x65, 0x73
.byte 0x73, 0x61, 0x67, 0x65, 0x20, 0x7c, 0x7c, 0x20, 0x74, 0x28, 0x22, 0x66, 0x69, 0x6c, 0x65, 0x45
.byte 0x64, 0x69, 0x74, 0x6f, 0x72, 0x4c, 0x6f, 0x61, 0x64, 0x45, 0x72, 0x72, 0x6f, 0x72, 0x22, 0x29
.byte 0x2c, 0x20, 0x74, 0x72, 0x75, 0x65, 0x29, 0x3b, 0x0d, 0x0a, 0x20, 0x20, 0x7d, 0x20, 0x66, 0x69
.byte 0x6e, 0x61, 0x6c, 0x6c, 0x79, 0x20, 0x7b, 0x0d, 0x0a, 0x20, 0x20, 0x20, 0x20, 0x62, 0x75, 0x74
.byte 0x74, 0x6f, 0x6e, 0x2e, 0x64, 0x69, 0x73, 0x61, 0x62, 0x6c, 0x65, 0x64, 0x20, 0x3d, 0x20, 0x66
.byte 0x61, 0x6c, 0x73, 0x65, 0x3b, 0x0d, 0x0a, 0x20, 0x20, 0x7d, 0x0d, 0x0a, 0x7d, 0x0d, 0x0a, 0x0d
.byte 0x0a, 0x61, 0x73, 0x79, 0x6e, 0x63, 0x20, 0x66, 0x75, 0x6e, 0x63, 0x74, 0x69, 0x6f, 0x6e, 0x20
.byte 0x73, 0x61, 0x76, 0x65, 0x46, 0x69, 0x6c, 0x65, 0x45, 0x64, 0x69, 0x74, 0x6f, 0x72, 0x28, 0x29
.byte 0x20, 0x7b, 0x0d, 0x0a, 0x20, 0x20, 0x63, 0x6f, 0x6e, 0x73, 0x74, 0x20, 0x62, 0x75, 0x74, 0x74
.byte 0x6f, 0x6e, 0x20, 0x3d, 0x20, 0x64, 0x6f, 0x63, 0x75, 0x6d, 0x65, 0x6e, 0x74, 0x2e, 0x67, 0x65
.byte 0x74, 0x45, 0x6c, 0x65, 0x6d, 0x65, 0x6e, 0x74, 0x42, 0x79, 0x49, 0x64, 0x28, 0x22, 0x73, 0x61
.byte 0x76, 0x65, 0x46, 0x69, 0x6c, 0x65, 0x45, 0x64, 0x69, 0x74, 0x6f, 0x72, 0x42, 0x75, 0x74, 0x74
.byte 0x6f, 0x6e, 0x22, 0x29, 0x3b, 0x0d, 0x0a, 0x20, 0x20, 0x63, 0x6f, 0x6e, 0x73, 0x74, 0x20, 0x74
.byte 0x65, 0x78, 0x74, 0x61, 0x72, 0x65, 0x61, 0x20, 0x3d, 0x20, 0x64, 0x6f, 0x63, 0x75, 0x6d, 0x65
.byte 0x6e, 0x74, 0x2e, 0x67, 0x65, 0x74, 0x45, 0x6c, 0x65, 0x6d, 0x65, 0x6e, 0x74, 0x42, 0x79, 0x49
.byte 0x64, 0x28, 0x22, 0x66, 0x69, 0x6c, 0x65, 0x45, 0x64, 0x69, 0x74, 0x6f, 0x72, 0x54, 0x65, 0x78
.byte 0x74, 0x61, 0x72, 0x65, 0x61, 0x22, 0x29, 0x3b, 0x0d, 0x0a, 0x20, 0x20, 0x69, 0x66, 0x20, 0x28
.byte 0x21, 0x61, 0x63, 0x74, 0x69, 0x76, 0x65, 0x45, 0x64, 0x69, 0x74, 0x6f, 0x72, 0x50, 0x61, 0x74
.byte 0x68, 0x29, 0x20, 0x72, 0x65, 0x74, 0x75, 0x72, 0x6e, 0x3b, 0x0d, 0x0a, 0x20, 0x20, 0x69, 0x66
.byte 0x20, 0x28, 0x61, 0x63, 0x74, 0x69, 0x76, 0x65, 0x45, 0x64, 0x69, 0x74, 0x6f, 0x72, 0x53, 0x6f
.byte 0x75, 0x72, 0x63, 0x65, 0x20, 0x3d, 0x3d, 0x3d, 0x20, 0x22, 0x66, 0x69, 0x6c, 0x65, 0x73, 0x22
.byte 0x20, 0x26, 0x26, 0x20, 0x21, 0x69, 0x73, 0x46, 0x69, 0x6c, 0x65, 0x44, 0x65, 0x76, 0x4d, 0x6f
.byte 0x64, 0x65, 0x45, 0x6e, 0x61, 0x62, 0x6c, 0x65, 0x64, 0x28, 0x29, 0x29, 0x20, 0x7b, 0x0d, 0x0a
.byte 0x20, 0x20, 0x20, 0x20, 0x73, 0x68, 0x6f, 0x77, 0x42, 0x61, 0x6e, 0x6e, 0x65, 0x72, 0x28, 0x22
.byte 0x66, 0x69, 0x6c, 0x65, 0x45, 0x64, 0x69, 0x74, 0x6f, 0x72, 0x42, 0x61, 0x6e, 0x6e, 0x65, 0x72
.byte 0x22, 0x2c, 0x20, 0x74, 0x28, 0x22, 0x66, 0x69, 0x6c, 0x65, 0x44, 0x65, 0x76, 0x4d, 0x6f, 0x64
.byte 0x65, 0x52, 0x65, 0x71, 0x75, 0x69, 0x72, 0x65, 0x64, 0x22, 0x29, 0x2c, 0x20, 0x74, 0x72, 0x75
.byte 0x65, 0x29, 0x3b, 0x0d, 0x0a, 0x20, 0x20, 0x20, 0x20, 0x72, 0x65, 0x74, 0x75, 0x72, 0x6e, 0x3b
.byte 0x0d, 0x0a, 0x20, 0x20, 0x7d, 0x0d, 0x0a, 0x0d, 0x0a, 0x20, 0x20, 0x62, 0x75, 0x74, 0x74, 0x6f
.byte 0x6e, 0x2e, 0x64, 0x69, 0x73, 0x61, 0x62, 0x6c, 0x65, 0x64, 0x20, 0x3d, 0x20, 0x74, 0x72, 0x75
.byte 0x65, 0x3b, 0x0d, 0x0a, 0x20, 0x20, 0x68, 0x69, 0x64, 0x65, 0x42, 0x61, 0x6e, 0x6e, 0x65, 0x72
.byte 0x28, 0x22, 0x66, 0x69, 0x6c, 0x65, 0x45, 0x64, 0x69, 0x74, 0x6f, 0x72, 0x42, 0x61, 0x6e, 0x6e
.byte 0x65, 0x72, 0x22, 0x29, 0x3b, 0x0d, 0x0a, 0x20, 0x20, 0x74, 0x72, 0x79, 0x20, 0x7b, 0x0d, 0x0a
.byte 0x20, 0x20, 0x20, 0x20, 0x63, 0x6f, 0x6e, 0x73, 0x74, 0x20, 0x72, 0x65, 0x73, 0x70, 0x6f, 0x6e
.byte 0x73, 0x65, 0x20, 0x3d, 0x20, 0x61, 0x77, 0x61, 0x69, 0x74, 0x20, 0x66, 0x65, 0x74, 0x63, 0x68
.byte 0x28, 0x0d, 0x0a, 0x20, 0x20, 0x20, 0x20, 0x20, 0x20, 0x22, 0x2f, 0x61, 0x70, 0x69, 0x2f, 0x66
.byte 0x69, 0x6c, 0x65, 0x73, 0x2f, 0x75, 0x70, 0x6c, 0x6f, 0x61, 0x64, 0x3f, 0x70, 0x61, 0x74, 0x68
.byte 0x3d, 0x22, 0x20, 0x2b, 0x20, 0x65, 0x6e, 0x63, 0x6f, 0x64, 0x65, 0x55, 0x52, 0x49, 0x43, 0x6f
.byte 0x6d, 0x70, 0x6f, 0x6e, 0x65, 0x6e, 0x74, 0x28, 0x61, 0x63, 0x74, 0x69, 0x76, 0x65, 0x45, 0x64
.byte 0x69, 0x74, 0x6f, 0x72, 0x50, 0x61, 0x74, 0x68, 0x29, 0x2c, 0x0d, 0x0a, 0x20, 0x20, 0x20, 0x20
.byte 0x20, 0x20, 0x7b, 0x0d, 0x0a, 0x20, 0x20, 0x20, 0x20, 0x20, 0x20, 0x20, 0x20, 0x6d, 0x65, 0x74
.byte 0x68, 0x6f, 0x64, 0x3a, 0x20, 0x22, 0x50, 0x4f, 0x53, 0x54, 0x22, 0x2c, 0x0d, 0x0a, 0x20, 0x20
.byte 0x20, 0x20, 0x20, 0x20, 0x20, 0x20, 0x63, 0x61, 0x63, 0x68, 0x65, 0x3a, 0x20, 0x22, 0x6e, 0x6f
.byte 0x2d, 0x73, 0x74, 0x6f, 0x72, 0x65, 0x22, 0x2c, 0x0d, 0x0a, 0x20, 0x20, 0x20, 0x20, 0x20, 0x20
.byte 0x20, 0x20, 0x62, 0x6f, 0x64, 0x79, 0x3a, 0x20, 0x6e, 0x65, 0x77, 0x20, 0x42, 0x6c, 0x6f, 0x62
.byte 0x28, 0x5b, 0x74, 0x65, 0x78, 0x74, 0x61, 0x72, 0x65, 0x61, 0x2e, 0x76, 0x61, 0x6c, 0x75, 0x65
.byte 0x5d, 0x2c, 0x20, 0x7b, 0x20, 0x74, 0x79, 0x70, 0x65, 0x3a, 0x20, 0x22, 0x74, 0x65, 0x78, 0x74
.byte 0x2f, 0x70, 0x6c, 0x61, 0x69, 0x6e, 0x3b, 0x20, 0x63, 0x68, 0x61, 0x72, 0x73, 0x65, 0x74, 0x3d
.byte 0x75, 0x74, 0x66, 0x2d, 0x38, 0x22, 0x20, 0x7d, 0x29, 0x2c, 0x0d, 0x0a, 0x20, 0x20, 0x20, 0x20
.byte 0x20, 0x20, 0x7d, 0x0d, 0x0a, 0x20, 0x20, 0x20, 0x20, 0x29, 0x3b, 0x0d, 0x0a, 0x20, 0x20, 0x20
.byte 0x20, 0x69, 0x66, 0x20, 0x28, 0x21, 0x72, 0x65, 0x73, 0x70, 0x6f, 0x6e, 0x73, 0x65, 0x2e, 0x6f
.byte 0x6b, 0x29, 0x20, 0x7b, 0x0d, 0x0a, 0x20, 0x20, 0x20, 0x20, 0x20, 0x20, 0x74, 0x68, 0x72, 0x6f
.byte 0x77, 0x20, 0x6e, 0x65, 0x77, 0x20, 0x45, 0x72, 0x72, 0x6f, 0x72, 0x28, 0x28, 0x61, 0x77, 0x61
.byte 0x69, 0x74, 0x20, 0x72, 0x65, 0x73, 0x70, 0x6f, 0x6e, 0x73, 0x65, 0x2e, 0x74, 0x65, 0x78, 0x74
.byte 0x28, 0x29, 0x29, 0x20, 0x7c, 0x7c, 0x20, 0x74, 0x28, 0x22, 0x66, 0x69, 0x6c, 0x65, 0x45, 0x64
.byte 0x69, 0x74, 0x6f, 0x72, 0x53, 0x61, 0x76, 0x65, 0x45, 0x72, 0x72, 0x6f, 0x72, 0x22, 0x29, 0x29
.byte 0x3b, 0x0d, 0x0a, 0x20, 0x20, 0x20, 0x20, 0x7d, 0x0d, 0x0a, 0x20, 0x20, 0x20, 0x20, 0x73, 0x68
.byte 0x6f, 0x77, 0x42, 0x61, 0x6e, 0x6e, 0x65, 0x72, 0x28, 0x22, 0x66, 0x69, 0x6c, 0x65, 0x45, 0x64
.byte 0x69, 0x74, 0x6f, 0x72, 0x42, 0x61, 0x6e, 0x6e, 0x65, 0x72, 0x22, 0x2c, 0x20, 0x74, 0x28, 0x22
.byte 0x66, 0x69, 0x6c, 0x65, 0x45, 0x64, 0x69, 0x74, 0x6f, 0x72, 0x53, 0x61, 0x76, 0x65, 0x64, 0x22
.byte 0x29, 0x29, 0x3b, 0x0d, 0x0a, 0x20, 0x20, 0x20, 0x20, 0x61, 0x77, 0x61, 0x69, 0x74, 0x20, 0x6c
.byte 0x6f, 0x61, 0x64, 0x46, 0x69, 0x6c, 0x65, 0x73, 0x28, 0x29, 0x3b, 0x0d, 0x0a, 0x20, 0x20, 0x7d
.byte 0x20, 0x63, 0x61, 0x74, 0x63, 0x68, 0x20, 0x28, 0x65, 0x72, 0x72, 0x29, 0x20, 0x7b, 0x0d, 0x0a
.byte 0x20, 0x20, 0x20, 0x20, 0x73, 0x68, 0x6f, 0x77, 0x42, 0x61, 0x6e, 0x6e, 0x65, 0x72, 0x28, 0x22
.byte 0x66, 0x69, 0x6c, 0x65, 0x45, 0x64, 0x69, 0x74, 0x6f, 0x72, 0x42, 0x61, 0x6e, 0x6e, 0x65, 0x72
.byte 0x22, 0x2c, 0x20, 0x65, 0x72, 0x72, 0x2e, 0x6d, 0x65, 0x73, 0x73, 0x61, 0x67, 0x65, 0x20, 0x7c
.byte 0x7c, 0x20, 0x74, 0x28, 0x22, 0x66, 0x69, 0x6c, 0x65, 0x45, 0x64, 0x69, 0x74, 0x6f, 0x72, 0x53
.byte 0x61, 0x76, 0x65, 0x45, 0x72, 0x72, 0x6f, 0x72, 0x22, 0x29, 0x2c, 0x20, 0x74, 0x72, 0x75, 0x65
.byte 0x29, 0x3b, 0x0d, 0x0a, 0x20, 0x20, 0x7d, 0x20, 0x66, 0x69, 0x6e, 0x61, 0x6c, 0x6c, 0x79, 0x20
.byte 0x7b, 0x0d, 0x0a, 0x20, 0x20, 0x20, 0x20, 0x62, 0x75, 0x74, 0x74, 0x6f, 0x6e, 0x2e, 0x64, 0x69
.byte 0x73, 0x61, 0x62, 0x6c, 0x65, 0x64, 0x20, 0x3d, 0x20, 0x66, 0x61, 0x6c, 0x73, 0x65, 0x3b, 0x0d
.byte 0x0a, 0x20, 0x20, 0x7d, 0x0d, 0x0a, 0x7d, 0x0d, 0x0a, 0x0d, 0x0a, 0x2f, 0x2a, 0x20, 0xe2, 0x95
.byte 0x90, 0xe2, 0x95, 0x90, 0xe2, 0x95, 0x90, 0xe2, 0x95, 0x90, 0xe2, 0x95, 0x90, 0xe2, 0x95, 0x90
.byte 0xe2, 0x95, 0x90, 0xe2, 0x95, 0x90, 0xe2, 0x95, 0x90, 0xe2, 0x95, 0x90, 0xe2, 0x95, 0x90, 0xe2
.byte 0x95, 0x90, 0xe2, 0x95, 0x90, 0xe2, 0x95, 0x90, 0xe2, 0x95, 0x90, 0xe2, 0x95, 0x90, 0xe2, 0x95
.byte 0x90, 0xe2, 0x95, 0x90, 0xe2, 0x95, 0x90, 0xe2, 0x95, 0x90, 0xe2, 0x95, 0x90, 0xe2, 0x95, 0x90
.byte 0xe2, 0x95, 0x90, 0xe2, 0x95, 0x90, 0xe2, 0x95, 0x90, 0xe2, 0x95, 0x90, 0xe2, 0x95, 0x90, 0xe2
.byte 0x95, 0x90, 0xe2, 0x95, 0x90, 0xe2, 0x95, 0x90, 0xe2, 0x95, 0x90, 0xe2, 0x95, 0x90, 0xe2, 0x95
.byte 0x90, 0xe2, 0x95, 0x90, 0xe2, 0x95, 0x90, 0xe2, 0x95, 0x90, 0xe2, 0x95, 0x90, 0xe2, 0x95, 0x90
.byte 0xe2, 0x95, 0x90, 0xe2, 0x95, 0x90, 0xe2, 0x95, 0x90, 0xe2, 0x95, 0x90, 0xe2, 0x95, 0x90, 0xe2
.byte 0x95, 0x90, 0xe2, 0x95, 0x90, 0xe2, 0x95, 0x90, 0xe2, 0x95, 0x90, 0xe2, 0x95, 0x90, 0xe2, 0x95
.byte 0x90, 0xe2, 0x95, 0x90, 0xe2, 0x95, 0x90, 0x0d, 0x0a, 0x20, 0x20, 0x20, 0x4d, 0x65, 0x6d, 0x6f
.byte 0x72, 0x79, 0x20, 0x4d, 0x61, 0x6e, 0x61, 0x67, 0x65, 0x72, 0x0d, 0x0a, 0x20, 0x20, 0x20, 0xe2
.byte 0x95, 0x90, 0xe2, 0x95, 0x90, 0xe2, 0x95, 0x90, 0xe2, 0x95, 0x90, 0xe2, 0x95, 0x90, 0xe2, 0x95
.byte 0x90, 0xe2, 0x95, 0x90, 0xe2, 0x95, 0x90, 0xe2, 0x95, 0x90, 0xe2, 0x95, 0x90, 0xe2, 0x95, 0x90
.byte 0xe2, 0x95, 0x90, 0xe2, 0x95, 0x90, 0xe2, 0x95, 0x90, 0xe2, 0x95, 0x90, 0xe2, 0x95, 0x90, 0xe2
.byte 0x95, 0x90, 0xe2, 0x95, 0x90, 0xe2, 0x95, 0x90, 0xe2, 0x95, 0x90, 0xe2, 0x95, 0x90, 0xe2, 0x95
.byte 0x90, 0xe2, 0x95, 0x90, 0xe2, 0x95, 0x90, 0xe2, 0x95, 0x90, 0xe2, 0x95, 0x90, 0xe2, 0x95, 0x90
.byte 0xe2, 0x95, 0x90, 0xe2, 0x95, 0x90, 0xe2, 0x95, 0x90, 0xe2, 0x95, 0x90, 0xe2, 0x95, 0x90, 0xe2
.byte 0x95, 0x90, 0xe2, 0x95, 0x90, 0xe2, 0x95, 0x90, 0xe2, 0x95, 0x90, 0xe2, 0x95, 0x90, 0xe2, 0x95
.byte 0x90, 0xe2, 0x95, 0x90, 0xe2, 0x95, 0x90, 0xe2, 0x95, 0x90, 0xe2, 0x95, 0x90, 0xe2, 0x95, 0x90
.byte 0xe2, 0x95, 0x90, 0xe2, 0x95, 0x90, 0xe2, 0x95, 0x90, 0xe2, 0x95, 0x90, 0xe2, 0x95, 0x90, 0xe2
.byte 0x95, 0x90, 0xe2, 0x95, 0x90, 0xe2, 0x95, 0x90, 0x20, 0x2a, 0x2f, 0x0d, 0x0a, 0x0d, 0x0a, 0x66
.byte 0x75, 0x6e, 0x63, 0x74, 0x69, 0x6f, 0x6e, 0x20, 0x72, 0x65, 0x6e, 0x64, 0x65, 0x72, 0x4d, 0x65
.byte 0x6d, 0x6f, 0x72, 0x79, 0x53, 0x74, 0x61, 0x74, 0x65, 0x28, 0x29, 0x20, 0x7b, 0x0d, 0x0a, 0x20
.byte 0x20, 0x4d, 0x45, 0x4d, 0x4f, 0x52, 0x59, 0x5f, 0x46, 0x49, 0x4c, 0x45, 0x53, 0x2e, 0x66, 0x6f
.byte 0x72, 0x45, 0x61, 0x63, 0x68, 0x28, 0x28, 0x66, 0x69, 0x6c, 0x65, 0x29, 0x20, 0x3d, 0x3e, 0x20
.byte 0x7b, 0x0d, 0x0a, 0x20, 0x20, 0x20, 0x20, 0x63, 0x6f, 0x6e, 0x73, 0x74, 0x20, 0x65, 0x64, 0x69
.byte 0x74, 0x6f, 0x72, 0x20, 0x3d, 0x20, 0x64, 0x6f, 0x63, 0x75, 0x6d, 0x65, 0x6e, 0x74, 0x2e, 0x67
.byte 0x65, 0x74, 0x45, 0x6c, 0x65, 0x6d, 0x65, 0x6e, 0x74, 0x42, 0x79, 0x49, 0x64, 0x28, 0x66, 0x69
.byte 0x6c, 0x65, 0x2e, 0x69, 0x64, 0x29, 0x3b, 0x0d, 0x0a, 0x20, 0x20, 0x20, 0x20, 0x63, 0x6f, 0x6e
.byte 0x73, 0x74, 0x20, 0x6d, 0x69, 0x73, 0x73, 0x69, 0x6e, 0x67, 0x20, 0x3d, 0x20, 0x66, 0x69, 0x6c
.byte 0x65, 0x2e, 0x6d, 0x69, 0x73, 0x73, 0x69, 0x6e, 0x67, 0x49, 0x64, 0x20, 0x3f, 0x20, 0x64, 0x6f
.byte 0x63, 0x75, 0x6d, 0x65, 0x6e, 0x74, 0x2e, 0x67, 0x65, 0x74, 0x45, 0x6c, 0x65, 0x6d, 0x65, 0x6e
.byte 0x74, 0x42, 0x79, 0x49, 0x64, 0x28, 0x66, 0x69, 0x6c, 0x65, 0x2e, 0x6d, 0x69, 0x73, 0x73, 0x69
.byte 0x6e, 0x67, 0x49, 0x64, 0x29, 0x20, 0x3a, 0x20, 0x6e, 0x75, 0x6c, 0x6c, 0x3b, 0x0d, 0x0a, 0x20
.byte 0x20, 0x20, 0x20, 0x63, 0x6f, 0x6e, 0x73, 0x74, 0x20, 0x65, 0x78, 0x69, 0x73, 0x74, 0x73, 0x20
.byte 0x3d, 0x20, 0x21, 0x21, 0x6d, 0x65, 0x6d, 0x6f, 0x72, 0x79, 0x46, 0x69, 0x6c, 0x65, 0x50, 0x72
.byte 0x65, 0x73, 0x65, 0x6e, 0x63, 0x65, 0x5b, 0x66, 0x69, 0x6c, 0x65, 0x2e, 0x70, 0x61, 0x74, 0x68
.byte 0x5d, 0x3b, 0x0d, 0x0a, 0x20, 0x20, 0x20, 0x20, 0x63, 0x6f, 0x6e, 0x73, 0x74, 0x20, 0x65, 0x64
.byte 0x69, 0x74, 0x42, 0x75, 0x74, 0x74, 0x6f, 0x6e, 0x20, 0x3d, 0x20, 0x64, 0x6f, 0x63, 0x75, 0x6d
.byte 0x65, 0x6e, 0x74, 0x2e, 0x71, 0x75, 0x65, 0x72, 0x79, 0x53, 0x65, 0x6c, 0x65, 0x63, 0x74, 0x6f
.byte 0x72, 0x28, 0x60, 0x2e, 0x6d, 0x65, 0x6d, 0x6f, 0x72, 0x79, 0x2d, 0x65, 0x64, 0x69, 0x74, 0x2d
.byte 0x62, 0x74, 0x6e, 0x5b, 0x64, 0x61, 0x74, 0x61, 0x2d, 0x70, 0x61, 0x74, 0x68, 0x3d, 0x22, 0x24
.byte 0x7b, 0x66, 0x69, 0x6c, 0x65, 0x2e, 0x70, 0x61, 0x74, 0x68, 0x7d, 0x22, 0x5d, 0x60, 0x29, 0x3b
.byte 0x0d, 0x0a, 0x0d, 0x0a, 0x20, 0x20, 0x20, 0x20, 0x69, 0x66, 0x20, 0x28, 0x65, 0x64, 0x69, 0x74
.byte 0x6f, 0x72, 0x29, 0x20, 0x7b, 0x0d, 0x0a, 0x20, 0x20, 0x20, 0x20, 0x20, 0x20, 0x65, 0x64, 0x69
.byte 0x74, 0x6f, 0x72, 0x2e, 0x76, 0x61, 0x6c, 0x75, 0x65, 0x20, 0x3d, 0x20, 0x6d, 0x65, 0x6d, 0x6f
.byte 0x72, 0x79, 0x43, 0x6f, 0x6e, 0x74, 0x65, 0x6e, 0x74, 0x73, 0x5b, 0x66, 0x69, 0x6c, 0x65, 0x2e
.byte 0x70, 0x61, 0x74, 0x68, 0x5d, 0x20, 0x7c, 0x7c, 0x20, 0x22, 0x22, 0x3b, 0x0d, 0x0a, 0x20, 0x20
.byte 0x20, 0x20, 0x20, 0x20, 0x65, 0x64, 0x69, 0x74, 0x6f, 0x72, 0x2e, 0x72, 0x65, 0x61, 0x64, 0x4f
.byte 0x6e, 0x6c, 0x79, 0x20, 0x3d, 0x20, 0x74, 0x72, 0x75, 0x65, 0x3b, 0x0d, 0x0a, 0x20, 0x20, 0x20
.byte 0x20, 0x20, 0x20, 0x65, 0x64, 0x69, 0x74, 0x6f, 0x72, 0x2e, 0x63, 0x6c, 0x61, 0x73, 0x73, 0x4c
.byte 0x69, 0x73, 0x74, 0x2e, 0x74, 0x6f, 0x67, 0x67, 0x6c, 0x65, 0x28, 0x22, 0x68, 0x69, 0x64, 0x64
.byte 0x65, 0x6e, 0x22, 0x2c, 0x20, 0x21, 0x65, 0x78, 0x69, 0x73, 0x74, 0x73, 0x29, 0x3b, 0x0d, 0x0a
.byte 0x20, 0x20, 0x20, 0x20, 0x7d, 0x0d, 0x0a, 0x20, 0x20, 0x20, 0x20, 0x69, 0x66, 0x20, 0x28, 0x6d
.byte 0x69, 0x73, 0x73, 0x69, 0x6e, 0x67, 0x29, 0x20, 0x7b, 0x0d, 0x0a, 0x20, 0x20, 0x20, 0x20, 0x20
.byte 0x20, 0x6d, 0x69, 0x73, 0x73, 0x69, 0x6e, 0x67, 0x2e, 0x63, 0x6c, 0x61, 0x73, 0x73, 0x4c, 0x69
.byte 0x73, 0x74, 0x2e, 0x74, 0x6f, 0x67, 0x67, 0x6c, 0x65, 0x28, 0x22, 0x68, 0x69, 0x64, 0x64, 0x65
.byte 0x6e, 0x22, 0x2c, 0x20, 0x65, 0x78, 0x69, 0x73, 0x74, 0x73, 0x29, 0x3b, 0x0d, 0x0a, 0x20, 0x20
.byte 0x20, 0x20, 0x7d, 0x0d, 0x0a, 0x20, 0x20, 0x20, 0x20, 0x69, 0x66, 0x20, 0x28, 0x65, 0x64, 0x69
.byte 0x74, 0x42, 0x75, 0x74, 0x74, 0x6f, 0x6e, 0x29, 0x20, 0x7b, 0x0d, 0x0a, 0x20, 0x20, 0x20, 0x20
.byte 0x20, 0x20, 0x63, 0x6f, 0x6e, 0x73, 0x74, 0x20, 0x73, 0x68, 0x6f, 0x77, 0x45, 0x64, 0x69, 0x74
.byte 0x20, 0x3d, 0x20, 0x21, 0x21, 0x66, 0x69, 0x6c, 0x65, 0x2e, 0x65, 0x64, 0x69, 0x74, 0x61, 0x62
.byte 0x6c, 0x65, 0x20, 0x26, 0x26, 0x20, 0x65, 0x78, 0x69, 0x73, 0x74, 0x73, 0x3b, 0x0d, 0x0a, 0x20
.byte 0x20, 0x20, 0x20, 0x20, 0x20, 0x65, 0x64, 0x69, 0x74, 0x42, 0x75, 0x74, 0x74, 0x6f, 0x6e, 0x2e
.byte 0x63, 0x6c, 0x61, 0x73, 0x73, 0x4c, 0x69, 0x73, 0x74, 0x2e, 0x74, 0x6f, 0x67, 0x67, 0x6c, 0x65
.byte 0x28, 0x22, 0x68, 0x69, 0x64, 0x64, 0x65, 0x6e, 0x22, 0x2c, 0x20, 0x21, 0x73, 0x68, 0x6f, 0x77
.byte 0x45, 0x64, 0x69, 0x74, 0x29, 0x3b, 0x0d, 0x0a, 0x20, 0x20, 0x20, 0x20, 0x20, 0x20, 0x65, 0x64
.byte 0x69, 0x74, 0x42, 0x75, 0x74, 0x74, 0x6f, 0x6e, 0x2e, 0x64, 0x69, 0x73, 0x61, 0x62, 0x6c, 0x65
.byte 0x64, 0x20, 0x3d, 0x20, 0x21, 0x73, 0x68, 0x6f, 0x77, 0x45, 0x64, 0x69, 0x74, 0x3b, 0x0d, 0x0a
.byte 0x20, 0x20, 0x20, 0x20, 0x7d, 0x0d, 0x0a, 0x20, 0x20, 0x7d, 0x29, 0x3b, 0x0d, 0x0a, 0x7d, 0x0d
.byte 0x0a, 0x0d, 0x0a, 0x61, 0x73, 0x79, 0x6e, 0x63, 0x20, 0x66, 0x75, 0x6e, 0x63, 0x74, 0x69, 0x6f
.byte 0x6e, 0x20, 0x6c, 0x6f, 0x61, 0x64, 0x4d, 0x65, 0x6d, 0x6f, 0x72, 0x79, 0x28, 0x29, 0x20, 0x7b
.byte 0x0d, 0x0a, 0x20, 0x20, 0x68, 0x69, 0x64, 0x65, 0x42, 0x61, 0x6e, 0x6e, 0x65, 0x72, 0x28, 0x22
.byte 0x6d, 0x65, 0x6d, 0x6f, 0x72, 0x79, 0x42, 0x61, 0x6e, 0x6e, 0x65, 0x72, 0x22, 0x29, 0x3b, 0x0d
.byte 0x0a, 0x0d, 0x0a, 0x20, 0x20, 0x63, 0x6f, 0x6e, 0x73, 0x74, 0x20, 0x64, 0x69, 0x72, 0x52, 0x65
.byte 0x73, 0x70, 0x6f, 0x6e, 0x73, 0x65, 0x20, 0x3d, 0x20, 0x61, 0x77, 0x61, 0x69, 0x74, 0x20, 0x66
.byte 0x65, 0x74, 0x63, 0x68, 0x28, 0x22, 0x2f, 0x61, 0x70, 0x69, 0x2f, 0x66, 0x69, 0x6c, 0x65, 0x73
.byte 0x3f, 0x70, 0x61, 0x74, 0x68, 0x3d, 0x22, 0x20, 0x2b, 0x20, 0x65, 0x6e, 0x63, 0x6f, 0x64, 0x65
.byte 0x55, 0x52, 0x49, 0x43, 0x6f, 0x6d, 0x70, 0x6f, 0x6e, 0x65, 0x6e, 0x74, 0x28, 0x22, 0x2f, 0x6d
.byte 0x65, 0x6d, 0x6f, 0x72, 0x79, 0x22, 0x29, 0x2c, 0x20, 0x7b, 0x0d, 0x0a, 0x20, 0x20, 0x20, 0x20
.byte 0x63, 0x61, 0x63, 0x68, 0x65, 0x3a, 0x20, 0x22, 0x6e, 0x6f, 0x2d, 0x73, 0x74, 0x6f, 0x72, 0x65
.byte 0x22, 0x2c, 0x0d, 0x0a, 0x20, 0x20, 0x7d, 0x29, 0x3b, 0x0d, 0x0a, 0x0d, 0x0a, 0x20, 0x20, 0x69
.byte 0x66, 0x20, 0x28, 0x21, 0x64, 0x69, 0x72, 0x52, 0x65, 0x73, 0x70, 0x6f, 0x6e, 0x73, 0x65, 0x2e
.byte 0x6f, 0x6b, 0x29, 0x20, 0x7b, 0x0d, 0x0a, 0x20, 0x20, 0x20, 0x20, 0x69, 0x66, 0x20, 0x28, 0x64
.byte 0x69, 0x72, 0x52, 0x65, 0x73, 0x70, 0x6f, 0x6e, 0x73, 0x65, 0x2e, 0x73, 0x74, 0x61, 0x74, 0x75
.byte 0x73, 0x20, 0x3d, 0x3d, 0x3d, 0x20, 0x34, 0x30, 0x34, 0x29, 0x20, 0x7b, 0x0d, 0x0a, 0x20, 0x20
.byte 0x20, 0x20, 0x20, 0x20, 0x6d, 0x65, 0x6d, 0x6f, 0x72, 0x79, 0x43, 0x6f, 0x6e, 0x74, 0x65, 0x6e
.byte 0x74, 0x73, 0x20, 0x3d, 0x20, 0x7b, 0x7d, 0x3b, 0x0d, 0x0a, 0x20, 0x20, 0x20, 0x20, 0x20, 0x20
.byte 0x6d, 0x65, 0x6d, 0x6f, 0x72, 0x79, 0x46, 0x69, 0x6c, 0x65, 0x50, 0x72, 0x65, 0x73, 0x65, 0x6e
.byte 0x63, 0x65, 0x20, 0x3d, 0x20, 0x7b, 0x7d, 0x3b, 0x0d, 0x0a, 0x20, 0x20, 0x20, 0x20, 0x20, 0x20
.byte 0x4d, 0x45, 0x4d, 0x4f, 0x52, 0x59, 0x5f, 0x46, 0x49, 0x4c, 0x45, 0x53, 0x2e, 0x66, 0x6f, 0x72
.byte 0x45, 0x61, 0x63, 0x68, 0x28, 0x28, 0x66, 0x69, 0x6c, 0x65, 0x29, 0x20, 0x3d, 0x3e, 0x20, 0x7b
.byte 0x0d, 0x0a, 0x20, 0x20, 0x20, 0x20, 0x20, 0x20, 0x20, 0x20, 0x6d, 0x65, 0x6d, 0x6f, 0x72, 0x79
.byte 0x43, 0x6f, 0x6e, 0x74, 0x65, 0x6e, 0x74, 0x73, 0x5b, 0x66, 0x69, 0x6c, 0x65, 0x2e, 0x70, 0x61
.byte 0x74, 0x68, 0x5d, 0x20, 0x3d, 0x20, 0x22, 0x22, 0x3b, 0x0d, 0x0a, 0x20, 0x20, 0x20, 0x20, 0x20
.byte 0x20, 0x20, 0x20, 0x6d, 0x65, 0x6d, 0x6f, 0x72, 0x79, 0x46, 0x69, 0x6c, 0x65, 0x50, 0x72, 0x65
.byte 0x73, 0x65, 0x6e, 0x63, 0x65, 0x5b, 0x66, 0x69, 0x6c, 0x65, 0x2e, 0x70, 0x61, 0x74, 0x68, 0x5d
.byte 0x20, 0x3d, 0x20, 0x66, 0x61, 0x6c, 0x73, 0x65, 0x3b, 0x0d, 0x0a, 0x20, 0x20, 0x20, 0x20, 0x20
.byte 0x20, 0x7d, 0x29, 0x3b, 0x0d, 0x0a, 0x20, 0x20, 0x20, 0x20, 0x20, 0x20, 0x6d, 0x65, 0x6d, 0x6f
.byte 0x72, 0x79, 0x4c, 0x6f, 0x61, 0x64, 0x65, 0x64, 0x20, 0x3d, 0x20, 0x74, 0x72, 0x75, 0x65, 0x3b
.byte 0x0d, 0x0a, 0x20, 0x20, 0x20, 0x20, 0x20, 0x20, 0x72, 0x65, 0x6e, 0x64, 0x65, 0x72, 0x4d, 0x65
.byte 0x6d, 0x6f, 0x72, 0x79, 0x53, 0x74, 0x61, 0x74, 0x65, 0x28, 0x29, 0x3b, 0x0d, 0x0a, 0x20, 0x20
.byte 0x20, 0x20, 0x20, 0x20, 0x72, 0x65, 0x74, 0x75, 0x72, 0x6e, 0x3b, 0x0d, 0x0a, 0x20, 0x20, 0x20
.byte 0x20, 0x7d, 0x0d, 0x0a, 0x20, 0x20, 0x20, 0x20, 0x74, 0x68, 0x72, 0x6f, 0x77, 0x20, 0x6e, 0x65
.byte 0x77, 0x20, 0x45, 0x72, 0x72, 0x6f, 0x72, 0x28, 0x28, 0x61, 0x77, 0x61, 0x69, 0x74, 0x20, 0x64
.byte 0x69, 0x72, 0x52, 0x65, 0x73, 0x70, 0x6f, 0x6e, 0x73, 0x65, 0x2e, 0x74, 0x65, 0x78, 0x74, 0x28
.byte 0x29, 0x29, 0x20, 0x7c, 0x7c, 0x20, 0x74, 0x28, 0x22, 0x6d, 0x65, 0x6d, 0x6f, 0x72, 0x79, 0x4c
.byte 0x6f, 0x61, 0x64, 0x45, 0x72, 0x72, 0x6f, 0x72, 0x22, 0x29, 0x29, 0x3b, 0x0d, 0x0a, 0x20, 0x20
.byte 0x7d, 0x0d, 0x0a, 0x0d, 0x0a, 0x20, 0x20, 0x63, 0x6f, 0x6e, 0x73, 0x74, 0x20, 0x64, 0x69, 0x72
.byte 0x44, 0x61, 0x74, 0x61, 0x20, 0x3d, 0x20, 0x61, 0x77, 0x61, 0x69, 0x74, 0x20, 0x64, 0x69, 0x72
.byte 0x52, 0x65, 0x73, 0x70, 0x6f, 0x6e, 0x73, 0x65, 0x2e, 0x6a, 0x73, 0x6f, 0x6e, 0x28, 0x29, 0x3b
.byte 0x0d, 0x0a, 0x20, 0x20, 0x63, 0x6f, 0x6e, 0x73, 0x74, 0x20, 0x65, 0x6e, 0x74, 0x72, 0x69, 0x65
.byte 0x73, 0x20, 0x3d, 0x20, 0x64, 0x69, 0x72, 0x44, 0x61, 0x74, 0x61, 0x2e, 0x65, 0x6e, 0x74, 0x72
.byte 0x69, 0x65, 0x73, 0x20, 0x7c, 0x7c, 0x20, 0x5b, 0x5d, 0x3b, 0x0d, 0x0a, 0x20, 0x20, 0x63, 0x6f
.byte 0x6e, 0x73, 0x74, 0x20, 0x65, 0x6e, 0x74, 0x72, 0x79, 0x4e, 0x61, 0x6d, 0x65, 0x73, 0x20, 0x3d
.byte 0x20, 0x6e, 0x65, 0x77, 0x20, 0x53, 0x65, 0x74, 0x28, 0x65, 0x6e, 0x74, 0x72, 0x69, 0x65, 0x73
.byte 0x2e, 0x6d, 0x61, 0x70, 0x28, 0x28, 0x65, 0x6e, 0x74, 0x72, 0x79, 0x29, 0x20, 0x3d, 0x3e, 0x20
.byte 0x65, 0x6e, 0x74, 0x72, 0x79, 0x2e, 0x6e, 0x61, 0x6d, 0x65, 0x29, 0x29, 0x3b, 0x0d, 0x0a, 0x20
.byte 0x20, 0x6d, 0x65, 0x6d, 0x6f, 0x72, 0x79, 0x43, 0x6f, 0x6e, 0x74, 0x65, 0x6e, 0x74, 0x73, 0x20
.byte 0x3d, 0x20, 0x7b, 0x7d, 0x3b, 0x0d, 0x0a, 0x20, 0x20, 0x6d, 0x65, 0x6d, 0x6f, 0x72, 0x79, 0x46
.byte 0x69, 0x6c, 0x65, 0x50, 0x72, 0x65, 0x73, 0x65, 0x6e, 0x63, 0x65, 0x20, 0x3d, 0x20, 0x7b, 0x7d
.byte 0x3b, 0x0d, 0x0a, 0x0d, 0x0a, 0x20, 0x20, 0x66, 0x6f, 0x72, 0x20, 0x28, 0x63, 0x6f, 0x6e, 0x73
.byte 0x74, 0x20, 0x66, 0x69, 0x6c, 0x65, 0x20, 0x6f, 0x66, 0x20, 0x4d, 0x45, 0x4d, 0x4f, 0x52, 0x59
.byte 0x5f, 0x46, 0x49, 0x4c, 0x45, 0x53, 0x29, 0x20, 0x7b, 0x0d, 0x0a, 0x20, 0x20, 0x20, 0x20, 0x63
.byte 0x6f, 0x6e, 0x73, 0x74, 0x20, 0x66, 0x69, 0x6c, 0x65, 0x4e, 0x61, 0x6d, 0x65, 0x20, 0x3d, 0x20
.byte 0x66, 0x69, 0x6c, 0x65, 0x2e, 0x70, 0x61, 0x74, 0x68, 0x2e, 0x73, 0x70, 0x6c, 0x69, 0x74, 0x28
.byte 0x22, 0x2f, 0x22, 0x29, 0x2e, 0x70, 0x6f, 0x70, 0x28, 0x29, 0x3b, 0x0d, 0x0a, 0x20, 0x20, 0x20
.byte 0x20, 0x63, 0x6f, 0x6e, 0x73, 0x74, 0x20, 0x65, 0x78, 0x69, 0x73, 0x74, 0x73, 0x20, 0x3d, 0x20
.byte 0x65, 0x6e, 0x74, 0x72, 0x79, 0x4e, 0x61, 0x6d, 0x65, 0x73, 0x2e, 0x68, 0x61, 0x73, 0x28, 0x66
.byte 0x69, 0x6c, 0x65, 0x4e, 0x61, 0x6d, 0x65, 0x29, 0x3b, 0x0d, 0x0a, 0x20, 0x20, 0x20, 0x20, 0x6d
.byte 0x65, 0x6d, 0x6f, 0x72, 0x79, 0x46, 0x69, 0x6c, 0x65, 0x50, 0x72, 0x65, 0x73, 0x65, 0x6e, 0x63
.byte 0x65, 0x5b, 0x66, 0x69, 0x6c, 0x65, 0x2e, 0x70, 0x61, 0x74, 0x68, 0x5d, 0x20, 0x3d, 0x20, 0x65
.byte 0x78, 0x69, 0x73, 0x74, 0x73, 0x3b, 0x0d, 0x0a, 0x20, 0x20, 0x20, 0x20, 0x69, 0x66, 0x20, 0x28
.byte 0x21, 0x65, 0x78, 0x69, 0x73, 0x74, 0x73, 0x29, 0x20, 0x7b, 0x0d, 0x0a, 0x20, 0x20, 0x20, 0x20
.byte 0x20, 0x20, 0x6d, 0x65, 0x6d, 0x6f, 0x72, 0x79, 0x43, 0x6f, 0x6e, 0x74, 0x65, 0x6e, 0x74, 0x73
.byte 0x5b, 0x66, 0x69, 0x6c, 0x65, 0x2e, 0x70, 0x61, 0x74, 0x68, 0x5d, 0x20, 0x3d, 0x20, 0x22, 0x22
.byte 0x3b, 0x0d, 0x0a, 0x20, 0x20, 0x20, 0x20, 0x20, 0x20, 0x63, 0x6f, 0x6e, 0x74, 0x69, 0x6e, 0x75
.byte 0x65, 0x3b, 0x0d, 0x0a, 0x20, 0x20, 0x20, 0x20, 0x7d, 0x0d, 0x0a, 0x0d, 0x0a, 0x20, 0x20, 0x20
.byte 0x20, 0x63, 0x6f, 0x6e, 0x73, 0x74, 0x20, 0x72, 0x65, 0x73, 0x70, 0x6f, 0x6e, 0x73, 0x65, 0x20
.byte 0x3d, 0x20, 0x61, 0x77, 0x61, 0x69, 0x74, 0x20, 0x66, 0x65, 0x74, 0x63, 0x68, 0x28, 0x22, 0x2f
.byte 0x66, 0x69, 0x6c, 0x65, 0x73, 0x22, 0x20, 0x2b, 0x20, 0x66, 0x69, 0x6c, 0x65, 0x2e, 0x70, 0x61
.byte 0x74, 0x68, 0x2c, 0x20, 0x7b, 0x0d, 0x0a, 0x20, 0x20, 0x20, 0x20, 0x20, 0x20, 0x63, 0x61, 0x63
.byte 0x68, 0x65, 0x3a, 0x20, 0x22, 0x6e, 0x6f, 0x2d, 0x73, 0x74, 0x6f, 0x72, 0x65, 0x22, 0x2c, 0x0d
.byte 0x0a, 0x20, 0x20, 0x20, 0x20, 0x7d, 0x29, 0x3b, 0x0d, 0x0a, 0x20, 0x20, 0x20, 0x20, 0x69, 0x66
.byte 0x20, 0x28, 0x21, 0x72, 0x65, 0x73, 0x70, 0x6f, 0x6e, 0x73, 0x65, 0x2e, 0x6f, 0x6b, 0x29, 0x20
.byte 0x7b, 0x0d, 0x0a, 0x20, 0x20, 0x20, 0x20, 0x20, 0x20, 0x74, 0x68, 0x72, 0x6f, 0x77, 0x20, 0x6e
.byte 0x65, 0x77, 0x20, 0x45, 0x72, 0x72, 0x6f, 0x72, 0x28, 0x28, 0x61, 0x77, 0x61, 0x69, 0x74, 0x20
.byte 0x72, 0x65, 0x73, 0x70, 0x6f, 0x6e, 0x73, 0x65, 0x2e, 0x74, 0x65, 0x78, 0x74, 0x28, 0x29, 0x29
.byte 0x20, 0x7c, 0x7c, 0x20, 0x74, 0x28, 0x22, 0x6d, 0x65, 0x6d, 0x6f, 0x72, 0x79, 0x4c, 0x6f, 0x61
.byte 0x64, 0x45, 0x72, 0x72, 0x6f, 0x72, 0x22, 0x29, 0x29, 0x3b, 0x0d, 0x0a, 0x20, 0x20, 0x20, 0x20
.byte 0x7d, 0x0d, 0x0a, 0x20, 0x20, 0x20, 0x20, 0x6d, 0x65, 0x6d, 0x6f, 0x72, 0x79, 0x43, 0x6f, 0x6e
.byte 0x74, 0x65, 0x6e, 0x74, 0x73, 0x5b, 0x66, 0x69, 0x6c, 0x65, 0x2e, 0x70, 0x61, 0x74, 0x68, 0x5d
.byte 0x20, 0x3d, 0x20, 0x61, 0x77, 0x61, 0x69, 0x74, 0x20, 0x72, 0x65, 0x73, 0x70, 0x6f, 0x6e, 0x73
.byte 0x65, 0x2e, 0x74, 0x65, 0x78, 0x74, 0x28, 0x29, 0x3b, 0x0d, 0x0a, 0x20, 0x20, 0x7d, 0x0d, 0x0a
.byte 0x0d, 0x0a, 0x20, 0x20, 0x6d, 0x65, 0x6d, 0x6f, 0x72, 0x79, 0x4c, 0x6f, 0x61, 0x64, 0x65, 0x64
.byte 0x20, 0x3d, 0x20, 0x74, 0x72, 0x75, 0x65, 0x3b, 0x0d, 0x0a, 0x20, 0x20, 0x72, 0x65, 0x6e, 0x64
.byte 0x65, 0x72, 0x4d, 0x65, 0x6d, 0x6f, 0x72, 0x79, 0x53, 0x74, 0x61, 0x74, 0x65, 0x28, 0x29, 0x3b
.byte 0x0d, 0x0a, 0x7d, 0x0d, 0x0a, 0x0d, 0x0a, 0x61, 0x73, 0x79, 0x6e, 0x63, 0x20, 0x66, 0x75, 0x6e
.byte 0x63, 0x74, 0x69, 0x6f, 0x6e, 0x20, 0x72, 0x65, 0x66, 0x72, 0x65, 0x73, 0x68, 0x4d, 0x65, 0x6d
.byte 0x6f, 0x72, 0x79, 0x28, 0x6f, 0x70, 0x74, 0x69, 0x6f, 0x6e, 0x73, 0x20, 0x3d, 0x20, 0x7b, 0x7d
.byte 0x29, 0x20, 0x7b, 0x0d, 0x0a, 0x20, 0x20, 0x63, 0x6f, 0x6e, 0x73, 0x74, 0x20, 0x7b, 0x20, 0x73
.byte 0x68, 0x6f, 0x77, 0x53, 0x75, 0x63, 0x63, 0x65, 0x73, 0x73, 0x42, 0x61, 0x6e, 0x6e, 0x65, 0x72
.byte 0x20, 0x3d, 0x20, 0x74, 0x72, 0x75, 0x65, 0x20, 0x7d, 0x20, 0x3d, 0x20, 0x6f, 0x70, 0x74, 0x69
.byte 0x6f, 0x6e, 0x73, 0x3b, 0x0d, 0x0a, 0x20, 0x20, 0x63, 0x6f, 0x6e, 0x73, 0x74, 0x20, 0x62, 0x75
.byte 0x74, 0x74, 0x6f, 0x6e, 0x20, 0x3d, 0x20, 0x64, 0x6f, 0x63, 0x75, 0x6d, 0x65, 0x6e, 0x74, 0x2e
.byte 0x67, 0x65, 0x74, 0x45, 0x6c, 0x65, 0x6d, 0x65, 0x6e, 0x74, 0x42, 0x79, 0x49, 0x64, 0x28, 0x22
.byte 0x72, 0x65, 0x66, 0x72, 0x65, 0x73, 0x68, 0x4d, 0x65, 0x6d, 0x6f, 0x72, 0x79, 0x42, 0x75, 0x74
.byte 0x74, 0x6f, 0x6e, 0x22, 0x29, 0x3b, 0x0d, 0x0a, 0x20, 0x20, 0x62, 0x75, 0x74, 0x74, 0x6f, 0x6e
.byte 0x2e, 0x64, 0x69, 0x73, 0x61, 0x62, 0x6c, 0x65, 0x64, 0x20, 0x3d, 0x20, 0x74, 0x72, 0x75, 0x65
.byte 0x3b, 0x0d, 0x0a, 0x20, 0x20, 0x68, 0x69, 0x64, 0x65, 0x42, 0x61, 0x6e, 0x6e, 0x65, 0x72, 0x28
.byte 0x22, 0x6d, 0x65, 0x6d, 0x6f, 0x72, 0x79, 0x42, 0x61, 0x6e, 0x6e, 0x65, 0x72, 0x22, 0x29, 0x3b
.byte 0x0d, 0x0a, 0x0d, 0x0a, 0x20, 0x20, 0x74, 0x72, 0x79, 0x20, 0x7b, 0x0d, 0x0a, 0x20, 0x20, 0x20
.byte 0x20, 0x61, 0x77, 0x61, 0x69, 0x74, 0x20, 0x6c, 0x6f, 0x61, 0x64, 0x4d, 0x65, 0x6d, 0x6f, 0x72
.byte 0x79, 0x28, 0x29, 0x3b, 0x0d, 0x0a, 0x20, 0x20, 0x20, 0x20, 0x69, 0x66, 0x20, 0x28, 0x73, 0x68
.byte 0x6f, 0x77, 0x53, 0x75, 0x63, 0x63, 0x65, 0x73, 0x73, 0x42, 0x61, 0x6e, 0x6e, 0x65, 0x72, 0x29
.byte 0x20, 0x7b, 0x0d, 0x0a, 0x20, 0x20, 0x20, 0x20, 0x20, 0x20, 0x73, 0x68, 0x6f, 0x77, 0x42, 0x61
.byte 0x6e, 0x6e, 0x65, 0x72, 0x28, 0x22, 0x6d, 0x65, 0x6d, 0x6f, 0x72, 0x79, 0x42, 0x61, 0x6e, 0x6e
.byte 0x65, 0x72, 0x22, 0x2c, 0x20, 0x74, 0x28, 0x22, 0x6d, 0x65, 0x6d, 0x6f, 0x72, 0x79, 0x52, 0x65
.byte 0x66, 0x72, 0x65, 0x73, 0x68, 0x65, 0x64, 0x22, 0x29, 0x29, 0x3b, 0x0d, 0x0a, 0x20, 0x20, 0x20
.byte 0x20, 0x7d, 0x0d, 0x0a, 0x20, 0x20, 0x7d, 0x20, 0x63, 0x61, 0x74, 0x63, 0x68, 0x20, 0x28, 0x65
.byte 0x72, 0x72, 0x29, 0x20, 0x7b, 0x0d, 0x0a, 0x20, 0x20, 0x20, 0x20, 0x73, 0x68, 0x6f, 0x77, 0x42
.byte 0x61, 0x6e, 0x6e, 0x65, 0x72, 0x28, 0x22, 0x6d, 0x65, 0x6d, 0x6f, 0x72, 0x79, 0x42, 0x61, 0x6e
.byte 0x6e, 0x65, 0x72, 0x22, 0x2c, 0x20, 0x65, 0x72, 0x72, 0x2e, 0x6d, 0x65, 0x73, 0x73, 0x61, 0x67
.byte 0x65, 0x20, 0x7c, 0x7c, 0x20, 0x74, 0x28, 0x22, 0x6d, 0x65, 0x6d, 0x6f, 0x72, 0x79, 0x4c, 0x6f
.byte 0x61, 0x64, 0x45, 0x72, 0x72, 0x6f, 0x72, 0x22, 0x29, 0x2c, 0x20, 0x74, 0x72, 0x75, 0x65, 0x29
.byte 0x3b, 0x0d, 0x0a, 0x20, 0x20, 0x20, 0x20, 0x74, 0x68, 0x72, 0x6f, 0x77, 0x20, 0x65, 0x72, 0x72
.byte 0x3b, 0x0d, 0x0a, 0x20, 0x20, 0x7d, 0x20, 0x66, 0x69, 0x6e, 0x61, 0x6c, 0x6c, 0x79, 0x20, 0x7b
.byte 0x0d, 0x0a, 0x20, 0x20, 0x20, 0x20, 0x62, 0x75, 0x74, 0x74, 0x6f, 0x6e, 0x2e, 0x64, 0x69, 0x73
.byte 0x61, 0x62, 0x6c, 0x65, 0x64, 0x20, 0x3d, 0x20, 0x66, 0x61, 0x6c, 0x73, 0x65, 0x3b, 0x0d, 0x0a
.byte 0x20, 0x20, 0x7d, 0x0d, 0x0a, 0x7d, 0x0d, 0x0a, 0x0d, 0x0a, 0x61, 0x73, 0x79, 0x6e, 0x63, 0x20
.byte 0x66, 0x75, 0x6e, 0x63, 0x74, 0x69, 0x6f, 0x6e, 0x20, 0x72, 0x65, 0x66, 0x72, 0x65, 0x73, 0x68
.byte 0x4d, 0x65, 0x6d, 0x6f, 0x72, 0x79, 0x46, 0x69, 0x6c, 0x65, 0x28, 0x70, 0x61, 0x74, 0x68, 0x29
.byte 0x20, 0x7b, 0x0d, 0x0a, 0x20, 0x20, 0x68, 0x69, 0x64, 0x65, 0x42, 0x61, 0x6e, 0x6e, 0x65, 0x72
.byte 0x28, 0x22, 0x6d, 0x65, 0x6d, 0x6f, 0x72, 0x79, 0x42, 0x61, 0x6e, 0x6e, 0x65, 0x72, 0x22, 0x29
.byte 0x3b, 0x0d, 0x0a, 0x0d, 0x0a, 0x20, 0x20, 0x63, 0x6f, 0x6e, 0x73, 0x74, 0x20, 0x66, 0x69, 0x6c
.byte 0x65, 0x20, 0x3d, 0x20, 0x4d, 0x45, 0x4d, 0x4f, 0x52, 0x59, 0x5f, 0x46, 0x49, 0x4c, 0x45, 0x53
.byte 0x2e, 0x66, 0x69, 0x6e, 0x64, 0x28, 0x28, 0x69, 0x74, 0x65, 0x6d, 0x29, 0x20, 0x3d, 0x3e, 0x20
.byte 0x69, 0x74, 0x65, 0x6d, 0x2e, 0x70, 0x61, 0x74, 0x68, 0x20, 0x3d, 0x3d, 0x3d, 0x20, 0x70, 0x61
.byte 0x74, 0x68, 0x29, 0x3b, 0x0d, 0x0a, 0x20, 0x20, 0x69, 0x66, 0x20, 0x28, 0x21, 0x66, 0x69, 0x6c
.byte 0x65, 0x29, 0x20, 0x72, 0x65, 0x74, 0x75, 0x72, 0x6e, 0x3b, 0x0d, 0x0a, 0x0d, 0x0a, 0x20, 0x20
.byte 0x74, 0x72, 0x79, 0x20, 0x7b, 0x0d, 0x0a, 0x20, 0x20, 0x20, 0x20, 0x63, 0x6f, 0x6e, 0x73, 0x74
.byte 0x20, 0x72, 0x65, 0x73, 0x70, 0x6f, 0x6e, 0x73, 0x65, 0x20, 0x3d, 0x20, 0x61, 0x77, 0x61, 0x69
.byte 0x74, 0x20, 0x66, 0x65, 0x74, 0x63, 0x68, 0x28, 0x22, 0x2f, 0x66, 0x69, 0x6c, 0x65, 0x73, 0x22
.byte 0x20, 0x2b, 0x20, 0x66, 0x69, 0x6c, 0x65, 0x2e, 0x70, 0x61, 0x74, 0x68, 0x2c, 0x20, 0x7b, 0x20
.byte 0x63, 0x61, 0x63, 0x68, 0x65, 0x3a, 0x20, 0x22, 0x6e, 0x6f, 0x2d, 0x73, 0x74, 0x6f, 0x72, 0x65
.byte 0x22, 0x20, 0x7d, 0x29, 0x3b, 0x0d, 0x0a, 0x20, 0x20, 0x20, 0x20, 0x69, 0x66, 0x20, 0x28, 0x72
.byte 0x65, 0x73, 0x70, 0x6f, 0x6e, 0x73, 0x65, 0x2e, 0x73, 0x74, 0x61, 0x74, 0x75, 0x73, 0x20, 0x3d
.byte 0x3d, 0x3d, 0x20, 0x34, 0x30, 0x34, 0x29, 0x20, 0x7b, 0x0d, 0x0a, 0x20, 0x20, 0x20, 0x20, 0x20
.byte 0x20, 0x6d, 0x65, 0x6d, 0x6f, 0x72, 0x79, 0x46, 0x69, 0x6c, 0x65, 0x50, 0x72, 0x65, 0x73, 0x65
.byte 0x6e, 0x63, 0x65, 0x5b, 0x66, 0x69, 0x6c, 0x65, 0x2e, 0x70, 0x61, 0x74, 0x68, 0x5d, 0x20, 0x3d
.byte 0x20, 0x66, 0x61, 0x6c, 0x73, 0x65, 0x3b, 0x0d, 0x0a, 0x20, 0x20, 0x20, 0x20, 0x20, 0x20, 0x6d
.byte 0x65, 0x6d, 0x6f, 0x72, 0x79, 0x43, 0x6f, 0x6e, 0x74, 0x65, 0x6e, 0x74, 0x73, 0x5b, 0x66, 0x69
.byte 0x6c, 0x65, 0x2e, 0x70, 0x61, 0x74, 0x68, 0x5d, 0x20, 0x3d, 0x20, 0x22, 0x22, 0x3b, 0x0d, 0x0a
.byte 0x20, 0x20, 0x20, 0x20, 0x7d, 0x20, 0x65, 0x6c, 0x73, 0x65, 0x20, 0x69, 0x66, 0x20, 0x28, 0x21
.byte 0x72, 0x65, 0x73, 0x70, 0x6f, 0x6e, 0x73, 0x65, 0x2e, 0x6f, 0x6b, 0x29, 0x20, 0x7b, 0x0d, 0x0a
.byte 0x20, 0x20, 0x20, 0x20, 0x20, 0x20, 0x74, 0x68, 0x72, 0x6f, 0x77, 0x20, 0x6e, 0x65, 0x77, 0x20
.byte 0x45, 0x72, 0x72, 0x6f, 0x72, 0x28, 0x28, 0x61, 0x77, 0x61, 0x69, 0x74, 0x20, 0x72, 0x65, 0x73
.byte 0x70, 0x6f, 0x6e, 0x73, 0x65, 0x2e, 0x74, 0x65, 0x78, 0x74, 0x28, 0x29, 0x29, 0x20, 0x7c, 0x7c
.byte 0x20, 0x74, 0x28, 0x22, 0x6d, 0x65, 0x6d, 0x6f, 0x72, 0x79, 0x4c, 0x6f, 0x61, 0x64, 0x45, 0x72
.byte 0x72, 0x6f, 0x72, 0x22, 0x29, 0x29, 0x3b, 0x0d, 0x0a, 0x20, 0x20, 0x20, 0x20, 0x7d, 0x20, 0x65
.byte 0x6c, 0x73, 0x65, 0x20, 0x7b, 0x0d, 0x0a, 0x20, 0x20, 0x20, 0x20, 0x20, 0x20, 0x6d, 0x65, 0x6d
.byte 0x6f, 0x72, 0x79, 0x46, 0x69, 0x6c, 0x65, 0x50, 0x72, 0x65, 0x73, 0x65, 0x6e, 0x63, 0x65, 0x5b
.byte 0x66, 0x69, 0x6c, 0x65, 0x2e, 0x70, 0x61, 0x74, 0x68, 0x5d, 0x20, 0x3d, 0x20, 0x74, 0x72, 0x75
.byte 0x65, 0x3b, 0x0d, 0x0a, 0x20, 0x20, 0x20, 0x20, 0x20, 0x20, 0x6d, 0x65, 0x6d, 0x6f, 0x72, 0x79
.byte 0x43, 0x6f, 0x6e, 0x74, 0x65, 0x6e, 0x74, 0x73, 0x5b, 0x66, 0x69, 0x6c, 0x65, 0x2e, 0x70, 0x61
.byte 0x74, 0x68, 0x5d, 0x20, 0x3d, 0x20, 0x61, 0x77, 0x61, 0x69, 0x74, 0x20, 0x72, 0x65, 0x73, 0x70
.byte 0x6f, 0x6e, 0x73, 0x65, 0x2e, 0x74, 0x65, 0x78, 0x74, 0x28, 0x29, 0x3b, 0x0d, 0x0a, 0x20, 0x20
.byte 0x20, 0x20, 0x7d, 0x0d, 0x0a, 0x20, 0x20, 0x20, 0x20, 0x72, 0x65, 0x6e, 0x64, 0x65, 0x72, 0x4d
.byte 0x65, 0x6d, 0x6f, 0x72, 0x79, 0x53, 0x74, 0x61, 0x74, 0x65, 0x28, 0x29, 0x3b, 0x0d, 0x0a, 0x20
.byte 0x20, 0x7d, 0x20, 0x63, 0x61, 0x74, 0x63, 0x68, 0x20, 0x28, 0x65, 0x72, 0x72, 0x29, 0x20, 0x7b
.byte 0x0d, 0x0a, 0x20, 0x20, 0x20, 0x20, 0x73, 0x68, 0x6f, 0x77, 0x42, 0x61, 0x6e, 0x6e, 0x65, 0x72
.byte 0x28, 0x22, 0x6d, 0x65, 0x6d, 0x6f, 0x72, 0x79, 0x42, 0x61, 0x6e, 0x6e, 0x65, 0x72, 0x22, 0x2c
.byte 0x20, 0x65, 0x72, 0x72, 0x2e, 0x6d, 0x65, 0x73, 0x73, 0x61, 0x67, 0x65, 0x20, 0x7c, 0x7c, 0x20
.byte 0x74, 0x28, 0x22, 0x6d, 0x65, 0x6d, 0x6f, 0x72, 0x79, 0x4c, 0x6f, 0x61, 0x64, 0x45, 0x72, 0x72
.byte 0x6f, 0x72, 0x22, 0x29, 0x2c, 0x20, 0x74, 0x72, 0x75, 0x65, 0x29, 0x3b, 0x0d, 0x0a, 0x20, 0x20
.byte 0x7d, 0x0d, 0x0a, 0x7d, 0x0d, 0x0a, 0x0d, 0x0a, 0x2f, 0x2a, 0x20, 0xe2, 0x95, 0x90, 0xe2, 0x95
.byte 0x90, 0xe2, 0x95, 0x90, 0xe2, 0x95, 0x90, 0xe2, 0x95, 0x90, 0xe2, 0x95, 0x90, 0xe2, 0x95, 0x90
.byte 0xe2, 0x95, 0x90, 0xe2, 0x95, 0x90, 0xe2, 0x95, 0x90, 0xe2, 0x95, 0x90, 0xe2, 0x95, 0x90, 0xe2
.byte 0x95, 0x90, 0xe2, 0x95, 0x90, 0xe2, 0x95, 0x90, 0xe2, 0x95, 0x90, 0xe2, 0x95, 0x90, 0xe2, 0x95
.byte 0x90, 0xe2, 0x95, 0x90, 0xe2, 0x95, 0x90, 0xe2, 0x95, 0x90, 0xe2, 0x95, 0x90, 0xe2, 0x95, 0x90
.byte 0xe2, 0x95, 0x90, 0xe2, 0x95, 0x90, 0xe2, 0x95, 0x90, 0xe2, 0x95, 0x90, 0xe2, 0x95, 0x90, 0xe2
.byte 0x95, 0x90, 0xe2, 0x95, 0x90, 0xe2, 0x95, 0x90, 0xe2, 0x95, 0x90, 0xe2, 0x95, 0x90, 0xe2, 0x95
.byte 0x90, 0xe2, 0x95, 0x90, 0xe2, 0x95, 0x90, 0xe2, 0x95, 0x90, 0xe2, 0x95, 0x90, 0xe2, 0x95, 0x90
.byte 0xe2, 0x95, 0x90, 0xe2, 0x95, 0x90, 0xe2, 0x95, 0x90, 0xe2, 0x95, 0x90, 0xe2, 0x95, 0x90, 0xe2
.byte 0x95, 0x90, 0xe2, 0x95, 0x90, 0xe2, 0x95, 0x90, 0xe2, 0x95, 0x90, 0xe2, 0x95, 0x90, 0xe2, 0x95
.byte 0x90, 0xe2, 0x95, 0x90, 0x0d, 0x0a, 0x20, 0x20, 0x20, 0x45, 0x76, 0x65, 0x6e, 0x74, 0x20, 0x62
.byte 0x69, 0x6e, 0x64, 0x69, 0x6e, 0x67, 0x0d, 0x0a, 0x20, 0x20, 0x20, 0xe2, 0x95, 0x90, 0xe2, 0x95
.byte 0x90, 0xe2, 0x95, 0x90, 0xe2, 0x95, 0x90, 0xe2, 0x95, 0x90, 0xe2, 0x95, 0x90, 0xe2, 0x95, 0x90
.byte 0xe2, 0x95, 0x90, 0xe2, 0x95, 0x90, 0xe2, 0x95, 0x90, 0xe2, 0x95, 0x90, 0xe2, 0x95, 0x90, 0xe2
.byte 0x95, 0x90, 0xe2, 0x95, 0x90, 0xe2, 0x95, 0x90, 0xe2, 0x95, 0x90, 0xe2, 0x95, 0x90, 0xe2, 0x95
.byte 0x90, 0xe2, 0x95, 0x90, 0xe2, 0x95, 0x90, 0xe2, 0x95, 0x90, 0xe2, 0x95, 0x90, 0xe2, 0x95, 0x90
.byte 0xe2, 0x95, 0x90, 0xe2, 0x95, 0x90, 0xe2, 0x95, 0x90, 0xe2, 0x95, 0x90, 0xe2, 0x95, 0x90, 0xe2
.byte 0x95, 0x90, 0xe2, 0x95, 0x90, 0xe2, 0x95, 0x90, 0xe2, 0x95, 0x90, 0xe2, 0x95, 0x90, 0xe2, 0x95
.byte 0x90, 0xe2, 0x95, 0x90, 0xe2, 0x95, 0x90, 0xe2, 0x95, 0x90, 0xe2, 0x95, 0x90, 0xe2, 0x95, 0x90
.byte 0xe2, 0x95, 0x90, 0xe2, 0x95, 0x90, 0xe2, 0x95, 0x90, 0xe2, 0x95, 0x90, 0xe2, 0x95, 0x90, 0xe2
.byte 0x95, 0x90, 0xe2, 0x95, 0x90, 0xe2, 0x95, 0x90, 0xe2, 0x95, 0x90, 0xe2, 0x95, 0x90, 0xe2, 0x95
.byte 0x90, 0xe2, 0x95, 0x90, 0x20, 0x2a, 0x2f, 0x0d, 0x0a, 0x0d, 0x0a, 0x66, 0x75, 0x6e, 0x63, 0x74
.byte 0x69, 0x6f, 0x6e, 0x20, 0x62, 0x69, 0x6e, 0x64, 0x45, 0x76, 0x65, 0x6e, 0x74, 0x73, 0x28, 0x29
.byte 0x20, 0x7b, 0x0d, 0x0a, 0x20, 0x20, 0x69, 0x6e, 0x69, 0x74, 0x54, 0x61, 0x62, 0x73, 0x28, 0x29
.byte 0x3b, 0x0d, 0x0a, 0x0d, 0x0a, 0x20, 0x20, 0x64, 0x6f, 0x63, 0x75, 0x6d, 0x65, 0x6e, 0x74, 0x2e
.byte 0x67, 0x65, 0x74, 0x45, 0x6c, 0x65, 0x6d, 0x65, 0x6e, 0x74, 0x42, 0x79, 0x49, 0x64, 0x28, 0x22
.byte 0x73, 0x61, 0x76, 0x65, 0x43, 0x6f, 0x6e, 0x66, 0x69, 0x67, 0x42, 0x75, 0x74, 0x74, 0x6f, 0x6e
.byte 0x22, 0x29, 0x2e, 0x61, 0x64, 0x64, 0x45, 0x76, 0x65, 0x6e, 0x74, 0x4c, 0x69, 0x73, 0x74, 0x65
.byte 0x6e, 0x65, 0x72, 0x28, 0x22, 0x63, 0x6c, 0x69, 0x63, 0x6b, 0x22, 0x2c, 0x20, 0x73, 0x61, 0x76
.byte 0x65, 0x43, 0x6f, 0x6e, 0x66, 0x69, 0x67, 0x29, 0x3b, 0x0d, 0x0a, 0x0d, 0x0a, 0x20, 0x20, 0x64
.byte 0x6f, 0x63, 0x75, 0x6d, 0x65, 0x6e, 0x74, 0x2e, 0x67, 0x65, 0x74, 0x45, 0x6c, 0x65, 0x6d, 0x65
.byte 0x6e, 0x74, 0x42, 0x79, 0x49, 0x64, 0x28, 0x22, 0x6c, 0x6c, 0x6d, 0x5f, 0x70, 0x72, 0x6f, 0x76
.byte 0x69, 0x64, 0x65, 0x72, 0x5f, 0x70, 0x72, 0x65, 0x73, 0x65, 0x74, 0x22, 0x29, 0x2e, 0x61, 0x64
.byte 0x64, 0x45, 0x76, 0x65, 0x6e, 0x74, 0x4c, 0x69, 0x73, 0x74, 0x65, 0x6e, 0x65, 0x72, 0x28, 0x22
.byte 0x63, 0x68, 0x61, 0x6e, 0x67, 0x65, 0x22, 0x2c, 0x20, 0x28, 0x65, 0x29, 0x20, 0x3d, 0x3e, 0x20
.byte 0x7b, 0x0d, 0x0a, 0x20, 0x20, 0x20, 0x20, 0x61, 0x70, 0x70, 0x6c, 0x79, 0x50, 0x72, 0x6f, 0x76
.byte 0x69, 0x64, 0x65, 0x72, 0x50, 0x72, 0x65, 0x73, 0x65, 0x74, 0x28, 0x65, 0x2e, 0x74, 0x61, 0x72
.byte 0x67, 0x65, 0x74, 0x2e, 0x76, 0x61, 0x6c, 0x75, 0x65, 0x29, 0x3b, 0x0d, 0x0a, 0x20, 0x20, 0x7d
.byte 0x29, 0x3b, 0x0d, 0x0a, 0x0d, 0x0a, 0x20, 0x20, 0x5b, 0x22, 0x6c, 0x6c, 0x6d, 0x5f, 0x62, 0x61
.byte 0x63, 0x6b, 0x65, 0x6e, 0x64, 0x5f, 0x74, 0x79, 0x70, 0x65, 0x22, 0x2c, 0x20, 0x22, 0x6c, 0x6c
.byte 0x6d, 0x5f, 0x70, 0x72, 0x6f, 0x66, 0x69, 0x6c, 0x65, 0x22, 0x2c, 0x20, 0x22, 0x6c, 0x6c, 0x6d
.byte 0x5f, 0x62, 0x61, 0x73, 0x65, 0x5f, 0x75, 0x72, 0x6c, 0x22, 0x2c, 0x20, 0x22, 0x6c, 0x6c, 0x6d
.byte 0x5f, 0x61, 0x75, 0x74, 0x68, 0x5f, 0x74, 0x79, 0x70, 0x65, 0x22, 0x5d, 0x2e, 0x66, 0x6f, 0x72
.byte 0x45, 0x61, 0x63, 0x68, 0x28, 0x0d, 0x0a, 0x20, 0x20, 0x20, 0x20, 0x28, 0x66, 0x69, 0x65, 0x6c
.byte 0x64, 0x29, 0x20, 0x3d, 0x3e, 0x20, 0x7b, 0x0d, 0x0a, 0x20, 0x20, 0x20, 0x20, 0x20, 0x20, 0x63
.byte 0x6f, 0x6e, 0x73, 0x74, 0x20, 0x69, 0x6e, 0x70, 0x75, 0x74, 0x20, 0x3d, 0x20, 0x64, 0x6f, 0x63
.byte 0x75, 0x6d, 0x65, 0x6e, 0x74, 0x2e, 0x67, 0x65, 0x74, 0x45, 0x6c, 0x65, 0x6d, 0x65, 0x6e, 0x74
.byte 0x42, 0x79, 0x49, 0x64, 0x28, 0x66, 0x69, 0x65, 0x6c, 0x64, 0x29, 0x3b, 0x0d, 0x0a, 0x20, 0x20
.byte 0x20, 0x20, 0x20, 0x20, 0x69, 0x66, 0x20, 0x28, 0x69, 0x6e, 0x70, 0x75, 0x74, 0x29, 0x20, 0x69
.byte 0x6e, 0x70, 0x75, 0x74, 0x2e, 0x61, 0x64, 0x64, 0x45, 0x76, 0x65, 0x6e, 0x74, 0x4c, 0x69, 0x73
.byte 0x74, 0x65, 0x6e, 0x65, 0x72, 0x28, 0x22, 0x69, 0x6e, 0x70, 0x75, 0x74, 0x22, 0x2c, 0x20, 0x73
.byte 0x79, 0x6e, 0x63, 0x50, 0x72, 0x6f, 0x76, 0x69, 0x64, 0x65, 0x72, 0x50, 0x72, 0x65, 0x73, 0x65
.byte 0x74, 0x29, 0x3b, 0x0d, 0x0a, 0x20, 0x20, 0x20, 0x20, 0x7d, 0x0d, 0x0a, 0x20, 0x20, 0x29, 0x3b
.byte 0x0d, 0x0a, 0x0d, 0x0a, 0x20, 0x20, 0x64, 0x6f, 0x63, 0x75, 0x6d, 0x65, 0x6e, 0x74, 0x0d, 0x0a
.byte 0x20, 0x20, 0x20, 0x20, 0x2e, 0x67, 0x65, 0x74, 0x45, 0x6c, 0x65, 0x6d, 0x65, 0x6e, 0x74, 0x42
.byte 0x79, 0x49, 0x64, 0x28, 0x22, 0x77, 0x65, 0x63, 0x68, 0x61, 0x74, 0x4c, 0x6f, 0x67, 0x69, 0x6e
.byte 0x53, 0x74, 0x61, 0x72, 0x74, 0x42, 0x75, 0x74, 0x74, 0x6f, 0x6e, 0x22, 0x29, 0x0d, 0x0a, 0x20
.byte 0x20, 0x20, 0x20, 0x2e, 0x61, 0x64, 0x64, 0x45, 0x76, 0x65, 0x6e, 0x74, 0x4c, 0x69, 0x73, 0x74
.byte 0x65, 0x6e, 0x65, 0x72, 0x28, 0x22, 0x63, 0x6c, 0x69, 0x63, 0x6b, 0x22, 0x2c, 0x20, 0x73, 0x74
.byte 0x61, 0x72, 0x74, 0x57, 0x65, 0x63, 0x68, 0x61, 0x74, 0x4c, 0x6f, 0x67, 0x69, 0x6e, 0x29, 0x3b
.byte 0x0d, 0x0a, 0x20, 0x20, 0x64, 0x6f, 0x63, 0x75, 0x6d, 0x65, 0x6e, 0x74, 0x0d, 0x0a, 0x20, 0x20
.byte 0x20, 0x20, 0x2e, 0x67, 0x65, 0x74, 0x45, 0x6c, 0x65, 0x6d, 0x65, 0x6e, 0x74, 0x42, 0x79, 0x49
.byte 0x64, 0x28, 0x22, 0x77, 0x65, 0x63, 0x68, 0x61, 0x74, 0x4c, 0x6f, 0x67, 0x69, 0x6e, 0x43, 0x61
.byte 0x6e, 0x63, 0x65, 0x6c, 0x42, 0x75, 0x74, 0x74, 0x6f, 0x6e, 0x22, 0x29, 0x0d, 0x0a, 0x20, 0x20
.byte 0x20, 0x20, 0x2e, 0x61, 0x64, 0x64, 0x45, 0x76, 0x65, 0x6e, 0x74, 0x4c, 0x69, 0x73, 0x74, 0x65
.byte 0x6e, 0x65, 0x72, 0x28, 0x22, 0x63, 0x6c, 0x69, 0x63, 0x6b, 0x22, 0x2c, 0x20, 0x63, 0x61, 0x6e
.byte 0x63, 0x65, 0x6c, 0x57, 0x65, 0x63, 0x68, 0x61, 0x74, 0x4c, 0x6f, 0x67, 0x69, 0x6e, 0x29, 0x3b
.byte 0x0d, 0x0a, 0x0d, 0x0a, 0x20, 0x20, 0x64, 0x6f, 0x63, 0x75, 0x6d, 0x65, 0x6e, 0x74, 0x2e, 0x67
.byte 0x65, 0x74, 0x45, 0x6c, 0x65, 0x6d, 0x65, 0x6e, 0x74, 0x42, 0x79, 0x49, 0x64, 0x28, 0x22, 0x72
.byte 0x65, 0x66, 0x72, 0x65, 0x73, 0x68, 0x46, 0x69, 0x6c, 0x65, 0x73, 0x42, 0x75, 0x74, 0x74, 0x6f
.byte 0x6e, 0x22, 0x29, 0x2e, 0x61, 0x64, 0x64, 0x45, 0x76, 0x65, 0x6e, 0x74, 0x4c, 0x69, 0x73, 0x74
.byte 0x65, 0x6e, 0x65, 0x72, 0x28, 0x22, 0x63, 0x6c, 0x69, 0x63, 0x6b, 0x22, 0x2c, 0x20, 0x28, 0x29
.byte 0x20, 0x3d, 0x3e, 0x0d, 0x0a, 0x20, 0x20, 0x20, 0x20, 0x6c, 0x6f, 0x61, 0x64, 0x46, 0x69, 0x6c
.byte 0x65, 0x73, 0x28, 0x29, 0x2e, 0x63, 0x61, 0x74, 0x63, 0x68, 0x28, 0x28, 0x65, 0x72, 0x72, 0x29
.byte 0x20, 0x3d, 0x3e, 0x20, 0x73, 0x68, 0x6f, 0x77, 0x42, 0x61, 0x6e, 0x6e, 0x65, 0x72, 0x28, 0x22
.byte 0x66, 0x69, 0x6c, 0x65, 0x42, 0x61, 0x6e, 0x6e, 0x65, 0x72, 0x22, 0x2c, 0x20, 0x65, 0x72, 0x72
.byte 0x2e, 0x6d, 0x65, 0x73, 0x73, 0x61, 0x67, 0x65, 0x2c, 0x20, 0x74, 0x72, 0x75, 0x65, 0x29, 0x29
.byte 0x0d, 0x0a, 0x20, 0x20, 0x29, 0x3b, 0x0d, 0x0a, 0x20, 0x20, 0x64, 0x6f, 0x63, 0x75, 0x6d, 0x65
.byte 0x6e, 0x74, 0x2e, 0x67, 0x65, 0x74, 0x45, 0x6c, 0x65, 0x6d, 0x65, 0x6e, 0x74, 0x42, 0x79, 0x49
.byte 0x64, 0x28, 0x22, 0x64, 0x65, 0x76, 0x4d, 0x6f, 0x64, 0x65, 0x42, 0x75, 0x74, 0x74, 0x6f, 0x6e
.byte 0x22, 0x29, 0x2e, 0x61, 0x64, 0x64, 0x45, 0x76, 0x65, 0x6e, 0x74, 0x4c, 0x69, 0x73, 0x74, 0x65
.byte 0x6e, 0x65, 0x72, 0x28, 0x22, 0x63, 0x6c, 0x69, 0x63, 0x6b, 0x22, 0x2c, 0x20, 0x28, 0x29, 0x20
.byte 0x3d, 0x3e, 0x20, 0x7b, 0x0d, 0x0a, 0x20, 0x20, 0x20, 0x20, 0x63, 0x6f, 0x6e, 0x73, 0x74, 0x20
.byte 0x6e, 0x65, 0x78, 0x74, 0x45, 0x6e, 0x61, 0x62, 0x6c, 0x65, 0x64, 0x20, 0x3d, 0x20, 0x21, 0x69
.byte 0x73, 0x46, 0x69, 0x6c, 0x65, 0x44, 0x65, 0x76, 0x4d, 0x6f, 0x64, 0x65, 0x45, 0x6e, 0x61, 0x62
.byte 0x6c, 0x65, 0x64, 0x28, 0x29, 0x3b, 0x0d, 0x0a, 0x20, 0x20, 0x20, 0x20, 0x69, 0x66, 0x20, 0x28
.byte 0x6e, 0x65, 0x78, 0x74, 0x45, 0x6e, 0x61, 0x62, 0x6c, 0x65, 0x64, 0x20, 0x26, 0x26, 0x20, 0x21
.byte 0x77, 0x69, 0x6e, 0x64, 0x6f, 0x77, 0x2e, 0x63, 0x6f, 0x6e, 0x66, 0x69, 0x72, 0x6d, 0x28, 0x74
.byte 0x28, 0x22, 0x66, 0x69, 0x6c, 0x65, 0x44, 0x65, 0x76, 0x4d, 0x6f, 0x64, 0x65, 0x43, 0x6f, 0x6e
.byte 0x66, 0x69, 0x72, 0x6d, 0x22, 0x29, 0x29, 0x29, 0x20, 0x7b, 0x0d, 0x0a, 0x20, 0x20, 0x20, 0x20
.byte 0x20, 0x20, 0x72, 0x65, 0x74, 0x75, 0x72, 0x6e, 0x3b, 0x0d, 0x0a, 0x20, 0x20, 0x20, 0x20, 0x7d
.byte 0x0d, 0x0a, 0x20, 0x20, 0x20, 0x20, 0x73, 0x65, 0x74, 0x46, 0x69, 0x6c, 0x65, 0x44, 0x65, 0x76
.byte 0x4d, 0x6f, 0x64, 0x65, 0x28, 0x6e, 0x65, 0x78, 0x74, 0x45, 0x6e, 0x61, 0x62, 0x6c, 0x65, 0x64
.byte 0x29, 0x3b, 0x0d, 0x0a, 0x20, 0x20, 0x7d, 0x29, 0x3b, 0x0d, 0x0a, 0x20, 0x20, 0x64, 0x6f, 0x63
.byte 0x75, 0x6d, 0x65, 0x6e, 0x74, 0x2e, 0x67, 0x65, 0x74, 0x45, 0x6c, 0x65, 0x6d, 0x65, 0x6e, 0x74
.byte 0x42, 0x79, 0x49, 0x64, 0x28, 0x22, 0x75, 0x70, 0x44, 0x69, 0x72, 0x42, 0x75, 0x74, 0x74, 0x6f
.byte 0x6e, 0x22, 0x29, 0x2e, 0x61, 0x64, 0x64, 0x45, 0x76, 0x65, 0x6e, 0x74, 0x4c, 0x69, 0x73, 0x74
.byte 0x65, 0x6e, 0x65, 0x72, 0x28, 0x22, 0x63, 0x6c, 0x69, 0x63, 0x6b, 0x22, 0x2c, 0x20, 0x28, 0x29
.byte 0x20, 0x3d, 0x3e, 0x20, 0x7b, 0x0d, 0x0a, 0x20, 0x20, 0x20, 0x20, 0x63, 0x75, 0x72, 0x72, 0x65
.byte 0x6e, 0x74, 0x50, 0x61, 0x74, 0x68, 0x20, 0x3d, 0x20, 0x70, 0x61, 0x72, 0x65, 0x6e, 0x74, 0x50
.byte 0x61, 0x74, 0x68, 0x28, 0x63, 0x75, 0x72, 0x72, 0x65, 0x6e, 0x74, 0x50, 0x61, 0x74, 0x68, 0x29
.byte 0x3b, 0x0d, 0x0a, 0x20, 0x20, 0x20, 0x20, 0x6c, 0x6f, 0x61, 0x64, 0x46, 0x69, 0x6c, 0x65, 0x73
.byte 0x28, 0x29, 0x2e, 0x63, 0x61, 0x74, 0x63, 0x68, 0x28, 0x28, 0x65, 0x72, 0x72, 0x29, 0x20, 0x3d
.byte 0x3e, 0x20, 0x73, 0x68, 0x6f, 0x77, 0x42, 0x61, 0x6e, 0x6e, 0x65, 0x72, 0x28, 0x22, 0x66, 0x69
.byte 0x6c, 0x65, 0x42, 0x61, 0x6e, 0x6e, 0x65, 0x72, 0x22, 0x2c, 0x20, 0x65, 0x72, 0x72, 0x2e, 0x6d
.byte 0x65, 0x73, 0x73, 0x61, 0x67, 0x65, 0x2c, 0x20, 0x74, 0x72, 0x75, 0x65, 0x29, 0x29, 0x3b, 0x0d
.byte 0x0a, 0x20, 0x20, 0x7d, 0x29, 0x3b, 0x0d, 0x0a, 0x20, 0x20, 0x64, 0x6f, 0x63, 0x75, 0x6d, 0x65
.byte 0x6e, 0x74, 0x2e, 0x67, 0x65, 0x74, 0x45, 0x6c, 0x65, 0x6d, 0x65, 0x6e, 0x74, 0x42, 0x79, 0x49
.byte 0x64, 0x28, 0x22, 0x75, 0x70, 0x6c, 0x6f, 0x61, 0x64, 0x42, 0x75, 0x74, 0x74, 0x6f, 0x6e, 0x22
.byte 0x29, 0x2e, 0x61, 0x64, 0x64, 0x45, 0x76, 0x65, 0x6e, 0x74, 0x4c, 0x69, 0x73, 0x74, 0x65, 0x6e
.byte 0x65, 0x72, 0x28, 0x22, 0x63, 0x6c, 0x69, 0x63, 0x6b, 0x22, 0x2c, 0x20, 0x75, 0x70, 0x6c, 0x6f
.byte 0x61, 0x64, 0x46, 0x69, 0x6c, 0x65, 0x29, 0x3b, 0x0d, 0x0a, 0x20, 0x20, 0x64, 0x6f, 0x63, 0x75
.byte 0x6d, 0x65, 0x6e, 0x74, 0x2e, 0x67, 0x65, 0x74, 0x45, 0x6c, 0x65, 0x6d, 0x65, 0x6e, 0x74, 0x42
.byte 0x79, 0x49, 0x64, 0x28, 0x22, 0x72, 0x65, 0x66, 0x72, 0x65, 0x73, 0x68, 0x4d, 0x65, 0x6d, 0x6f
.byte 0x72, 0x79, 0x42, 0x75, 0x74, 0x74, 0x6f, 0x6e, 0x22, 0x29, 0x2e, 0x61, 0x64, 0x64, 0x45, 0x76
.byte 0x65, 0x6e, 0x74, 0x4c, 0x69, 0x73, 0x74, 0x65, 0x6e, 0x65, 0x72, 0x28, 0x22, 0x63, 0x6c, 0x69
.byte 0x63, 0x6b, 0x22, 0x2c, 0x20, 0x72, 0x65, 0x66, 0x72, 0x65, 0x73, 0x68, 0x4d, 0x65, 0x6d, 0x6f
.byte 0x72, 0x79, 0x29, 0x3b, 0x0d, 0x0a, 0x20, 0x20, 0x64, 0x6f, 0x63, 0x75, 0x6d, 0x65, 0x6e, 0x74
.byte 0x2e, 0x71, 0x75, 0x65, 0x72, 0x79, 0x53, 0x65, 0x6c, 0x65, 0x63, 0x74, 0x6f, 0x72, 0x41, 0x6c
.byte 0x6c, 0x28, 0x22, 0x2e, 0x6d, 0x65, 0x6d, 0x6f, 0x72, 0x79, 0x2d, 0x72, 0x65, 0x66, 0x72, 0x65
.byte 0x73, 0x68, 0x2d, 0x62, 0x74, 0x6e, 0x22, 0x29, 0x2e, 0x66, 0x6f, 0x72, 0x45, 0x61, 0x63, 0x68
.byte 0x28, 0x28, 0x62, 0x75, 0x74, 0x74, 0x6f, 0x6e, 0x29, 0x20, 0x3d, 0x3e, 0x20, 0x7b, 0x0d, 0x0a
.byte 0x20, 0x20, 0x20, 0x20, 0x62, 0x75, 0x74, 0x74, 0x6f, 0x6e, 0x2e, 0x61, 0x64, 0x64, 0x45, 0x76
.byte 0x65, 0x6e, 0x74, 0x4c, 0x69, 0x73, 0x74, 0x65, 0x6e, 0x65, 0x72, 0x28, 0x22, 0x63, 0x6c, 0x69
.byte 0x63, 0x6b, 0x22, 0x2c, 0x20, 0x28, 0x29, 0x20, 0x3d, 0x3e, 0x20, 0x72, 0x65, 0x66, 0x72, 0x65
.byte 0x73, 0x68, 0x4d, 0x65, 0x6d, 0x6f, 0x72, 0x79, 0x46, 0x69, 0x6c, 0x65, 0x28, 0x62, 0x75, 0x74
.byte 0x74, 0x6f, 0x6e, 0x2e, 0x64, 0x61, 0x74, 0x61, 0x73, 0x65, 0x74, 0x2e, 0x70, 0x61, 0x74, 0x68
.byte 0x29, 0x29, 0x3b, 0x0d, 0x0a, 0x20, 0x20, 0x7d, 0x29, 0x3b, 0x0d, 0x0a, 0x20, 0x20, 0x64, 0x6f
.byte 0x63, 0x75, 0x6d, 0x65, 0x6e, 0x74, 0x2e, 0x71, 0x75, 0x65, 0x72, 0x79, 0x53, 0x65, 0x6c, 0x65
.byte 0x63, 0x74, 0x6f, 0x72, 0x41, 0x6c, 0x6c, 0x28, 0x22, 0x2e, 0x6d, 0x65, 0x6d, 0x6f, 0x72, 0x79
.byte 0x2d, 0x65, 0x64, 0x69, 0x74, 0x2d, 0x62, 0x74, 0x6e, 0x22, 0x29, 0x2e, 0x66, 0x6f, 0x72, 0x45
.byte 0x61, 0x63, 0x68, 0x28, 0x28, 0x62, 0x75, 0x74, 0x74, 0x6f, 0x6e, 0x29, 0x20, 0x3d, 0x3e, 0x20
.byte 0x7b, 0x0d, 0x0a, 0x20, 0x20, 0x20, 0x20, 0x62, 0x75, 0x74, 0x74, 0x6f, 0x6e, 0x2e, 0x61, 0x64
.byte 0x64, 0x45, 0x76, 0x65, 0x6e, 0x74, 0x4c, 0x69, 0x73, 0x74, 0x65, 0x6e, 0x65, 0x72, 0x28, 0x22
.byte 0x63, 0x6c, 0x69, 0x63, 0x6b, 0x22, 0x2c, 0x20, 0x28, 0x29, 0x20, 0x3d, 0x3e, 0x20, 0x7b, 0x0d
.byte 0x0a, 0x20, 0x20, 0x20, 0x20, 0x20, 0x20, 0x6f, 0x70, 0x65, 0x6e, 0x4d, 0x65, 0x6d, 0x6f, 0x72
.byte 0x79, 0x45, 0x64, 0x69, 0x74, 0x6f, 0x72, 0x28, 0x62, 0x75, 0x74, 0x74, 0x6f, 0x6e, 0x2e, 0x64
.byte 0x61, 0x74, 0x61, 0x73, 0x65, 0x74, 0x2e, 0x70, 0x61, 0x74, 0x68, 0x29, 0x2e, 0x63, 0x61, 0x74
.byte 0x63, 0x68, 0x28, 0x28, 0x65, 0x72, 0x72, 0x29, 0x20, 0x3d, 0x3e, 0x0d, 0x0a, 0x20, 0x20, 0x20
.byte 0x20, 0x20, 0x20, 0x20, 0x20, 0x73, 0x68, 0x6f, 0x77, 0x42, 0x61, 0x6e, 0x6e, 0x65, 0x72, 0x28
.byte 0x22, 0x6d, 0x65, 0x6d, 0x6f, 0x72, 0x79, 0x42, 0x61, 0x6e, 0x6e, 0x65, 0x72, 0x22, 0x2c, 0x20
.byte 0x65, 0x72, 0x72, 0x2e, 0x6d, 0x65, 0x73, 0x73, 0x61, 0x67, 0x65, 0x20, 0x7c, 0x7c, 0x20, 0x74
.byte 0x28, 0x22, 0x66, 0x69, 0x6c, 0x65, 0x45, 0x64, 0x69, 0x74, 0x6f, 0x72, 0x4c, 0x6f, 0x61, 0x64
.byte 0x45, 0x72, 0x72, 0x6f, 0x72, 0x22, 0x29, 0x2c, 0x20, 0x74, 0x72, 0x75, 0x65, 0x29, 0x0d, 0x0a
.byte 0x20, 0x20, 0x20, 0x20, 0x20, 0x20, 0x29, 0x3b, 0x0d, 0x0a, 0x20, 0x20, 0x20, 0x20, 0x7d, 0x29
.byte 0x3b, 0x0d, 0x0a, 0x20, 0x20, 0x7d, 0x29, 0x3b, 0x0d, 0x0a, 0x20, 0x20, 0x64, 0x6f, 0x63, 0x75
.byte 0x6d, 0x65, 0x6e, 0x74, 0x0d, 0x0a, 0x20, 0x20, 0x20, 0x20, 0x2e, 0x67, 0x65, 0x74, 0x45, 0x6c
.byte 0x65, 0x6d, 0x65, 0x6e, 0x74, 0x42, 0x79, 0x49, 0x64, 0x28, 0x22, 0x63, 0x6c, 0x6f, 0x73, 0x65
.byte 0x46, 0x69, 0x6c, 0x65, 0x45, 0x64, 0x69, 0x74, 0x6f, 0x72, 0x42, 0x75, 0x74, 0x74, 0x6f, 0x6e
.byte 0x22, 0x29, 0x0d, 0x0a, 0x20, 0x20, 0x20, 0x20, 0x2e, 0x61, 0x64, 0x64, 0x45, 0x76, 0x65, 0x6e
.byte 0x74, 0x4c, 0x69, 0x73, 0x74, 0x65, 0x6e, 0x65, 0x72, 0x28, 0x22, 0x63, 0x6c, 0x69, 0x63, 0x6b
.byte 0x22, 0x2c, 0x20, 0x63, 0x6c, 0x6f, 0x73, 0x65, 0x46, 0x69, 0x6c, 0x65, 0x45, 0x64, 0x69, 0x74
.byte 0x6f, 0x72, 0x4d, 0x6f, 0x64, 0x61, 0x6c, 0x29, 0x3b, 0x0d, 0x0a, 0x20, 0x20, 0x64, 0x6f, 0x63
.byte 0x75, 0x6d, 0x65, 0x6e, 0x74, 0x0d, 0x0a, 0x20, 0x20, 0x20, 0x20, 0x2e, 0x67, 0x65, 0x74, 0x45
.byte 0x6c, 0x65, 0x6d, 0x65, 0x6e, 0x74, 0x42, 0x79, 0x49, 0x64, 0x28, 0x22, 0x72, 0x65, 0x66, 0x72
.byte 0x65, 0x73, 0x68, 0x46, 0x69, 0x6c, 0x65, 0x45, 0x64, 0x69, 0x74, 0x6f, 0x72, 0x42, 0x75, 0x74
.byte 0x74, 0x6f, 0x6e, 0x22, 0x29, 0x0d, 0x0a, 0x20, 0x20, 0x20, 0x20, 0x2e, 0x61, 0x64, 0x64, 0x45
.byte 0x76, 0x65, 0x6e, 0x74, 0x4c, 0x69, 0x73, 0x74, 0x65, 0x6e, 0x65, 0x72, 0x28, 0x22, 0x63, 0x6c
.byte 0x69, 0x63, 0x6b, 0x22, 0x2c, 0x20, 0x72, 0x65, 0x66, 0x72, 0x65, 0x73, 0x68, 0x46, 0x69, 0x6c
.byte 0x65, 0x45, 0x64, 0x69, 0x74, 0x6f, 0x72, 0x29, 0x3b, 0x0d, 0x0a, 0x20, 0x20, 0x64, 0x6f, 0x63
.byte 0x75, 0x6d, 0x65, 0x6e, 0x74, 0x0d, 0x0a, 0x20, 0x20, 0x20, 0x20, 0x2e, 0x67, 0x65, 0x74, 0x45
.byte 0x6c, 0x65, 0x6d, 0x65, 0x6e, 0x74, 0x42, 0x79, 0x49, 0x64, 0x28, 0x22, 0x73, 0x61, 0x76, 0x65
.byte 0x46, 0x69, 0x6c, 0x65, 0x45, 0x64, 0x69, 0x74, 0x6f, 0x72, 0x42, 0x75, 0x74, 0x74, 0x6f, 0x6e
.byte 0x22, 0x29, 0x0d, 0x0a, 0x20, 0x20, 0x20, 0x20, 0x2e, 0x61, 0x64, 0x64, 0x45, 0x76, 0x65, 0x6e
.byte 0x74, 0x4c, 0x69, 0x73, 0x74, 0x65, 0x6e, 0x65, 0x72, 0x28, 0x22, 0x63, 0x6c, 0x69, 0x63, 0x6b
.byte 0x22, 0x2c, 0x20, 0x73, 0x61, 0x76, 0x65, 0x46, 0x69, 0x6c, 0x65, 0x45, 0x64, 0x69, 0x74, 0x6f
.byte 0x72, 0x29, 0x3b, 0x0d, 0x0a, 0x20, 0x20, 0x64, 0x6f, 0x63, 0x75, 0x6d, 0x65, 0x6e, 0x74, 0x2e
.byte 0x67, 0x65, 0x74, 0x45, 0x6c, 0x65, 0x6d, 0x65, 0x6e, 0x74, 0x42, 0x79, 0x49, 0x64, 0x28, 0x22
.byte 0x66, 0x69, 0x6c, 0x65, 0x45, 0x64, 0x69, 0x74, 0x6f, 0x72, 0x4d, 0x6f, 0x64, 0x61, 0x6c, 0x22
.byte 0x29, 0x2e, 0x61, 0x64, 0x64, 0x45, 0x76, 0x65, 0x6e, 0x74, 0x4c, 0x69, 0x73, 0x74, 0x65, 0x6e
.byte 0x65, 0x72, 0x28, 0x22, 0x63, 0x6c, 0x69, 0x63, 0x6b, 0x22, 0x2c, 0x20, 0x28, 0x65, 0x29, 0x20
.byte 0x3d, 0x3e, 0x20, 0x7b, 0x0d, 0x0a, 0x20, 0x20, 0x20, 0x20, 0x69, 0x66, 0x20, 0x28, 0x65, 0x2e
.byte 0x74, 0x61, 0x72, 0x67, 0x65, 0x74, 0x2e, 0x69, 0x64, 0x20, 0x3d, 0x3d, 0x3d, 0x20, 0x22, 0x66
.byte 0x69, 0x6c, 0x65, 0x45, 0x64, 0x69, 0x74, 0x6f, 0x72, 0x4d, 0x6f, 0x64, 0x61, 0x6c, 0x22, 0x29
.byte 0x20, 0x7b, 0x0d, 0x0a, 0x20, 0x20, 0x20, 0x20, 0x20, 0x20, 0x63, 0x6c, 0x6f, 0x73, 0x65, 0x46
.byte 0x69, 0x6c, 0x65, 0x45, 0x64, 0x69, 0x74, 0x6f, 0x72, 0x4d, 0x6f, 0x64, 0x61, 0x6c, 0x28, 0x29
.byte 0x3b, 0x0d, 0x0a, 0x20, 0x20, 0x20, 0x20, 0x7d, 0x0d, 0x0a, 0x20, 0x20, 0x7d, 0x29, 0x3b, 0x0d
.byte 0x0a, 0x20, 0x20, 0x64, 0x6f, 0x63, 0x75, 0x6d, 0x65, 0x6e, 0x74, 0x2e, 0x67, 0x65, 0x74, 0x45
.byte 0x6c, 0x65, 0x6d, 0x65, 0x6e, 0x74, 0x42, 0x79, 0x49, 0x64, 0x28, 0x22, 0x63, 0x68, 0x6f, 0x6f
.byte 0x73, 0x65, 0x46, 0x69, 0x6c, 0x65, 0x42, 0x75, 0x74, 0x74, 0x6f, 0x6e, 0x22, 0x29, 0x2e, 0x61
.byte 0x64, 0x64, 0x45, 0x76, 0x65, 0x6e, 0x74, 0x4c, 0x69, 0x73, 0x74, 0x65, 0x6e, 0x65, 0x72, 0x28
.byte 0x22, 0x63, 0x6c, 0x69, 0x63, 0x6b, 0x22, 0x2c, 0x20, 0x28, 0x29, 0x20, 0x3d, 0x3e, 0x20, 0x7b
.byte 0x0d, 0x0a, 0x20, 0x20, 0x20, 0x20, 0x64, 0x6f, 0x63, 0x75, 0x6d, 0x65, 0x6e, 0x74, 0x2e, 0x67
.byte 0x65, 0x74, 0x45, 0x6c, 0x65, 0x6d, 0x65, 0x6e, 0x74, 0x42, 0x79, 0x49, 0x64, 0x28, 0x22, 0x75
.byte 0x70, 0x6c, 0x6f, 0x61, 0x64, 0x46, 0x69, 0x6c, 0x65, 0x49, 0x6e, 0x70, 0x75, 0x74, 0x22, 0x29
.byte 0x2e, 0x63, 0x6c, 0x69, 0x63, 0x6b, 0x28, 0x29, 0x3b, 0x0d, 0x0a, 0x20, 0x20, 0x7d, 0x29, 0x3b
.byte 0x0d, 0x0a, 0x20, 0x20, 0x64, 0x6f, 0x63, 0x75, 0x6d, 0x65, 0x6e, 0x74, 0x2e, 0x67, 0x65, 0x74
.byte 0x45, 0x6c, 0x65, 0x6d, 0x65, 0x6e, 0x74, 0x42, 0x79, 0x49, 0x64, 0x28, 0x22, 0x63, 0x72, 0x65
.byte 0x61, 0x74, 0x65, 0x46, 0x6f, 0x6c, 0x64, 0x65, 0x72, 0x42, 0x75, 0x74, 0x74, 0x6f, 0x6e, 0x22
.byte 0x29, 0x2e, 0x61, 0x64, 0x64, 0x45, 0x76, 0x65, 0x6e, 0x74, 0x4c, 0x69, 0x73, 0x74, 0x65, 0x6e
.byte 0x65, 0x72, 0x28, 0x22, 0x63, 0x6c, 0x69, 0x63, 0x6b, 0x22, 0x2c, 0x20, 0x63, 0x72, 0x65, 0x61
.byte 0x74, 0x65, 0x46, 0x6f, 0x6c, 0x64, 0x65, 0x72, 0x29, 0x3b, 0x0d, 0x0a, 0x20, 0x20, 0x64, 0x6f
.byte 0x63, 0x75, 0x6d, 0x65, 0x6e, 0x74, 0x2e, 0x67, 0x65, 0x74, 0x45, 0x6c, 0x65, 0x6d, 0x65, 0x6e
.byte 0x74, 0x42, 0x79, 0x49, 0x64, 0x28, 0x22, 0x75, 0x70, 0x6c, 0x6f, 0x61, 0x64, 0x46, 0x69, 0x6c
.byte 0x65, 0x49, 0x6e, 0x70, 0x75, 0x74, 0x22, 0x29, 0x2e, 0x61, 0x64, 0x64, 0x45, 0x76, 0x65, 0x6e
.byte 0x74, 0x4c, 0x69, 0x73, 0x74, 0x65, 0x6e, 0x65, 0x72, 0x28, 0x22, 0x63, 0x68, 0x61, 0x6e, 0x67
.byte 0x65, 0x22, 0x2c, 0x20, 0x28, 0x65, 0x29, 0x20, 0x3d, 0x3e, 0x20, 0x7b, 0x0d, 0x0a, 0x20, 0x20
.byte 0x20, 0x20, 0x63, 0x6f, 0x6e, 0x73, 0x74, 0x20, 0x66, 0x69, 0x6c, 0x65, 0x20, 0x3d, 0x20, 0x65
.byte 0x2e, 0x74, 0x61, 0x72, 0x67, 0x65, 0x74, 0x2e, 0x66, 0x69, 0x6c, 0x65, 0x73, 0x5b, 0x30, 0x5d
.byte 0x3b, 0x0d, 0x0a, 0x20, 0x20, 0x20, 0x20, 0x63, 0x6f, 0x6e, 0x73, 0x74, 0x20, 0x6e, 0x61, 0x6d
.byte 0x65, 0x53, 0x70, 0x61, 0x6e, 0x20, 0x3d, 0x20, 0x64, 0x6f, 0x63, 0x75, 0x6d, 0x65, 0x6e, 0x74
.byte 0x2e, 0x67, 0x65, 0x74, 0x45, 0x6c, 0x65, 0x6d, 0x65, 0x6e, 0x74, 0x42, 0x79, 0x49, 0x64, 0x28
.byte 0x22, 0x73, 0x65, 0x6c, 0x65, 0x63, 0x74, 0x65, 0x64, 0x46, 0x69, 0x6c, 0x65, 0x4e, 0x61, 0x6d
.byte 0x65, 0x22, 0x29, 0x3b, 0x0d, 0x0a, 0x20, 0x20, 0x20, 0x20, 0x69, 0x66, 0x20, 0x28, 0x66, 0x69
.byte 0x6c, 0x65, 0x29, 0x20, 0x7b, 0x0d, 0x0a, 0x20, 0x20, 0x20, 0x20, 0x20, 0x20, 0x64, 0x6f, 0x63
.byte 0x75, 0x6d, 0x65, 0x6e, 0x74, 0x2e, 0x67, 0x65, 0x74, 0x45, 0x6c, 0x65, 0x6d, 0x65, 0x6e, 0x74
.byte 0x42, 0x79, 0x49, 0x64, 0x28, 0x22, 0x75, 0x70, 0x6c, 0x6f, 0x61, 0x64, 0x50, 0x61, 0x74, 0x68
.byte 0x49, 0x6e, 0x70, 0x75, 0x74, 0x22, 0x29, 0x2e, 0x76, 0x61, 0x6c, 0x75, 0x65, 0x20, 0x3d, 0x20
.byte 0x6a, 0x6f, 0x69, 0x6e, 0x50, 0x61, 0x74, 0x68, 0x28, 0x0d, 0x0a, 0x20, 0x20, 0x20, 0x20, 0x20
.byte 0x20, 0x20, 0x20, 0x63, 0x75, 0x72, 0x72, 0x65, 0x6e, 0x74, 0x50, 0x61, 0x74, 0x68, 0x2c, 0x0d
.byte 0x0a, 0x20, 0x20, 0x20, 0x20, 0x20, 0x20, 0x20, 0x20, 0x66, 0x69, 0x6c, 0x65, 0x2e, 0x6e, 0x61
.byte 0x6d, 0x65, 0x0d, 0x0a, 0x20, 0x20, 0x20, 0x20, 0x20, 0x20, 0x29, 0x3b, 0x0d, 0x0a, 0x20, 0x20
.byte 0x20, 0x20, 0x20, 0x20, 0x6e, 0x61, 0x6d, 0x65, 0x53, 0x70, 0x61, 0x6e, 0x2e, 0x74, 0x65, 0x78
.byte 0x74, 0x43, 0x6f, 0x6e, 0x74, 0x65, 0x6e, 0x74, 0x20, 0x3d, 0x20, 0x66, 0x69, 0x6c, 0x65, 0x2e
.byte 0x6e, 0x61, 0x6d, 0x65, 0x3b, 0x0d, 0x0a, 0x20, 0x20, 0x20, 0x20, 0x7d, 0x20, 0x65, 0x6c, 0x73
.byte 0x65, 0x20, 0x7b, 0x0d, 0x0a, 0x20, 0x20, 0x20, 0x20, 0x20, 0x20, 0x6e, 0x61, 0x6d, 0x65, 0x53
.byte 0x70, 0x61, 0x6e, 0x2e, 0x74, 0x65, 0x78, 0x74, 0x43, 0x6f, 0x6e, 0x74, 0x65, 0x6e, 0x74, 0x20
.byte 0x3d, 0x20, 0x74, 0x28, 0x22, 0x66, 0x69, 0x6c, 0x65, 0x4e, 0x6f, 0x46, 0x69, 0x6c, 0x65, 0x53
.byte 0x65, 0x6c, 0x65, 0x63, 0x74, 0x65, 0x64, 0x22, 0x29, 0x3b, 0x0d, 0x0a, 0x20, 0x20, 0x20, 0x20
.byte 0x7d, 0x0d, 0x0a, 0x20, 0x20, 0x7d, 0x29, 0x3b, 0x0d, 0x0a, 0x7d, 0x0d, 0x0a, 0x0d, 0x0a, 0x2f
.byte 0x2a, 0x20, 0xe2, 0x95, 0x90, 0xe2, 0x95, 0x90, 0xe2, 0x95, 0x90, 0xe2, 0x95, 0x90, 0xe2, 0x95
.byte 0x90, 0xe2, 0x95, 0x90, 0xe2, 0x95, 0x90, 0xe2, 0x95, 0x90, 0xe2, 0x95, 0x90, 0xe2, 0x95, 0x90
.byte 0xe2, 0x95, 0x90, 0xe2, 0x95, 0x90, 0xe2, 0x95, 0x90, 0xe2, 0x95, 0x90, 0xe2, 0x95, 0x90, 0xe2
.byte 0x95, 0x90, 0xe2, 0x95, 0x90, 0xe2, 0x95, 0x90, 0xe2, 0x95, 0x90, 0xe2, 0x95, 0x90, 0xe2, 0x95
.byte 0x90, 0xe2, 0x95, 0x90, 0xe2, 0x95, 0x90, 0xe2, 0x95, 0x90, 0xe2, 0x95, 0x90, 0xe2, 0x95, 0x90
.byte 0xe2, 0x95, 0x90, 0xe2, 0x95, 0x90, 0xe2, 0x95, 0x90, 0xe2, 0x95, 0x90, 0xe2, 0x95, 0x90, 0xe2
.byte 0x95, 0x90, 0xe2, 0x95, 0x90, 0xe2, 0x95, 0x90, 0xe2, 0x95, 0x90, 0xe2, 0x95, 0x90, 0xe2, 0x95
.byte 0x90, 0xe2, 0x95, 0x90, 0xe2, 0x95, 0x90, 0xe2, 0x95, 0x90, 0xe2, 0x95, 0x90, 0xe2, 0x95, 0x90
.byte 0xe2, 0x95, 0x90, 0xe2, 0x95, 0x90, 0xe2, 0x95, 0x90, 0xe2, 0x95, 0x90, 0xe2, 0x95, 0x90, 0xe2
.byte 0x95, 0x90, 0xe2, 0x95, 0x90, 0xe2, 0x95, 0x90, 0xe2, 0x95, 0x90, 0x0d, 0x0a, 0x20, 0x20, 0x20
.byte 0x42, 0x6f, 0x6f, 0x74, 0x73, 0x74, 0x72, 0x61, 0x70, 0x0d, 0x0a, 0x20, 0x20, 0x20, 0xe2, 0x95
.byte 0x90, 0xe2, 0x95, 0x90, 0xe2, 0x95, 0x90, 0xe2, 0x95, 0x90, 0xe2, 0x95, 0x90, 0xe2, 0x95, 0x90
.byte 0xe2, 0x95, 0x90, 0xe2, 0x95, 0x90, 0xe2, 0x95, 0x90, 0xe2, 0x95, 0x90, 0xe2, 0x95, 0x90, 0xe2
.byte 0x95, 0x90, 0xe2, 0x95, 0x90, 0xe2, 0x95, 0x90, 0xe2, 0x95, 0x90, 0xe2, 0x95, 0x90, 0xe2, 0x95
.byte 0x90, 0xe2, 0x95, 0x90, 0xe2, 0x95, 0x90, 0xe2, 0x95, 0x90, 0xe2, 0x95, 0x90, 0xe2, 0x95, 0x90
.byte 0xe2, 0x95, 0x90, 0xe2, 0x95, 0x90, 0xe2, 0x95, 0x90, 0xe2, 0x95, 0x90, 0xe2, 0x95, 0x90, 0xe2
.byte 0x95, 0x90, 0xe2, 0x95, 0x90, 0xe2, 0x95, 0x90, 0xe2, 0x95, 0x90, 0xe2, 0x95, 0x90, 0xe2, 0x95
.byte 0x90, 0xe2, 0x95, 0x90, 0xe2, 0x95, 0x90, 0xe2, 0x95, 0x90, 0xe2, 0x95, 0x90, 0xe2, 0x95, 0x90
.byte 0xe2, 0x95, 0x90, 0xe2, 0x95, 0x90, 0xe2, 0x95, 0x90, 0xe2, 0x95, 0x90, 0xe2, 0x95, 0x90, 0xe2
.byte 0x95, 0x90, 0xe2, 0x95, 0x90, 0xe2, 0x95, 0x90, 0xe2, 0x95, 0x90, 0xe2, 0x95, 0x90, 0xe2, 0x95
.byte 0x90, 0xe2, 0x95, 0x90, 0xe2, 0x95, 0x90, 0x20, 0x2a, 0x2f, 0x0d, 0x0a, 0x0d, 0x0a, 0x61, 0x73
.byte 0x79, 0x6e, 0x63, 0x20, 0x66, 0x75, 0x6e, 0x63, 0x74, 0x69, 0x6f, 0x6e, 0x20, 0x62, 0x6f, 0x6f
.byte 0x74, 0x73, 0x74, 0x72, 0x61, 0x70, 0x28, 0x29, 0x20, 0x7b, 0x0d, 0x0a, 0x20, 0x20, 0x66, 0x69
.byte 0x6c, 0x65, 0x44, 0x65, 0x76, 0x4d, 0x6f, 0x64, 0x65, 0x45, 0x6e, 0x61, 0x62, 0x6c, 0x65, 0x64
.byte 0x20, 0x3d, 0x20, 0x66, 0x61, 0x6c, 0x73, 0x65, 0x3b, 0x0d, 0x0a, 0x20, 0x20, 0x63, 0x75, 0x72
.byte 0x72, 0x65, 0x6e, 0x74, 0x4c, 0x61, 0x6e, 0x67, 0x20, 0x3d, 0x20, 0x64, 0x65, 0x74, 0x65, 0x63
.byte 0x74, 0x4c, 0x61, 0x6e, 0x67, 0x28, 0x29, 0x3b, 0x0d, 0x0a, 0x20, 0x20, 0x61, 0x70, 0x70, 0x6c
.byte 0x79, 0x49, 0x31, 0x38, 0x6e, 0x28, 0x29, 0x3b, 0x0d, 0x0a, 0x20, 0x20, 0x62, 0x75, 0x69, 0x6c
.byte 0x64, 0x4c, 0x6f, 0x63, 0x61, 0x6c, 0x65, 0x4d, 0x65, 0x6e, 0x75, 0x28, 0x29, 0x3b, 0x0d, 0x0a
.byte 0x20, 0x20, 0x62, 0x69, 0x6e, 0x64, 0x45, 0x76, 0x65, 0x6e, 0x74, 0x73, 0x28, 0x29, 0x3b, 0x0d
.byte 0x0a, 0x20, 0x20, 0x75, 0x70, 0x64, 0x61, 0x74, 0x65, 0x46, 0x69, 0x6c, 0x65, 0x44, 0x65, 0x76
.byte 0x4d, 0x6f, 0x64, 0x65, 0x55, 0x49, 0x28, 0x29, 0x3b, 0x0d, 0x0a, 0x0d, 0x0a, 0x20, 0x20, 0x74
.byte 0x72, 0x79, 0x20, 0x7b, 0x0d, 0x0a, 0x20, 0x20, 0x20, 0x20, 0x61, 0x77, 0x61, 0x69, 0x74, 0x20
.byte 0x6c, 0x6f, 0x61, 0x64, 0x53, 0x74, 0x61, 0x74, 0x75, 0x73, 0x28, 0x29, 0x3b, 0x0d, 0x0a, 0x20
.byte 0x20, 0x7d, 0x20, 0x63, 0x61, 0x74, 0x63, 0x68, 0x20, 0x28, 0x65, 0x72, 0x72, 0x29, 0x20, 0x7b
.byte 0x0d, 0x0a, 0x20, 0x20, 0x20, 0x20, 0x73, 0x68, 0x6f, 0x77, 0x42, 0x61, 0x6e, 0x6e, 0x65, 0x72
.byte 0x28, 0x22, 0x63, 0x6f, 0x6e, 0x66, 0x69, 0x67, 0x42, 0x61, 0x6e, 0x6e, 0x65, 0x72, 0x22, 0x2c
.byte 0x20, 0x65, 0x72, 0x72, 0x2e, 0x6d, 0x65, 0x73, 0x73, 0x61, 0x67, 0x65, 0x20, 0x7c, 0x7c, 0x20
.byte 0x22, 0x46, 0x61, 0x69, 0x6c, 0x65, 0x64, 0x20, 0x74, 0x6f, 0x20, 0x6c, 0x6f, 0x61, 0x64, 0x20
.byte 0x64, 0x65, 0x76, 0x69, 0x63, 0x65, 0x20, 0x73, 0x74, 0x61, 0x74, 0x75, 0x73, 0x22, 0x2c, 0x20
.byte 0x74, 0x72, 0x75, 0x65, 0x29, 0x3b, 0x0d, 0x0a, 0x20, 0x20, 0x7d, 0x0d, 0x0a, 0x0d, 0x0a, 0x20
.byte 0x20, 0x74, 0x72, 0x79, 0x20, 0x7b, 0x0d, 0x0a, 0x20, 0x20, 0x20, 0x20, 0x61, 0x77, 0x61, 0x69
.byte 0x74, 0x20, 0x6c, 0x6f, 0x61, 0x64, 0x43, 0x6f, 0x6e, 0x66, 0x69, 0x67, 0x28, 0x29, 0x3b, 0x0d
.byte 0x0a, 0x20, 0x20, 0x7d, 0x20, 0x63, 0x61, 0x74, 0x63, 0x68, 0x20, 0x28, 0x65, 0x72, 0x72, 0x29
.byte 0x20, 0x7b, 0x0d, 0x0a, 0x20, 0x20, 0x20, 0x20, 0x73, 0x68, 0x6f, 0x77, 0x42, 0x61, 0x6e, 0x6e
.byte 0x65, 0x72, 0x28, 0x22, 0x63, 0x6f, 0x6e, 0x66, 0x69, 0x67, 0x42, 0x61, 0x6e, 0x6e, 0x65, 0x72
.byte 0x22, 0x2c, 0x20, 0x65, 0x72, 0x72, 0x2e, 0x6d, 0x65, 0x73, 0x73, 0x61, 0x67, 0x65, 0x20, 0x7c
.byte 0x7c, 0x20, 0x22, 0x46, 0x61, 0x69, 0x6c, 0x65, 0x64, 0x20, 0x74, 0x6f, 0x20, 0x6c, 0x6f, 0x61
.byte 0x64, 0x20, 0x73, 0x65, 0x74, 0x74, 0x69, 0x6e, 0x67, 0x73, 0x22, 0x2c, 0x20, 0x74, 0x72, 0x75
.byte 0x65, 0x29, 0x3b, 0x0d, 0x0a, 0x20, 0x20, 0x7d, 0x0d, 0x0a, 0x0d, 0x0a, 0x20, 0x20, 0x74, 0x72
.byte 0x79, 0x20, 0x7b, 0x0d, 0x0a, 0x20, 0x20, 0x20, 0x20, 0x61, 0x77, 0x61, 0x69, 0x74, 0x20, 0x70
.byte 0x6f, 0x6c, 0x6c, 0x57, 0x65, 0x63, 0x68, 0x61, 0x74, 0x4c, 0x6f, 0x67, 0x69, 0x6e, 0x53, 0x74
.byte 0x61, 0x74, 0x75, 0x73, 0x28, 0x29, 0x3b, 0x0d, 0x0a, 0x20, 0x20, 0x7d, 0x20, 0x63, 0x61, 0x74
.byte 0x63, 0x68, 0x20, 0x28, 0x65, 0x72, 0x72, 0x29, 0x20, 0x7b, 0x0d, 0x0a, 0x20, 0x20, 0x20, 0x20
.byte 0x73, 0x68, 0x6f, 0x77, 0x42, 0x61, 0x6e, 0x6e, 0x65, 0x72, 0x28, 0x0d, 0x0a, 0x20, 0x20, 0x20
.byte 0x20, 0x20, 0x20, 0x22, 0x77, 0x65, 0x63, 0x68, 0x61, 0x74, 0x4c, 0x6f, 0x67, 0x69, 0x6e, 0x42
.byte 0x61, 0x6e, 0x6e, 0x65, 0x72, 0x22, 0x2c, 0x0d, 0x0a, 0x20, 0x20, 0x20, 0x20, 0x20, 0x20, 0x65
.byte 0x72, 0x72, 0x2e, 0x6d, 0x65, 0x73, 0x73, 0x61, 0x67, 0x65, 0x20, 0x7c, 0x7c, 0x20, 0x22, 0x46
.byte 0x61, 0x69, 0x6c, 0x65, 0x64, 0x20, 0x74, 0x6f, 0x20, 0x6c, 0x6f, 0x61, 0x64, 0x20, 0x57, 0x65
.byte 0x43, 0x68, 0x61, 0x74, 0x20, 0x6c, 0x6f, 0x67, 0x69, 0x6e, 0x20, 0x73, 0x74, 0x61, 0x74, 0x75
.byte 0x73, 0x22, 0x2c, 0x0d, 0x0a, 0x20, 0x20, 0x20, 0x20, 0x20, 0x20, 0x74, 0x72, 0x75, 0x65, 0x0d
.byte 0x0a, 0x20, 0x20, 0x20, 0x20, 0x29, 0x3b, 0x0d, 0x0a, 0x20, 0x20, 0x7d, 0x0d, 0x0a, 0x0d, 0x0a
.byte 0x20, 0x20, 0x74, 0x72, 0x79, 0x20, 0x7b, 0x0d, 0x0a, 0x20, 0x20, 0x20, 0x20, 0x61, 0x77, 0x61
.byte 0x69, 0x74, 0x20, 0x6c, 0x6f, 0x61, 0x64, 0x46, 0x69, 0x6c, 0x65, 0x73, 0x28, 0x29, 0x3b, 0x0d
.byte 0x0a, 0x20, 0x20, 0x7d, 0x20, 0x63, 0x61, 0x74, 0x63, 0x68, 0x20, 0x28, 0x65, 0x72, 0x72, 0x29
.byte 0x20, 0x7b, 0x0d, 0x0a, 0x20, 0x20, 0x20, 0x20, 0x73, 0x68, 0x6f, 0x77, 0x42, 0x61, 0x6e, 0x6e
.byte 0x65, 0x72, 0x28, 0x22, 0x66, 0x69, 0x6c, 0x65, 0x42, 0x61, 0x6e, 0x6e, 0x65, 0x72, 0x22, 0x2c
.byte 0x20, 0x65, 0x72, 0x72, 0x2e, 0x6d, 0x65, 0x73, 0x73, 0x61, 0x67, 0x65, 0x20, 0x7c, 0x7c, 0x20
.byte 0x22, 0x46, 0x61, 0x69, 0x6c, 0x65, 0x64, 0x20, 0x74, 0x6f, 0x20, 0x6c, 0x6f, 0x61, 0x64, 0x20
.byte 0x66, 0x69, 0x6c, 0x65, 0x20, 0x6c, 0x69, 0x73, 0x74, 0x22, 0x2c, 0x20, 0x74, 0x72, 0x75, 0x65
.byte 0x29, 0x3b, 0x0d, 0x0a, 0x20, 0x20, 0x7d, 0x0d, 0x0a, 0x0d, 0x0a, 0x20, 0x20, 0x69, 0x66, 0x20
.byte 0x28, 0x64, 0x6f, 0x63, 0x75, 0x6d, 0x65, 0x6e, 0x74, 0x2e, 0x71, 0x75, 0x65, 0x72, 0x79, 0x53
.byte 0x65, 0x6c, 0x65, 0x63, 0x74, 0x6f, 0x72, 0x28, 0x27, 0x2e, 0x74, 0x61, 0x62, 0x2d, 0x62, 0x74
.byte 0x6e, 0x5b, 0x64, 0x61, 0x74, 0x61, 0x2d, 0x74, 0x61, 0x62, 0x3d, 0x22, 0x6d, 0x65, 0x6d, 0x6f
.byte 0x72, 0x79, 0x22, 0x5d, 0x27, 0x29, 0x3f, 0x2e, 0x63, 0x6c, 0x61, 0x73, 0x73, 0x4c, 0x69, 0x73
.byte 0x74, 0x2e, 0x63, 0x6f, 0x6e, 0x74, 0x61, 0x69, 0x6e, 0x73, 0x28, 0x22, 0x61, 0x63, 0x74, 0x69
.byte 0x76, 0x65, 0x22, 0x29, 0x29, 0x20, 0x7b, 0x0d, 0x0a, 0x20, 0x20, 0x20, 0x20, 0x74, 0x72, 0x79
.byte 0x20, 0x7b, 0x0d, 0x0a, 0x20, 0x20, 0x20, 0x20, 0x20, 0x20, 0x61, 0x77, 0x61, 0x69, 0x74, 0x20
.byte 0x6c, 0x6f, 0x61, 0x64, 0x4d, 0x65, 0x6d, 0x6f, 0x72, 0x79, 0x28, 0x29, 0x3b, 0x0d, 0x0a, 0x20
.byte 0x20, 0x20, 0x20, 0x7d, 0x20, 0x63, 0x61, 0x74, 0x63, 0x68, 0x20, 0x28, 0x65, 0x72, 0x72, 0x29
.byte 0x20, 0x7b, 0x0d, 0x0a, 0x20, 0x20, 0x20, 0x20, 0x20, 0x20, 0x73, 0x68, 0x6f, 0x77, 0x42, 0x61
.byte 0x6e, 0x6e, 0x65, 0x72, 0x28, 0x22, 0x6d, 0x65, 0x6d, 0x6f, 0x72, 0x79, 0x42, 0x61, 0x6e, 0x6e
.byte 0x65, 0x72, 0x22, 0x2c, 0x20, 0x65, 0x72, 0x72, 0x2e, 0x6d, 0x65, 0x73, 0x73, 0x61, 0x67, 0x65
.byte 0x20, 0x7c, 0x7c, 0x20, 0x74, 0x28, 0x22, 0x6d, 0x65, 0x6d, 0x6f, 0x72, 0x79, 0x4c, 0x6f, 0x61
.byte 0x64, 0x45, 0x72, 0x72, 0x6f, 0x72, 0x22, 0x29, 0x2c, 0x20, 0x74, 0x72, 0x75, 0x65, 0x29, 0x3b
.byte 0x0d, 0x0a, 0x20, 0x20, 0x20, 0x20, 0x7d, 0x0d, 0x0a, 0x20, 0x20, 0x7d, 0x20, 0x65, 0x6c, 0x73
.byte 0x65, 0x20, 0x7b, 0x0d, 0x0a, 0x20, 0x20, 0x20, 0x20, 0x72, 0x65, 0x6e, 0x64, 0x65, 0x72, 0x4d
.byte 0x65, 0x6d, 0x6f, 0x72, 0x79, 0x53, 0x74, 0x61, 0x74, 0x65, 0x28, 0x29, 0x3b, 0x0d, 0x0a, 0x20
.byte 0x20, 0x7d, 0x0d, 0x0a, 0x7d, 0x0d, 0x0a, 0x0d, 0x0a, 0x62, 0x6f, 0x6f, 0x74, 0x73, 0x74, 0x72
.byte 0x61, 0x70, 0x28, 0x29, 0x2e, 0x63, 0x61, 0x74, 0x63, 0x68, 0x28, 0x28, 0x65, 0x72, 0x72, 0x29
.byte 0x20, 0x3d, 0x3e, 0x20, 0x7b, 0x0d, 0x0a, 0x20, 0x20, 0x73, 0x68, 0x6f, 0x77, 0x42, 0x61, 0x6e
.byte 0x6e, 0x65, 0x72, 0x28, 0x22, 0x63, 0x6f, 0x6e, 0x66, 0x69, 0x67, 0x42, 0x61, 0x6e, 0x6e, 0x65
.byte 0x72, 0x22, 0x2c, 0x20, 0x65, 0x72, 0x72, 0x2e, 0x6d, 0x65, 0x73, 0x73, 0x61, 0x67, 0x65, 0x20
.byte 0x7c, 0x7c, 0x20, 0x22, 0x46, 0x61, 0x69, 0x6c, 0x65, 0x64, 0x20, 0x74, 0x6f, 0x20, 0x69, 0x6e
.byte 0x69, 0x74, 0x69, 0x61, 0x6c, 0x69, 0x7a, 0x65, 0x20, 0x74, 0x68, 0x65, 0x20, 0x70, 0x61, 0x67
.byte 0x65, 0x22, 0x2c, 0x20, 0x74, 0x72, 0x75, 0x65, 0x29, 0x3b, 0x0d, 0x0a, 0x7d, 0x29, 0x3b, 0x0d
.byte 0x0a, 0x00

.global _binary_app_js_end
_binary_app_js_end: /* for objcopy compatibility */


.global app_js_length
app_js_length: /* not including null byte */
.long 48561

#if defined (__linux__)
.section .note.GNU-stack,"",@progbits
#endif
