/* * Data converted from D:/Desktop/f/esp-claw - 副本/application/basic_demo/main/web/styles.css
 * (null byte appended)
 */
.data
#if !defined (__APPLE__) && !defined (__linux__)
.section .rodata.embedded
#endif

.global styles_css
styles_css:

.global _binary_styles_css_start
_binary_styles_css_start: /* for objcopy compatibility */
.byte 0x2a, 0x2c, 0x0d, 0x0a, 0x2a, 0x3a, 0x3a, 0x62, 0x65, 0x66, 0x6f, 0x72, 0x65, 0x2c, 0x0d, 0x0a
.byte 0x2a, 0x3a, 0x3a, 0x61, 0x66, 0x74, 0x65, 0x72, 0x20, 0x7b, 0x0d, 0x0a, 0x20, 0x20, 0x62, 0x6f
.byte 0x78, 0x2d, 0x73, 0x69, 0x7a, 0x69, 0x6e, 0x67, 0x3a, 0x20, 0x62, 0x6f, 0x72, 0x64, 0x65, 0x72
.byte 0x2d, 0x62, 0x6f, 0x78, 0x3b, 0x0d, 0x0a, 0x20, 0x20, 0x6d, 0x61, 0x72, 0x67, 0x69, 0x6e, 0x3a
.byte 0x20, 0x30, 0x3b, 0x0d, 0x0a, 0x20, 0x20, 0x70, 0x61, 0x64, 0x64, 0x69, 0x6e, 0x67, 0x3a, 0x20
.byte 0x30, 0x3b, 0x0d, 0x0a, 0x7d, 0x0d, 0x0a, 0x0d, 0x0a, 0x3a, 0x72, 0x6f, 0x6f, 0x74, 0x20, 0x7b
.byte 0x0d, 0x0a, 0x20, 0x20, 0x2d, 0x2d, 0x62, 0x67, 0x2d, 0x62, 0x61, 0x73, 0x65, 0x3a, 0x20, 0x23
.byte 0x30, 0x61, 0x30, 0x62, 0x30, 0x65, 0x3b, 0x0d, 0x0a, 0x20, 0x20, 0x2d, 0x2d, 0x62, 0x67, 0x2d
.byte 0x73, 0x75, 0x72, 0x66, 0x61, 0x63, 0x65, 0x3a, 0x20, 0x23, 0x31, 0x31, 0x31, 0x33, 0x31, 0x38
.byte 0x3b, 0x0d, 0x0a, 0x20, 0x20, 0x2d, 0x2d, 0x62, 0x67, 0x2d, 0x63, 0x61, 0x72, 0x64, 0x3a, 0x20
.byte 0x23, 0x31, 0x36, 0x31, 0x39, 0x32, 0x30, 0x3b, 0x0d, 0x0a, 0x20, 0x20, 0x2d, 0x2d, 0x62, 0x67
.byte 0x2d, 0x63, 0x61, 0x72, 0x64, 0x2d, 0x68, 0x6f, 0x76, 0x65, 0x72, 0x3a, 0x20, 0x23, 0x31, 0x63
.byte 0x32, 0x30, 0x32, 0x38, 0x3b, 0x0d, 0x0a, 0x20, 0x20, 0x2d, 0x2d, 0x62, 0x67, 0x2d, 0x69, 0x6e
.byte 0x70, 0x75, 0x74, 0x3a, 0x20, 0x23, 0x30, 0x65, 0x31, 0x30, 0x31, 0x35, 0x3b, 0x0d, 0x0a, 0x20
.byte 0x20, 0x2d, 0x2d, 0x62, 0x6f, 0x72, 0x64, 0x65, 0x72, 0x3a, 0x20, 0x72, 0x67, 0x62, 0x61, 0x28
.byte 0x32, 0x35, 0x35, 0x2c, 0x20, 0x32, 0x35, 0x35, 0x2c, 0x20, 0x32, 0x35, 0x35, 0x2c, 0x20, 0x30
.byte 0x2e, 0x31, 0x29, 0x3b, 0x0d, 0x0a, 0x20, 0x20, 0x2d, 0x2d, 0x62, 0x6f, 0x72, 0x64, 0x65, 0x72
.byte 0x2d, 0x61, 0x63, 0x63, 0x65, 0x6e, 0x74, 0x3a, 0x20, 0x72, 0x67, 0x62, 0x61, 0x28, 0x32, 0x33
.byte 0x32, 0x2c, 0x20, 0x35, 0x34, 0x2c, 0x20, 0x34, 0x35, 0x2c, 0x20, 0x30, 0x2e, 0x31, 0x35, 0x29
.byte 0x3b, 0x0d, 0x0a, 0x20, 0x20, 0x2d, 0x2d, 0x62, 0x6f, 0x72, 0x64, 0x65, 0x72, 0x2d, 0x62, 0x74
.byte 0x6e, 0x2d, 0x73, 0x65, 0x63, 0x6f, 0x6e, 0x64, 0x61, 0x72, 0x79, 0x3a, 0x20, 0x72, 0x67, 0x62
.byte 0x61, 0x28, 0x32, 0x35, 0x35, 0x2c, 0x20, 0x32, 0x35, 0x35, 0x2c, 0x20, 0x32, 0x35, 0x35, 0x2c
.byte 0x20, 0x30, 0x2e, 0x32, 0x29, 0x3b, 0x0d, 0x0a, 0x20, 0x20, 0x2d, 0x2d, 0x74, 0x65, 0x78, 0x74
.byte 0x2d, 0x70, 0x72, 0x69, 0x6d, 0x61, 0x72, 0x79, 0x3a, 0x20, 0x23, 0x65, 0x38, 0x65, 0x61, 0x66
.byte 0x30, 0x3b, 0x0d, 0x0a, 0x20, 0x20, 0x2d, 0x2d, 0x74, 0x65, 0x78, 0x74, 0x2d, 0x73, 0x65, 0x63
.byte 0x6f, 0x6e, 0x64, 0x61, 0x72, 0x79, 0x3a, 0x20, 0x23, 0x39, 0x61, 0x61, 0x30, 0x62, 0x30, 0x3b
.byte 0x0d, 0x0a, 0x20, 0x20, 0x2d, 0x2d, 0x74, 0x65, 0x78, 0x74, 0x2d, 0x6f, 0x6e, 0x2d, 0x61, 0x63
.byte 0x63, 0x65, 0x6e, 0x74, 0x3a, 0x20, 0x23, 0x66, 0x66, 0x66, 0x3b, 0x0d, 0x0a, 0x20, 0x20, 0x2d
.byte 0x2d, 0x74, 0x65, 0x78, 0x74, 0x2d, 0x6d, 0x75, 0x74, 0x65, 0x64, 0x3a, 0x20, 0x23, 0x35, 0x36
.byte 0x35, 0x62, 0x36, 0x62, 0x3b, 0x0d, 0x0a, 0x20, 0x20, 0x2d, 0x2d, 0x61, 0x63, 0x63, 0x65, 0x6e
.byte 0x74, 0x3a, 0x20, 0x23, 0x65, 0x38, 0x33, 0x36, 0x32, 0x64, 0x3b, 0x0d, 0x0a, 0x20, 0x20, 0x2d
.byte 0x2d, 0x61, 0x63, 0x63, 0x65, 0x6e, 0x74, 0x2d, 0x73, 0x6f, 0x66, 0x74, 0x3a, 0x20, 0x23, 0x64
.byte 0x33, 0x32, 0x66, 0x32, 0x66, 0x3b, 0x0d, 0x0a, 0x20, 0x20, 0x2d, 0x2d, 0x61, 0x63, 0x63, 0x65
.byte 0x6e, 0x74, 0x2d, 0x64, 0x69, 0x6d, 0x3a, 0x20, 0x72, 0x67, 0x62, 0x61, 0x28, 0x32, 0x33, 0x32
.byte 0x2c, 0x20, 0x35, 0x34, 0x2c, 0x20, 0x34, 0x35, 0x2c, 0x20, 0x30, 0x2e, 0x30, 0x38, 0x29, 0x3b
.byte 0x0d, 0x0a, 0x20, 0x20, 0x2d, 0x2d, 0x67, 0x72, 0x65, 0x65, 0x6e, 0x3a, 0x20, 0x23, 0x36, 0x38
.byte 0x64, 0x33, 0x39, 0x31, 0x3b, 0x0d, 0x0a, 0x20, 0x20, 0x2d, 0x2d, 0x67, 0x72, 0x65, 0x65, 0x6e
.byte 0x2d, 0x64, 0x69, 0x6d, 0x3a, 0x20, 0x72, 0x67, 0x62, 0x61, 0x28, 0x31, 0x30, 0x34, 0x2c, 0x20
.byte 0x32, 0x31, 0x31, 0x2c, 0x20, 0x31, 0x34, 0x35, 0x2c, 0x20, 0x30, 0x2e, 0x31, 0x35, 0x29, 0x3b
.byte 0x0d, 0x0a, 0x20, 0x20, 0x2d, 0x2d, 0x6f, 0x72, 0x61, 0x6e, 0x67, 0x65, 0x3a, 0x20, 0x23, 0x66
.byte 0x36, 0x61, 0x64, 0x35, 0x35, 0x3b, 0x0d, 0x0a, 0x20, 0x20, 0x2d, 0x2d, 0x64, 0x61, 0x6e, 0x67
.byte 0x65, 0x72, 0x3a, 0x20, 0x23, 0x66, 0x38, 0x37, 0x31, 0x37, 0x31, 0x3b, 0x0d, 0x0a, 0x20, 0x20
.byte 0x2d, 0x2d, 0x72, 0x61, 0x64, 0x69, 0x75, 0x73, 0x2d, 0x73, 0x6d, 0x3a, 0x20, 0x36, 0x70, 0x78
.byte 0x3b, 0x0d, 0x0a, 0x20, 0x20, 0x2d, 0x2d, 0x72, 0x61, 0x64, 0x69, 0x75, 0x73, 0x2d, 0x6d, 0x64
.byte 0x3a, 0x20, 0x31, 0x30, 0x70, 0x78, 0x3b, 0x0d, 0x0a, 0x20, 0x20, 0x2d, 0x2d, 0x72, 0x61, 0x64
.byte 0x69, 0x75, 0x73, 0x2d, 0x6c, 0x67, 0x3a, 0x20, 0x31, 0x36, 0x70, 0x78, 0x3b, 0x0d, 0x0a, 0x7d
.byte 0x0d, 0x0a, 0x0d, 0x0a, 0x68, 0x74, 0x6d, 0x6c, 0x20, 0x7b, 0x0d, 0x0a, 0x20, 0x20, 0x62, 0x61
.byte 0x63, 0x6b, 0x67, 0x72, 0x6f, 0x75, 0x6e, 0x64, 0x3a, 0x20, 0x76, 0x61, 0x72, 0x28, 0x2d, 0x2d
.byte 0x62, 0x67, 0x2d, 0x62, 0x61, 0x73, 0x65, 0x29, 0x3b, 0x0d, 0x0a, 0x20, 0x20, 0x63, 0x6f, 0x6c
.byte 0x6f, 0x72, 0x3a, 0x20, 0x76, 0x61, 0x72, 0x28, 0x2d, 0x2d, 0x74, 0x65, 0x78, 0x74, 0x2d, 0x70
.byte 0x72, 0x69, 0x6d, 0x61, 0x72, 0x79, 0x29, 0x3b, 0x0d, 0x0a, 0x20, 0x20, 0x66, 0x6f, 0x6e, 0x74
.byte 0x2d, 0x66, 0x61, 0x6d, 0x69, 0x6c, 0x79, 0x3a, 0x20, 0x22, 0x49, 0x6e, 0x74, 0x65, 0x72, 0x22
.byte 0x2c, 0x20, 0x73, 0x79, 0x73, 0x74, 0x65, 0x6d, 0x2d, 0x75, 0x69, 0x2c, 0x20, 0x2d, 0x61, 0x70
.byte 0x70, 0x6c, 0x65, 0x2d, 0x73, 0x79, 0x73, 0x74, 0x65, 0x6d, 0x2c, 0x20, 0x73, 0x61, 0x6e, 0x73
.byte 0x2d, 0x73, 0x65, 0x72, 0x69, 0x66, 0x3b, 0x0d, 0x0a, 0x20, 0x20, 0x66, 0x6f, 0x6e, 0x74, 0x2d
.byte 0x73, 0x69, 0x7a, 0x65, 0x3a, 0x20, 0x31, 0x36, 0x70, 0x78, 0x3b, 0x0d, 0x0a, 0x20, 0x20, 0x6c
.byte 0x69, 0x6e, 0x65, 0x2d, 0x68, 0x65, 0x69, 0x67, 0x68, 0x74, 0x3a, 0x20, 0x31, 0x2e, 0x36, 0x3b
.byte 0x0d, 0x0a, 0x7d, 0x0d, 0x0a, 0x0d, 0x0a, 0x62, 0x6f, 0x64, 0x79, 0x20, 0x7b, 0x0d, 0x0a, 0x20
.byte 0x20, 0x6d, 0x69, 0x6e, 0x2d, 0x68, 0x65, 0x69, 0x67, 0x68, 0x74, 0x3a, 0x20, 0x31, 0x30, 0x30
.byte 0x76, 0x68, 0x3b, 0x0d, 0x0a, 0x20, 0x20, 0x62, 0x61, 0x63, 0x6b, 0x67, 0x72, 0x6f, 0x75, 0x6e
.byte 0x64, 0x3a, 0x20, 0x23, 0x30, 0x37, 0x30, 0x38, 0x30, 0x61, 0x3b, 0x0d, 0x0a, 0x20, 0x20, 0x6f
.byte 0x76, 0x65, 0x72, 0x66, 0x6c, 0x6f, 0x77, 0x2d, 0x78, 0x3a, 0x20, 0x68, 0x69, 0x64, 0x64, 0x65
.byte 0x6e, 0x3b, 0x0d, 0x0a, 0x7d, 0x0d, 0x0a, 0x0d, 0x0a, 0x2f, 0x2a, 0x20, 0xe2, 0x94, 0x80, 0xe2
.byte 0x94, 0x80, 0x20, 0x53, 0x69, 0x74, 0x65, 0x20, 0x43, 0x6f, 0x6e, 0x74, 0x61, 0x69, 0x6e, 0x65
.byte 0x72, 0x20, 0xe2, 0x94, 0x80, 0xe2, 0x94, 0x80, 0x20, 0x2a, 0x2f, 0x0d, 0x0a, 0x2e, 0x73, 0x69
.byte 0x74, 0x65, 0x2d, 0x63, 0x6f, 0x6e, 0x74, 0x61, 0x69, 0x6e, 0x65, 0x72, 0x20, 0x7b, 0x0d, 0x0a
.byte 0x20, 0x20, 0x6d, 0x61, 0x78, 0x2d, 0x77, 0x69, 0x64, 0x74, 0x68, 0x3a, 0x20, 0x38, 0x35, 0x65
.byte 0x6d, 0x3b, 0x0d, 0x0a, 0x20, 0x20, 0x6d, 0x61, 0x72, 0x67, 0x69, 0x6e, 0x3a, 0x20, 0x30, 0x20
.byte 0x61, 0x75, 0x74, 0x6f, 0x3b, 0x0d, 0x0a, 0x20, 0x20, 0x6d, 0x69, 0x6e, 0x2d, 0x68, 0x65, 0x69
.byte 0x67, 0x68, 0x74, 0x3a, 0x20, 0x31, 0x30, 0x30, 0x76, 0x68, 0x3b, 0x0d, 0x0a, 0x20, 0x20, 0x62
.byte 0x61, 0x63, 0x6b, 0x67, 0x72, 0x6f, 0x75, 0x6e, 0x64, 0x3a, 0x20, 0x76, 0x61, 0x72, 0x28, 0x2d
.byte 0x2d, 0x62, 0x67, 0x2d, 0x62, 0x61, 0x73, 0x65, 0x29, 0x3b, 0x0d, 0x0a, 0x20, 0x20, 0x62, 0x6f
.byte 0x72, 0x64, 0x65, 0x72, 0x2d, 0x6c, 0x65, 0x66, 0x74, 0x3a, 0x20, 0x31, 0x70, 0x78, 0x20, 0x73
.byte 0x6f, 0x6c, 0x69, 0x64, 0x20, 0x72, 0x67, 0x62, 0x61, 0x28, 0x32, 0x35, 0x35, 0x2c, 0x20, 0x32
.byte 0x35, 0x35, 0x2c, 0x20, 0x32, 0x35, 0x35, 0x2c, 0x20, 0x30, 0x2e, 0x30, 0x38, 0x29, 0x3b, 0x0d
.byte 0x0a, 0x20, 0x20, 0x62, 0x6f, 0x72, 0x64, 0x65, 0x72, 0x2d, 0x72, 0x69, 0x67, 0x68, 0x74, 0x3a
.byte 0x20, 0x31, 0x70, 0x78, 0x20, 0x73, 0x6f, 0x6c, 0x69, 0x64, 0x20, 0x72, 0x67, 0x62, 0x61, 0x28
.byte 0x32, 0x35, 0x35, 0x2c, 0x20, 0x32, 0x35, 0x35, 0x2c, 0x20, 0x32, 0x35, 0x35, 0x2c, 0x20, 0x30
.byte 0x2e, 0x30, 0x38, 0x29, 0x3b, 0x0d, 0x0a, 0x20, 0x20, 0x64, 0x69, 0x73, 0x70, 0x6c, 0x61, 0x79
.byte 0x3a, 0x20, 0x66, 0x6c, 0x65, 0x78, 0x3b, 0x0d, 0x0a, 0x20, 0x20, 0x66, 0x6c, 0x65, 0x78, 0x2d
.byte 0x64, 0x69, 0x72, 0x65, 0x63, 0x74, 0x69, 0x6f, 0x6e, 0x3a, 0x20, 0x63, 0x6f, 0x6c, 0x75, 0x6d
.byte 0x6e, 0x3b, 0x0d, 0x0a, 0x20, 0x20, 0x62, 0x6f, 0x78, 0x2d, 0x73, 0x68, 0x61, 0x64, 0x6f, 0x77
.byte 0x3a, 0x20, 0x30, 0x20, 0x30, 0x20, 0x31, 0x30, 0x30, 0x70, 0x78, 0x20, 0x72, 0x67, 0x62, 0x61
.byte 0x28, 0x30, 0x2c, 0x20, 0x30, 0x2c, 0x20, 0x30, 0x2c, 0x20, 0x30, 0x2e, 0x35, 0x29, 0x3b, 0x0d
.byte 0x0a, 0x7d, 0x0d, 0x0a, 0x0d, 0x0a, 0x2f, 0x2a, 0x20, 0xe2, 0x94, 0x80, 0xe2, 0x94, 0x80, 0x20
.byte 0x4e, 0x61, 0x76, 0x69, 0x67, 0x61, 0x74, 0x69, 0x6f, 0x6e, 0x20, 0xe2, 0x94, 0x80, 0xe2, 0x94
.byte 0x80, 0x20, 0x2a, 0x2f, 0x0d, 0x0a, 0x6e, 0x61, 0x76, 0x20, 0x7b, 0x0d, 0x0a, 0x20, 0x20, 0x70
.byte 0x6f, 0x73, 0x69, 0x74, 0x69, 0x6f, 0x6e, 0x3a, 0x20, 0x73, 0x74, 0x69, 0x63, 0x6b, 0x79, 0x3b
.byte 0x0d, 0x0a, 0x20, 0x20, 0x74, 0x6f, 0x70, 0x3a, 0x20, 0x30, 0x3b, 0x0d, 0x0a, 0x20, 0x20, 0x7a
.byte 0x2d, 0x69, 0x6e, 0x64, 0x65, 0x78, 0x3a, 0x20, 0x31, 0x30, 0x30, 0x3b, 0x0d, 0x0a, 0x20, 0x20
.byte 0x64, 0x69, 0x73, 0x70, 0x6c, 0x61, 0x79, 0x3a, 0x20, 0x66, 0x6c, 0x65, 0x78, 0x3b, 0x0d, 0x0a
.byte 0x20, 0x20, 0x61, 0x6c, 0x69, 0x67, 0x6e, 0x2d, 0x69, 0x74, 0x65, 0x6d, 0x73, 0x3a, 0x20, 0x63
.byte 0x65, 0x6e, 0x74, 0x65, 0x72, 0x3b, 0x0d, 0x0a, 0x20, 0x20, 0x6a, 0x75, 0x73, 0x74, 0x69, 0x66
.byte 0x79, 0x2d, 0x63, 0x6f, 0x6e, 0x74, 0x65, 0x6e, 0x74, 0x3a, 0x20, 0x73, 0x70, 0x61, 0x63, 0x65
.byte 0x2d, 0x62, 0x65, 0x74, 0x77, 0x65, 0x65, 0x6e, 0x3b, 0x0d, 0x0a, 0x20, 0x20, 0x70, 0x61, 0x64
.byte 0x64, 0x69, 0x6e, 0x67, 0x3a, 0x20, 0x30, 0x20, 0x32, 0x72, 0x65, 0x6d, 0x3b, 0x0d, 0x0a, 0x20
.byte 0x20, 0x68, 0x65, 0x69, 0x67, 0x68, 0x74, 0x3a, 0x20, 0x35, 0x36, 0x70, 0x78, 0x3b, 0x0d, 0x0a
.byte 0x20, 0x20, 0x62, 0x61, 0x63, 0x6b, 0x67, 0x72, 0x6f, 0x75, 0x6e, 0x64, 0x3a, 0x20, 0x72, 0x67
.byte 0x62, 0x61, 0x28, 0x31, 0x30, 0x2c, 0x20, 0x31, 0x31, 0x2c, 0x20, 0x31, 0x34, 0x2c, 0x20, 0x30
.byte 0x2e, 0x38, 0x35, 0x29, 0x3b, 0x0d, 0x0a, 0x20, 0x20, 0x62, 0x61, 0x63, 0x6b, 0x64, 0x72, 0x6f
.byte 0x70, 0x2d, 0x66, 0x69, 0x6c, 0x74, 0x65, 0x72, 0x3a, 0x20, 0x62, 0x6c, 0x75, 0x72, 0x28, 0x31
.byte 0x32, 0x70, 0x78, 0x29, 0x3b, 0x0d, 0x0a, 0x20, 0x20, 0x62, 0x6f, 0x72, 0x64, 0x65, 0x72, 0x2d
.byte 0x62, 0x6f, 0x74, 0x74, 0x6f, 0x6d, 0x3a, 0x20, 0x31, 0x70, 0x78, 0x20, 0x73, 0x6f, 0x6c, 0x69
.byte 0x64, 0x20, 0x76, 0x61, 0x72, 0x28, 0x2d, 0x2d, 0x62, 0x6f, 0x72, 0x64, 0x65, 0x72, 0x29, 0x3b
.byte 0x0d, 0x0a, 0x7d, 0x0d, 0x0a, 0x0d, 0x0a, 0x2e, 0x6e, 0x61, 0x76, 0x2d, 0x62, 0x72, 0x61, 0x6e
.byte 0x64, 0x20, 0x7b, 0x0d, 0x0a, 0x20, 0x20, 0x64, 0x69, 0x73, 0x70, 0x6c, 0x61, 0x79, 0x3a, 0x20
.byte 0x66, 0x6c, 0x65, 0x78, 0x3b, 0x0d, 0x0a, 0x20, 0x20, 0x61, 0x6c, 0x69, 0x67, 0x6e, 0x2d, 0x69
.byte 0x74, 0x65, 0x6d, 0x73, 0x3a, 0x20, 0x63, 0x65, 0x6e, 0x74, 0x65, 0x72, 0x3b, 0x0d, 0x0a, 0x20
.byte 0x20, 0x63, 0x6f, 0x6c, 0x6f, 0x72, 0x3a, 0x20, 0x76, 0x61, 0x72, 0x28, 0x2d, 0x2d, 0x74, 0x65
.byte 0x78, 0x74, 0x2d, 0x70, 0x72, 0x69, 0x6d, 0x61, 0x72, 0x79, 0x29, 0x3b, 0x0d, 0x0a, 0x20, 0x20
.byte 0x74, 0x65, 0x78, 0x74, 0x2d, 0x64, 0x65, 0x63, 0x6f, 0x72, 0x61, 0x74, 0x69, 0x6f, 0x6e, 0x3a
.byte 0x20, 0x6e, 0x6f, 0x6e, 0x65, 0x3b, 0x0d, 0x0a, 0x7d, 0x0d, 0x0a, 0x0d, 0x0a, 0x2e, 0x6e, 0x61
.byte 0x76, 0x2d, 0x6c, 0x6f, 0x67, 0x6f, 0x20, 0x7b, 0x0d, 0x0a, 0x20, 0x20, 0x64, 0x69, 0x73, 0x70
.byte 0x6c, 0x61, 0x79, 0x3a, 0x20, 0x66, 0x6c, 0x65, 0x78, 0x3b, 0x0d, 0x0a, 0x20, 0x20, 0x61, 0x6c
.byte 0x69, 0x67, 0x6e, 0x2d, 0x69, 0x74, 0x65, 0x6d, 0x73, 0x3a, 0x20, 0x63, 0x65, 0x6e, 0x74, 0x65
.byte 0x72, 0x3b, 0x0d, 0x0a, 0x20, 0x20, 0x6a, 0x75, 0x73, 0x74, 0x69, 0x66, 0x79, 0x2d, 0x63, 0x6f
.byte 0x6e, 0x74, 0x65, 0x6e, 0x74, 0x3a, 0x20, 0x63, 0x65, 0x6e, 0x74, 0x65, 0x72, 0x3b, 0x0d, 0x0a
.byte 0x20, 0x20, 0x77, 0x69, 0x64, 0x74, 0x68, 0x3a, 0x20, 0x37, 0x72, 0x65, 0x6d, 0x3b, 0x0d, 0x0a
.byte 0x20, 0x20, 0x68, 0x65, 0x69, 0x67, 0x68, 0x74, 0x3a, 0x20, 0x61, 0x75, 0x74, 0x6f, 0x3b, 0x0d
.byte 0x0a, 0x7d, 0x0d, 0x0a, 0x0d, 0x0a, 0x2e, 0x6e, 0x61, 0x76, 0x2d, 0x72, 0x69, 0x67, 0x68, 0x74
.byte 0x20, 0x7b, 0x0d, 0x0a, 0x20, 0x20, 0x64, 0x69, 0x73, 0x70, 0x6c, 0x61, 0x79, 0x3a, 0x20, 0x66
.byte 0x6c, 0x65, 0x78, 0x3b, 0x0d, 0x0a, 0x20, 0x20, 0x61, 0x6c, 0x69, 0x67, 0x6e, 0x2d, 0x69, 0x74
.byte 0x65, 0x6d, 0x73, 0x3a, 0x20, 0x63, 0x65, 0x6e, 0x74, 0x65, 0x72, 0x3b, 0x0d, 0x0a, 0x20, 0x20
.byte 0x67, 0x61, 0x70, 0x3a, 0x20, 0x30, 0x2e, 0x37, 0x35, 0x72, 0x65, 0x6d, 0x3b, 0x0d, 0x0a, 0x7d
.byte 0x0d, 0x0a, 0x0d, 0x0a, 0x2f, 0x2a, 0x20, 0xe2, 0x94, 0x80, 0xe2, 0x94, 0x80, 0x20, 0x4c, 0x61
.byte 0x6e, 0x67, 0x75, 0x61, 0x67, 0x65, 0x20, 0x53, 0x77, 0x69, 0x74, 0x63, 0x68, 0x65, 0x72, 0x20
.byte 0xe2, 0x94, 0x80, 0xe2, 0x94, 0x80, 0x20, 0x2a, 0x2f, 0x0d, 0x0a, 0x2e, 0x6c, 0x61, 0x6e, 0x67
.byte 0x2d, 0x73, 0x77, 0x69, 0x74, 0x63, 0x68, 0x65, 0x72, 0x20, 0x7b, 0x0d, 0x0a, 0x20, 0x20, 0x70
.byte 0x6f, 0x73, 0x69, 0x74, 0x69, 0x6f, 0x6e, 0x3a, 0x20, 0x72, 0x65, 0x6c, 0x61, 0x74, 0x69, 0x76
.byte 0x65, 0x3b, 0x0d, 0x0a, 0x7d, 0x0d, 0x0a, 0x0d, 0x0a, 0x2e, 0x6c, 0x61, 0x6e, 0x67, 0x2d, 0x73
.byte 0x77, 0x69, 0x74, 0x63, 0x68, 0x65, 0x72, 0x20, 0x3e, 0x20, 0x73, 0x75, 0x6d, 0x6d, 0x61, 0x72
.byte 0x79, 0x20, 0x7b, 0x0d, 0x0a, 0x20, 0x20, 0x6c, 0x69, 0x73, 0x74, 0x2d, 0x73, 0x74, 0x79, 0x6c
.byte 0x65, 0x3a, 0x20, 0x6e, 0x6f, 0x6e, 0x65, 0x3b, 0x0d, 0x0a, 0x20, 0x20, 0x64, 0x69, 0x73, 0x70
.byte 0x6c, 0x61, 0x79, 0x3a, 0x20, 0x69, 0x6e, 0x6c, 0x69, 0x6e, 0x65, 0x2d, 0x66, 0x6c, 0x65, 0x78
.byte 0x3b, 0x0d, 0x0a, 0x20, 0x20, 0x61, 0x6c, 0x69, 0x67, 0x6e, 0x2d, 0x69, 0x74, 0x65, 0x6d, 0x73
.byte 0x3a, 0x20, 0x63, 0x65, 0x6e, 0x74, 0x65, 0x72, 0x3b, 0x0d, 0x0a, 0x20, 0x20, 0x67, 0x61, 0x70
.byte 0x3a, 0x20, 0x30, 0x2e, 0x33, 0x35, 0x72, 0x65, 0x6d, 0x3b, 0x0d, 0x0a, 0x20, 0x20, 0x66, 0x6f
.byte 0x6e, 0x74, 0x2d, 0x73, 0x69, 0x7a, 0x65, 0x3a, 0x20, 0x30, 0x2e, 0x38, 0x72, 0x65, 0x6d, 0x3b
.byte 0x0d, 0x0a, 0x20, 0x20, 0x63, 0x6f, 0x6c, 0x6f, 0x72, 0x3a, 0x20, 0x76, 0x61, 0x72, 0x28, 0x2d
.byte 0x2d, 0x74, 0x65, 0x78, 0x74, 0x2d, 0x73, 0x65, 0x63, 0x6f, 0x6e, 0x64, 0x61, 0x72, 0x79, 0x29
.byte 0x3b, 0x0d, 0x0a, 0x20, 0x20, 0x63, 0x75, 0x72, 0x73, 0x6f, 0x72, 0x3a, 0x20, 0x70, 0x6f, 0x69
.byte 0x6e, 0x74, 0x65, 0x72, 0x3b, 0x0d, 0x0a, 0x20, 0x20, 0x70, 0x61, 0x64, 0x64, 0x69, 0x6e, 0x67
.byte 0x3a, 0x20, 0x30, 0x2e, 0x33, 0x72, 0x65, 0x6d, 0x20, 0x30, 0x2e, 0x35, 0x35, 0x72, 0x65, 0x6d
.byte 0x3b, 0x0d, 0x0a, 0x20, 0x20, 0x62, 0x6f, 0x72, 0x64, 0x65, 0x72, 0x2d, 0x72, 0x61, 0x64, 0x69
.byte 0x75, 0x73, 0x3a, 0x20, 0x76, 0x61, 0x72, 0x28, 0x2d, 0x2d, 0x72, 0x61, 0x64, 0x69, 0x75, 0x73
.byte 0x2d, 0x73, 0x6d, 0x29, 0x3b, 0x0d, 0x0a, 0x20, 0x20, 0x62, 0x6f, 0x72, 0x64, 0x65, 0x72, 0x3a
.byte 0x20, 0x31, 0x70, 0x78, 0x20, 0x73, 0x6f, 0x6c, 0x69, 0x64, 0x20, 0x76, 0x61, 0x72, 0x28, 0x2d
.byte 0x2d, 0x62, 0x6f, 0x72, 0x64, 0x65, 0x72, 0x29, 0x3b, 0x0d, 0x0a, 0x20, 0x20, 0x62, 0x61, 0x63
.byte 0x6b, 0x67, 0x72, 0x6f, 0x75, 0x6e, 0x64, 0x3a, 0x20, 0x74, 0x72, 0x61, 0x6e, 0x73, 0x70, 0x61
.byte 0x72, 0x65, 0x6e, 0x74, 0x3b, 0x0d, 0x0a, 0x20, 0x20, 0x74, 0x72, 0x61, 0x6e, 0x73, 0x69, 0x74
.byte 0x69, 0x6f, 0x6e, 0x3a, 0x20, 0x62, 0x61, 0x63, 0x6b, 0x67, 0x72, 0x6f, 0x75, 0x6e, 0x64, 0x20
.byte 0x30, 0x2e, 0x31, 0x35, 0x73, 0x2c, 0x20, 0x62, 0x6f, 0x72, 0x64, 0x65, 0x72, 0x2d, 0x63, 0x6f
.byte 0x6c, 0x6f, 0x72, 0x20, 0x30, 0x2e, 0x31, 0x35, 0x73, 0x3b, 0x0d, 0x0a, 0x7d, 0x0d, 0x0a, 0x0d
.byte 0x0a, 0x2e, 0x6c, 0x61, 0x6e, 0x67, 0x2d, 0x73, 0x77, 0x69, 0x74, 0x63, 0x68, 0x65, 0x72, 0x20
.byte 0x3e, 0x20, 0x73, 0x75, 0x6d, 0x6d, 0x61, 0x72, 0x79, 0x3a, 0x3a, 0x2d, 0x77, 0x65, 0x62, 0x6b
.byte 0x69, 0x74, 0x2d, 0x64, 0x65, 0x74, 0x61, 0x69, 0x6c, 0x73, 0x2d, 0x6d, 0x61, 0x72, 0x6b, 0x65
.byte 0x72, 0x20, 0x7b, 0x0d, 0x0a, 0x20, 0x20, 0x64, 0x69, 0x73, 0x70, 0x6c, 0x61, 0x79, 0x3a, 0x20
.byte 0x6e, 0x6f, 0x6e, 0x65, 0x3b, 0x0d, 0x0a, 0x7d, 0x0d, 0x0a, 0x0d, 0x0a, 0x2e, 0x6c, 0x61, 0x6e
.byte 0x67, 0x2d, 0x73, 0x77, 0x69, 0x74, 0x63, 0x68, 0x65, 0x72, 0x20, 0x3e, 0x20, 0x73, 0x75, 0x6d
.byte 0x6d, 0x61, 0x72, 0x79, 0x3a, 0x68, 0x6f, 0x76, 0x65, 0x72, 0x20, 0x7b, 0x0d, 0x0a, 0x20, 0x20
.byte 0x62, 0x61, 0x63, 0x6b, 0x67, 0x72, 0x6f, 0x75, 0x6e, 0x64, 0x3a, 0x20, 0x72, 0x67, 0x62, 0x61
.byte 0x28, 0x32, 0x35, 0x35, 0x2c, 0x20, 0x32, 0x35, 0x35, 0x2c, 0x20, 0x32, 0x35, 0x35, 0x2c, 0x20
.byte 0x30, 0x2e, 0x30, 0x34, 0x29, 0x3b, 0x0d, 0x0a, 0x20, 0x20, 0x62, 0x6f, 0x72, 0x64, 0x65, 0x72
.byte 0x2d, 0x63, 0x6f, 0x6c, 0x6f, 0x72, 0x3a, 0x20, 0x72, 0x67, 0x62, 0x61, 0x28, 0x32, 0x35, 0x35
.byte 0x2c, 0x20, 0x32, 0x35, 0x35, 0x2c, 0x20, 0x32, 0x35, 0x35, 0x2c, 0x20, 0x30, 0x2e, 0x31, 0x32
.byte 0x29, 0x3b, 0x0d, 0x0a, 0x7d, 0x0d, 0x0a, 0x0d, 0x0a, 0x2e, 0x6c, 0x61, 0x6e, 0x67, 0x2d, 0x69
.byte 0x63, 0x6f, 0x6e, 0x20, 0x7b, 0x0d, 0x0a, 0x20, 0x20, 0x77, 0x69, 0x64, 0x74, 0x68, 0x3a, 0x20
.byte 0x31, 0x65, 0x6d, 0x3b, 0x0d, 0x0a, 0x20, 0x20, 0x68, 0x65, 0x69, 0x67, 0x68, 0x74, 0x3a, 0x20
.byte 0x31, 0x65, 0x6d, 0x3b, 0x0d, 0x0a, 0x7d, 0x0d, 0x0a, 0x0d, 0x0a, 0x2e, 0x6c, 0x61, 0x6e, 0x67
.byte 0x2d, 0x63, 0x68, 0x65, 0x76, 0x72, 0x6f, 0x6e, 0x20, 0x7b, 0x0d, 0x0a, 0x20, 0x20, 0x66, 0x6c
.byte 0x65, 0x78, 0x2d, 0x73, 0x68, 0x72, 0x69, 0x6e, 0x6b, 0x3a, 0x20, 0x30, 0x3b, 0x0d, 0x0a, 0x20
.byte 0x20, 0x6f, 0x70, 0x61, 0x63, 0x69, 0x74, 0x79, 0x3a, 0x20, 0x30, 0x2e, 0x37, 0x35, 0x3b, 0x0d
.byte 0x0a, 0x7d, 0x0d, 0x0a, 0x0d, 0x0a, 0x2e, 0x6c, 0x61, 0x6e, 0x67, 0x2d, 0x73, 0x77, 0x69, 0x74
.byte 0x63, 0x68, 0x65, 0x72, 0x2d, 0x6d, 0x65, 0x6e, 0x75, 0x20, 0x7b, 0x0d, 0x0a, 0x20, 0x20, 0x70
.byte 0x6f, 0x73, 0x69, 0x74, 0x69, 0x6f, 0x6e, 0x3a, 0x20, 0x61, 0x62, 0x73, 0x6f, 0x6c, 0x75, 0x74
.byte 0x65, 0x3b, 0x0d, 0x0a, 0x20, 0x20, 0x74, 0x6f, 0x70, 0x3a, 0x20, 0x63, 0x61, 0x6c, 0x63, 0x28
.byte 0x31, 0x30, 0x30, 0x25, 0x20, 0x2b, 0x20, 0x36, 0x70, 0x78, 0x29, 0x3b, 0x0d, 0x0a, 0x20, 0x20
.byte 0x72, 0x69, 0x67, 0x68, 0x74, 0x3a, 0x20, 0x30, 0x3b, 0x0d, 0x0a, 0x20, 0x20, 0x6d, 0x69, 0x6e
.byte 0x2d, 0x77, 0x69, 0x64, 0x74, 0x68, 0x3a, 0x20, 0x39, 0x72, 0x65, 0x6d, 0x3b, 0x0d, 0x0a, 0x20
.byte 0x20, 0x70, 0x61, 0x64, 0x64, 0x69, 0x6e, 0x67, 0x3a, 0x20, 0x30, 0x2e, 0x33, 0x35, 0x72, 0x65
.byte 0x6d, 0x20, 0x30, 0x3b, 0x0d, 0x0a, 0x20, 0x20, 0x6c, 0x69, 0x73, 0x74, 0x2d, 0x73, 0x74, 0x79
.byte 0x6c, 0x65, 0x3a, 0x20, 0x6e, 0x6f, 0x6e, 0x65, 0x3b, 0x0d, 0x0a, 0x20, 0x20, 0x62, 0x61, 0x63
.byte 0x6b, 0x67, 0x72, 0x6f, 0x75, 0x6e, 0x64, 0x3a, 0x20, 0x76, 0x61, 0x72, 0x28, 0x2d, 0x2d, 0x62
.byte 0x67, 0x2d, 0x63, 0x61, 0x72, 0x64, 0x29, 0x3b, 0x0d, 0x0a, 0x20, 0x20, 0x62, 0x6f, 0x72, 0x64
.byte 0x65, 0x72, 0x3a, 0x20, 0x31, 0x70, 0x78, 0x20, 0x73, 0x6f, 0x6c, 0x69, 0x64, 0x20, 0x76, 0x61
.byte 0x72, 0x28, 0x2d, 0x2d, 0x62, 0x6f, 0x72, 0x64, 0x65, 0x72, 0x29, 0x3b, 0x0d, 0x0a, 0x20, 0x20
.byte 0x62, 0x6f, 0x72, 0x64, 0x65, 0x72, 0x2d, 0x72, 0x61, 0x64, 0x69, 0x75, 0x73, 0x3a, 0x20, 0x76
.byte 0x61, 0x72, 0x28, 0x2d, 0x2d, 0x72, 0x61, 0x64, 0x69, 0x75, 0x73, 0x2d, 0x6d, 0x64, 0x29, 0x3b
.byte 0x0d, 0x0a, 0x20, 0x20, 0x62, 0x6f, 0x78, 0x2d, 0x73, 0x68, 0x61, 0x64, 0x6f, 0x77, 0x3a, 0x20
.byte 0x30, 0x20, 0x31, 0x32, 0x70, 0x78, 0x20, 0x34, 0x30, 0x70, 0x78, 0x20, 0x72, 0x67, 0x62, 0x61
.byte 0x28, 0x30, 0x2c, 0x20, 0x30, 0x2c, 0x20, 0x30, 0x2c, 0x20, 0x30, 0x2e, 0x34, 0x35, 0x29, 0x3b
.byte 0x0d, 0x0a, 0x20, 0x20, 0x7a, 0x2d, 0x69, 0x6e, 0x64, 0x65, 0x78, 0x3a, 0x20, 0x32, 0x30, 0x30
.byte 0x3b, 0x0d, 0x0a, 0x7d, 0x0d, 0x0a, 0x0d, 0x0a, 0x2e, 0x6c, 0x61, 0x6e, 0x67, 0x2d, 0x73, 0x77
.byte 0x69, 0x74, 0x63, 0x68, 0x65, 0x72, 0x2d, 0x6d, 0x65, 0x6e, 0x75, 0x20, 0x61, 0x20, 0x7b, 0x0d
.byte 0x0a, 0x20, 0x20, 0x64, 0x69, 0x73, 0x70, 0x6c, 0x61, 0x79, 0x3a, 0x20, 0x62, 0x6c, 0x6f, 0x63
.byte 0x6b, 0x3b, 0x0d, 0x0a, 0x20, 0x20, 0x70, 0x61, 0x64, 0x64, 0x69, 0x6e, 0x67, 0x3a, 0x20, 0x30
.byte 0x2e, 0x34, 0x35, 0x72, 0x65, 0x6d, 0x20, 0x30, 0x2e, 0x39, 0x72, 0x65, 0x6d, 0x3b, 0x0d, 0x0a
.byte 0x20, 0x20, 0x66, 0x6f, 0x6e, 0x74, 0x2d, 0x73, 0x69, 0x7a, 0x65, 0x3a, 0x20, 0x30, 0x2e, 0x38
.byte 0x35, 0x72, 0x65, 0x6d, 0x3b, 0x0d, 0x0a, 0x20, 0x20, 0x63, 0x6f, 0x6c, 0x6f, 0x72, 0x3a, 0x20
.byte 0x76, 0x61, 0x72, 0x28, 0x2d, 0x2d, 0x74, 0x65, 0x78, 0x74, 0x2d, 0x73, 0x65, 0x63, 0x6f, 0x6e
.byte 0x64, 0x61, 0x72, 0x79, 0x29, 0x3b, 0x0d, 0x0a, 0x20, 0x20, 0x74, 0x65, 0x78, 0x74, 0x2d, 0x64
.byte 0x65, 0x63, 0x6f, 0x72, 0x61, 0x74, 0x69, 0x6f, 0x6e, 0x3a, 0x20, 0x6e, 0x6f, 0x6e, 0x65, 0x3b
.byte 0x0d, 0x0a, 0x20, 0x20, 0x63, 0x75, 0x72, 0x73, 0x6f, 0x72, 0x3a, 0x20, 0x70, 0x6f, 0x69, 0x6e
.byte 0x74, 0x65, 0x72, 0x3b, 0x0d, 0x0a, 0x20, 0x20, 0x74, 0x72, 0x61, 0x6e, 0x73, 0x69, 0x74, 0x69
.byte 0x6f, 0x6e, 0x3a, 0x20, 0x62, 0x61, 0x63, 0x6b, 0x67, 0x72, 0x6f, 0x75, 0x6e, 0x64, 0x20, 0x30
.byte 0x2e, 0x31, 0x32, 0x73, 0x2c, 0x20, 0x63, 0x6f, 0x6c, 0x6f, 0x72, 0x20, 0x30, 0x2e, 0x31, 0x32
.byte 0x73, 0x3b, 0x0d, 0x0a, 0x7d, 0x0d, 0x0a, 0x0d, 0x0a, 0x2e, 0x6c, 0x61, 0x6e, 0x67, 0x2d, 0x73
.byte 0x77, 0x69, 0x74, 0x63, 0x68, 0x65, 0x72, 0x2d, 0x6d, 0x65, 0x6e, 0x75, 0x20, 0x61, 0x3a, 0x68
.byte 0x6f, 0x76, 0x65, 0x72, 0x20, 0x7b, 0x0d, 0x0a, 0x20, 0x20, 0x62, 0x61, 0x63, 0x6b, 0x67, 0x72
.byte 0x6f, 0x75, 0x6e, 0x64, 0x3a, 0x20, 0x72, 0x67, 0x62, 0x61, 0x28, 0x32, 0x35, 0x35, 0x2c, 0x20
.byte 0x32, 0x35, 0x35, 0x2c, 0x20, 0x32, 0x35, 0x35, 0x2c, 0x20, 0x30, 0x2e, 0x30, 0x36, 0x29, 0x3b
.byte 0x0d, 0x0a, 0x20, 0x20, 0x63, 0x6f, 0x6c, 0x6f, 0x72, 0x3a, 0x20, 0x76, 0x61, 0x72, 0x28, 0x2d
.byte 0x2d, 0x74, 0x65, 0x78, 0x74, 0x2d, 0x70, 0x72, 0x69, 0x6d, 0x61, 0x72, 0x79, 0x29, 0x3b, 0x0d
.byte 0x0a, 0x7d, 0x0d, 0x0a, 0x0d, 0x0a, 0x2e, 0x6c, 0x61, 0x6e, 0x67, 0x2d, 0x73, 0x77, 0x69, 0x74
.byte 0x63, 0x68, 0x65, 0x72, 0x2d, 0x6d, 0x65, 0x6e, 0x75, 0x20, 0x61, 0x2e, 0x69, 0x73, 0x2d, 0x63
.byte 0x75, 0x72, 0x72, 0x65, 0x6e, 0x74, 0x20, 0x7b, 0x0d, 0x0a, 0x20, 0x20, 0x63, 0x6f, 0x6c, 0x6f
.byte 0x72, 0x3a, 0x20, 0x76, 0x61, 0x72, 0x28, 0x2d, 0x2d, 0x61, 0x63, 0x63, 0x65, 0x6e, 0x74, 0x2d
.byte 0x73, 0x6f, 0x66, 0x74, 0x29, 0x3b, 0x0d, 0x0a, 0x20, 0x20, 0x66, 0x6f, 0x6e, 0x74, 0x2d, 0x77
.byte 0x65, 0x69, 0x67, 0x68, 0x74, 0x3a, 0x20, 0x36, 0x30, 0x30, 0x3b, 0x0d, 0x0a, 0x20, 0x20, 0x70
.byte 0x6f, 0x69, 0x6e, 0x74, 0x65, 0x72, 0x2d, 0x65, 0x76, 0x65, 0x6e, 0x74, 0x73, 0x3a, 0x20, 0x6e
.byte 0x6f, 0x6e, 0x65, 0x3b, 0x0d, 0x0a, 0x7d, 0x0d, 0x0a, 0x0d, 0x0a, 0x2f, 0x2a, 0x20, 0xe2, 0x94
.byte 0x80, 0xe2, 0x94, 0x80, 0x20, 0x50, 0x61, 0x67, 0x65, 0x20, 0x48, 0x65, 0x61, 0x64, 0x65, 0x72
.byte 0x20, 0xe2, 0x94, 0x80, 0xe2, 0x94, 0x80, 0x20, 0x2a, 0x2f, 0x0d, 0x0a, 0x2e, 0x70, 0x61, 0x67
.byte 0x65, 0x2d, 0x68, 0x65, 0x61, 0x64, 0x65, 0x72, 0x20, 0x7b, 0x0d, 0x0a, 0x20, 0x20, 0x70, 0x61
.byte 0x64, 0x64, 0x69, 0x6e, 0x67, 0x3a, 0x20, 0x33, 0x72, 0x65, 0x6d, 0x20, 0x33, 0x72, 0x65, 0x6d
.byte 0x20, 0x32, 0x2e, 0x35, 0x72, 0x65, 0x6d, 0x3b, 0x0d, 0x0a, 0x20, 0x20, 0x62, 0x6f, 0x72, 0x64
.byte 0x65, 0x72, 0x2d, 0x62, 0x6f, 0x74, 0x74, 0x6f, 0x6d, 0x3a, 0x20, 0x31, 0x70, 0x78, 0x20, 0x73
.byte 0x6f, 0x6c, 0x69, 0x64, 0x20, 0x76, 0x61, 0x72, 0x28, 0x2d, 0x2d, 0x62, 0x6f, 0x72, 0x64, 0x65
.byte 0x72, 0x29, 0x3b, 0x0d, 0x0a, 0x20, 0x20, 0x62, 0x61, 0x63, 0x6b, 0x67, 0x72, 0x6f, 0x75, 0x6e
.byte 0x64, 0x3a, 0x20, 0x72, 0x61, 0x64, 0x69, 0x61, 0x6c, 0x2d, 0x67, 0x72, 0x61, 0x64, 0x69, 0x65
.byte 0x6e, 0x74, 0x28, 0x0d, 0x0a, 0x20, 0x20, 0x20, 0x20, 0x65, 0x6c, 0x6c, 0x69, 0x70, 0x73, 0x65
.byte 0x20, 0x61, 0x74, 0x20, 0x35, 0x30, 0x25, 0x20, 0x30, 0x25, 0x2c, 0x0d, 0x0a, 0x20, 0x20, 0x20
.byte 0x20, 0x72, 0x67, 0x62, 0x61, 0x28, 0x32, 0x33, 0x32, 0x2c, 0x20, 0x35, 0x34, 0x2c, 0x20, 0x34
.byte 0x35, 0x2c, 0x20, 0x30, 0x2e, 0x30, 0x36, 0x29, 0x20, 0x30, 0x25, 0x2c, 0x0d, 0x0a, 0x20, 0x20
.byte 0x20, 0x20, 0x74, 0x72, 0x61, 0x6e, 0x73, 0x70, 0x61, 0x72, 0x65, 0x6e, 0x74, 0x20, 0x36, 0x30
.byte 0x25, 0x0d, 0x0a, 0x20, 0x20, 0x29, 0x3b, 0x0d, 0x0a, 0x20, 0x20, 0x74, 0x65, 0x78, 0x74, 0x2d
.byte 0x61, 0x6c, 0x69, 0x67, 0x6e, 0x3a, 0x20, 0x63, 0x65, 0x6e, 0x74, 0x65, 0x72, 0x3b, 0x0d, 0x0a
.byte 0x7d, 0x0d, 0x0a, 0x0d, 0x0a, 0x2e, 0x70, 0x61, 0x67, 0x65, 0x2d, 0x68, 0x65, 0x61, 0x64, 0x65
.byte 0x72, 0x20, 0x68, 0x31, 0x20, 0x7b, 0x0d, 0x0a, 0x20, 0x20, 0x66, 0x6f, 0x6e, 0x74, 0x2d, 0x73
.byte 0x69, 0x7a, 0x65, 0x3a, 0x20, 0x63, 0x6c, 0x61, 0x6d, 0x70, 0x28, 0x31, 0x2e, 0x36, 0x72, 0x65
.byte 0x6d, 0x2c, 0x20, 0x33, 0x76, 0x77, 0x2c, 0x20, 0x32, 0x2e, 0x32, 0x72, 0x65, 0x6d, 0x29, 0x3b
.byte 0x0d, 0x0a, 0x20, 0x20, 0x66, 0x6f, 0x6e, 0x74, 0x2d, 0x77, 0x65, 0x69, 0x67, 0x68, 0x74, 0x3a
.byte 0x20, 0x37, 0x30, 0x30, 0x3b, 0x0d, 0x0a, 0x20, 0x20, 0x6c, 0x65, 0x74, 0x74, 0x65, 0x72, 0x2d
.byte 0x73, 0x70, 0x61, 0x63, 0x69, 0x6e, 0x67, 0x3a, 0x20, 0x2d, 0x30, 0x2e, 0x30, 0x32, 0x35, 0x65
.byte 0x6d, 0x3b, 0x0d, 0x0a, 0x20, 0x20, 0x6d, 0x61, 0x72, 0x67, 0x69, 0x6e, 0x2d, 0x62, 0x6f, 0x74
.byte 0x74, 0x6f, 0x6d, 0x3a, 0x20, 0x30, 0x2e, 0x36, 0x72, 0x65, 0x6d, 0x3b, 0x0d, 0x0a, 0x7d, 0x0d
.byte 0x0a, 0x0d, 0x0a, 0x2e, 0x70, 0x61, 0x67, 0x65, 0x2d, 0x68, 0x65, 0x61, 0x64, 0x65, 0x72, 0x20
.byte 0x70, 0x20, 0x7b, 0x0d, 0x0a, 0x20, 0x20, 0x66, 0x6f, 0x6e, 0x74, 0x2d, 0x73, 0x69, 0x7a, 0x65
.byte 0x3a, 0x20, 0x31, 0x72, 0x65, 0x6d, 0x3b, 0x0d, 0x0a, 0x20, 0x20, 0x63, 0x6f, 0x6c, 0x6f, 0x72
.byte 0x3a, 0x20, 0x76, 0x61, 0x72, 0x28, 0x2d, 0x2d, 0x74, 0x65, 0x78, 0x74, 0x2d, 0x73, 0x65, 0x63
.byte 0x6f, 0x6e, 0x64, 0x61, 0x72, 0x79, 0x29, 0x3b, 0x0d, 0x0a, 0x20, 0x20, 0x6d, 0x61, 0x78, 0x2d
.byte 0x77, 0x69, 0x64, 0x74, 0x68, 0x3a, 0x20, 0x37, 0x30, 0x30, 0x70, 0x78, 0x3b, 0x0d, 0x0a, 0x20
.byte 0x20, 0x6d, 0x61, 0x72, 0x67, 0x69, 0x6e, 0x3a, 0x20, 0x30, 0x20, 0x61, 0x75, 0x74, 0x6f, 0x3b
.byte 0x0d, 0x0a, 0x7d, 0x0d, 0x0a, 0x0d, 0x0a, 0x2f, 0x2a, 0x20, 0xe2, 0x94, 0x80, 0xe2, 0x94, 0x80
.byte 0x20, 0x53, 0x74, 0x61, 0x74, 0x75, 0x73, 0x20, 0x42, 0x61, 0x72, 0x20, 0xe2, 0x94, 0x80, 0xe2
.byte 0x94, 0x80, 0x20, 0x2a, 0x2f, 0x0d, 0x0a, 0x2e, 0x73, 0x74, 0x61, 0x74, 0x75, 0x73, 0x2d, 0x62
.byte 0x61, 0x72, 0x20, 0x7b, 0x0d, 0x0a, 0x20, 0x20, 0x62, 0x61, 0x63, 0x6b, 0x67, 0x72, 0x6f, 0x75
.byte 0x6e, 0x64, 0x3a, 0x20, 0x76, 0x61, 0x72, 0x28, 0x2d, 0x2d, 0x62, 0x67, 0x2d, 0x63, 0x61, 0x72
.byte 0x64, 0x29, 0x3b, 0x0d, 0x0a, 0x20, 0x20, 0x62, 0x6f, 0x72, 0x64, 0x65, 0x72, 0x3a, 0x20, 0x31
.byte 0x70, 0x78, 0x20, 0x73, 0x6f, 0x6c, 0x69, 0x64, 0x20, 0x76, 0x61, 0x72, 0x28, 0x2d, 0x2d, 0x62
.byte 0x6f, 0x72, 0x64, 0x65, 0x72, 0x29, 0x3b, 0x0d, 0x0a, 0x20, 0x20, 0x62, 0x6f, 0x72, 0x64, 0x65
.byte 0x72, 0x2d, 0x72, 0x61, 0x64, 0x69, 0x75, 0x73, 0x3a, 0x20, 0x76, 0x61, 0x72, 0x28, 0x2d, 0x2d
.byte 0x72, 0x61, 0x64, 0x69, 0x75, 0x73, 0x2d, 0x6c, 0x67, 0x29, 0x3b, 0x0d, 0x0a, 0x20, 0x20, 0x70
.byte 0x61, 0x64, 0x64, 0x69, 0x6e, 0x67, 0x3a, 0x20, 0x30, 0x2e, 0x39, 0x72, 0x65, 0x6d, 0x20, 0x31
.byte 0x2e, 0x35, 0x72, 0x65, 0x6d, 0x3b, 0x0d, 0x0a, 0x20, 0x20, 0x6d, 0x61, 0x72, 0x67, 0x69, 0x6e
.byte 0x2d, 0x62, 0x6f, 0x74, 0x74, 0x6f, 0x6d, 0x3a, 0x20, 0x31, 0x2e, 0x35, 0x72, 0x65, 0x6d, 0x3b
.byte 0x0d, 0x0a, 0x20, 0x20, 0x64, 0x69, 0x73, 0x70, 0x6c, 0x61, 0x79, 0x3a, 0x20, 0x66, 0x6c, 0x65
.byte 0x78, 0x3b, 0x0d, 0x0a, 0x20, 0x20, 0x61, 0x6c, 0x69, 0x67, 0x6e, 0x2d, 0x69, 0x74, 0x65, 0x6d
.byte 0x73, 0x3a, 0x20, 0x63, 0x65, 0x6e, 0x74, 0x65, 0x72, 0x3b, 0x0d, 0x0a, 0x20, 0x20, 0x6a, 0x75
.byte 0x73, 0x74, 0x69, 0x66, 0x79, 0x2d, 0x63, 0x6f, 0x6e, 0x74, 0x65, 0x6e, 0x74, 0x3a, 0x20, 0x73
.byte 0x70, 0x61, 0x63, 0x65, 0x2d, 0x62, 0x65, 0x74, 0x77, 0x65, 0x65, 0x6e, 0x3b, 0x0d, 0x0a, 0x20
.byte 0x20, 0x67, 0x61, 0x70, 0x3a, 0x20, 0x31, 0x72, 0x65, 0x6d, 0x3b, 0x0d, 0x0a, 0x20, 0x20, 0x66
.byte 0x6c, 0x65, 0x78, 0x2d, 0x77, 0x72, 0x61, 0x70, 0x3a, 0x20, 0x77, 0x72, 0x61, 0x70, 0x3b, 0x0d
.byte 0x0a, 0x7d, 0x0d, 0x0a, 0x0d, 0x0a, 0x2e, 0x73, 0x74, 0x61, 0x74, 0x75, 0x73, 0x2d, 0x62, 0x61
.byte 0x72, 0x2e, 0x69, 0x73, 0x2d, 0x6f, 0x6e, 0x6c, 0x69, 0x6e, 0x65, 0x20, 0x7b, 0x0d, 0x0a, 0x20
.byte 0x20, 0x62, 0x6f, 0x72, 0x64, 0x65, 0x72, 0x2d, 0x63, 0x6f, 0x6c, 0x6f, 0x72, 0x3a, 0x20, 0x72
.byte 0x67, 0x62, 0x61, 0x28, 0x31, 0x30, 0x34, 0x2c, 0x20, 0x32, 0x31, 0x31, 0x2c, 0x20, 0x31, 0x34
.byte 0x35, 0x2c, 0x20, 0x30, 0x2e, 0x32, 0x32, 0x29, 0x3b, 0x0d, 0x0a, 0x20, 0x20, 0x62, 0x61, 0x63
.byte 0x6b, 0x67, 0x72, 0x6f, 0x75, 0x6e, 0x64, 0x3a, 0x20, 0x6c, 0x69, 0x6e, 0x65, 0x61, 0x72, 0x2d
.byte 0x67, 0x72, 0x61, 0x64, 0x69, 0x65, 0x6e, 0x74, 0x28, 0x0d, 0x0a, 0x20, 0x20, 0x20, 0x20, 0x31
.byte 0x33, 0x35, 0x64, 0x65, 0x67, 0x2c, 0x0d, 0x0a, 0x20, 0x20, 0x20, 0x20, 0x76, 0x61, 0x72, 0x28
.byte 0x2d, 0x2d, 0x62, 0x67, 0x2d, 0x63, 0x61, 0x72, 0x64, 0x29, 0x20, 0x30, 0x25, 0x2c, 0x0d, 0x0a
.byte 0x20, 0x20, 0x20, 0x20, 0x72, 0x67, 0x62, 0x61, 0x28, 0x31, 0x30, 0x34, 0x2c, 0x20, 0x32, 0x31
.byte 0x31, 0x2c, 0x20, 0x31, 0x34, 0x35, 0x2c, 0x20, 0x30, 0x2e, 0x30, 0x32, 0x35, 0x29, 0x20, 0x31
.byte 0x30, 0x30, 0x25, 0x0d, 0x0a, 0x20, 0x20, 0x29, 0x3b, 0x0d, 0x0a, 0x7d, 0x0d, 0x0a, 0x0d, 0x0a
.byte 0x2e, 0x73, 0x74, 0x61, 0x74, 0x75, 0x73, 0x2d, 0x69, 0x6e, 0x66, 0x6f, 0x20, 0x7b, 0x0d, 0x0a
.byte 0x20, 0x20, 0x64, 0x69, 0x73, 0x70, 0x6c, 0x61, 0x79, 0x3a, 0x20, 0x66, 0x6c, 0x65, 0x78, 0x3b
.byte 0x0d, 0x0a, 0x20, 0x20, 0x61, 0x6c, 0x69, 0x67, 0x6e, 0x2d, 0x69, 0x74, 0x65, 0x6d, 0x73, 0x3a
.byte 0x20, 0x63, 0x65, 0x6e, 0x74, 0x65, 0x72, 0x3b, 0x0d, 0x0a, 0x20, 0x20, 0x67, 0x61, 0x70, 0x3a
.byte 0x20, 0x30, 0x2e, 0x35, 0x35, 0x72, 0x65, 0x6d, 0x3b, 0x0d, 0x0a, 0x20, 0x20, 0x66, 0x6c, 0x65
.byte 0x78, 0x2d, 0x77, 0x72, 0x61, 0x70, 0x3a, 0x20, 0x77, 0x72, 0x61, 0x70, 0x3b, 0x0d, 0x0a, 0x7d
.byte 0x0d, 0x0a, 0x0d, 0x0a, 0x2e, 0x73, 0x74, 0x61, 0x74, 0x75, 0x73, 0x2d, 0x62, 0x61, 0x64, 0x67
.byte 0x65, 0x20, 0x7b, 0x0d, 0x0a, 0x20, 0x20, 0x64, 0x69, 0x73, 0x70, 0x6c, 0x61, 0x79, 0x3a, 0x20
.byte 0x69, 0x6e, 0x6c, 0x69, 0x6e, 0x65, 0x2d, 0x66, 0x6c, 0x65, 0x78, 0x3b, 0x0d, 0x0a, 0x20, 0x20
.byte 0x61, 0x6c, 0x69, 0x67, 0x6e, 0x2d, 0x69, 0x74, 0x65, 0x6d, 0x73, 0x3a, 0x20, 0x63, 0x65, 0x6e
.byte 0x74, 0x65, 0x72, 0x3b, 0x0d, 0x0a, 0x20, 0x20, 0x67, 0x61, 0x70, 0x3a, 0x20, 0x30, 0x2e, 0x34
.byte 0x72, 0x65, 0x6d, 0x3b, 0x0d, 0x0a, 0x20, 0x20, 0x66, 0x6f, 0x6e, 0x74, 0x2d, 0x73, 0x69, 0x7a
.byte 0x65, 0x3a, 0x20, 0x30, 0x2e, 0x38, 0x72, 0x65, 0x6d, 0x3b, 0x0d, 0x0a, 0x20, 0x20, 0x70, 0x61
.byte 0x64, 0x64, 0x69, 0x6e, 0x67, 0x3a, 0x20, 0x30, 0x2e, 0x33, 0x72, 0x65, 0x6d, 0x20, 0x30, 0x2e
.byte 0x37, 0x35, 0x72, 0x65, 0x6d, 0x3b, 0x0d, 0x0a, 0x20, 0x20, 0x62, 0x6f, 0x72, 0x64, 0x65, 0x72
.byte 0x2d, 0x72, 0x61, 0x64, 0x69, 0x75, 0x73, 0x3a, 0x20, 0x31, 0x30, 0x30, 0x70, 0x78, 0x3b, 0x0d
.byte 0x0a, 0x20, 0x20, 0x66, 0x6f, 0x6e, 0x74, 0x2d, 0x77, 0x65, 0x69, 0x67, 0x68, 0x74, 0x3a, 0x20
.byte 0x35, 0x30, 0x30, 0x3b, 0x0d, 0x0a, 0x7d, 0x0d, 0x0a, 0x0d, 0x0a, 0x2e, 0x73, 0x74, 0x61, 0x74
.byte 0x75, 0x73, 0x2d, 0x64, 0x6f, 0x74, 0x20, 0x7b, 0x0d, 0x0a, 0x20, 0x20, 0x77, 0x69, 0x64, 0x74
.byte 0x68, 0x3a, 0x20, 0x37, 0x70, 0x78, 0x3b, 0x0d, 0x0a, 0x20, 0x20, 0x68, 0x65, 0x69, 0x67, 0x68
.byte 0x74, 0x3a, 0x20, 0x37, 0x70, 0x78, 0x3b, 0x0d, 0x0a, 0x20, 0x20, 0x62, 0x6f, 0x72, 0x64, 0x65
.byte 0x72, 0x2d, 0x72, 0x61, 0x64, 0x69, 0x75, 0x73, 0x3a, 0x20, 0x35, 0x30, 0x25, 0x3b, 0x0d, 0x0a
.byte 0x7d, 0x0d, 0x0a, 0x0d, 0x0a, 0x2e, 0x73, 0x74, 0x61, 0x74, 0x75, 0x73, 0x2d, 0x62, 0x61, 0x64
.byte 0x67, 0x65, 0x2e, 0x6f, 0x66, 0x66, 0x6c, 0x69, 0x6e, 0x65, 0x20, 0x7b, 0x0d, 0x0a, 0x20, 0x20
.byte 0x63, 0x6f, 0x6c, 0x6f, 0x72, 0x3a, 0x20, 0x76, 0x61, 0x72, 0x28, 0x2d, 0x2d, 0x74, 0x65, 0x78
.byte 0x74, 0x2d, 0x6d, 0x75, 0x74, 0x65, 0x64, 0x29, 0x3b, 0x0d, 0x0a, 0x20, 0x20, 0x62, 0x61, 0x63
.byte 0x6b, 0x67, 0x72, 0x6f, 0x75, 0x6e, 0x64, 0x3a, 0x20, 0x72, 0x67, 0x62, 0x61, 0x28, 0x32, 0x35
.byte 0x35, 0x2c, 0x20, 0x32, 0x35, 0x35, 0x2c, 0x20, 0x32, 0x35, 0x35, 0x2c, 0x20, 0x30, 0x2e, 0x30
.byte 0x34, 0x29, 0x3b, 0x0d, 0x0a, 0x20, 0x20, 0x62, 0x6f, 0x72, 0x64, 0x65, 0x72, 0x3a, 0x20, 0x31
.byte 0x70, 0x78, 0x20, 0x73, 0x6f, 0x6c, 0x69, 0x64, 0x20, 0x76, 0x61, 0x72, 0x28, 0x2d, 0x2d, 0x62
.byte 0x6f, 0x72, 0x64, 0x65, 0x72, 0x29, 0x3b, 0x0d, 0x0a, 0x7d, 0x0d, 0x0a, 0x0d, 0x0a, 0x2e, 0x73
.byte 0x74, 0x61, 0x74, 0x75, 0x73, 0x2d, 0x62, 0x61, 0x64, 0x67, 0x65, 0x2e, 0x6f, 0x6e, 0x6c, 0x69
.byte 0x6e, 0x65, 0x20, 0x7b, 0x0d, 0x0a, 0x20, 0x20, 0x63, 0x6f, 0x6c, 0x6f, 0x72, 0x3a, 0x20, 0x76
.byte 0x61, 0x72, 0x28, 0x2d, 0x2d, 0x67, 0x72, 0x65, 0x65, 0x6e, 0x29, 0x3b, 0x0d, 0x0a, 0x20, 0x20
.byte 0x62, 0x61, 0x63, 0x6b, 0x67, 0x72, 0x6f, 0x75, 0x6e, 0x64, 0x3a, 0x20, 0x76, 0x61, 0x72, 0x28
.byte 0x2d, 0x2d, 0x67, 0x72, 0x65, 0x65, 0x6e, 0x2d, 0x64, 0x69, 0x6d, 0x29, 0x3b, 0x0d, 0x0a, 0x20
.byte 0x20, 0x62, 0x6f, 0x72, 0x64, 0x65, 0x72, 0x3a, 0x20, 0x31, 0x70, 0x78, 0x20, 0x73, 0x6f, 0x6c
.byte 0x69, 0x64, 0x20, 0x72, 0x67, 0x62, 0x61, 0x28, 0x31, 0x30, 0x34, 0x2c, 0x20, 0x32, 0x31, 0x31
.byte 0x2c, 0x20, 0x31, 0x34, 0x35, 0x2c, 0x20, 0x30, 0x2e, 0x32, 0x29, 0x3b, 0x0d, 0x0a, 0x7d, 0x0d
.byte 0x0a, 0x0d, 0x0a, 0x2e, 0x73, 0x74, 0x61, 0x74, 0x75, 0x73, 0x2d, 0x62, 0x61, 0x64, 0x67, 0x65
.byte 0x2e, 0x6f, 0x6e, 0x6c, 0x69, 0x6e, 0x65, 0x20, 0x2e, 0x73, 0x74, 0x61, 0x74, 0x75, 0x73, 0x2d
.byte 0x64, 0x6f, 0x74, 0x20, 0x7b, 0x0d, 0x0a, 0x20, 0x20, 0x62, 0x61, 0x63, 0x6b, 0x67, 0x72, 0x6f
.byte 0x75, 0x6e, 0x64, 0x3a, 0x20, 0x76, 0x61, 0x72, 0x28, 0x2d, 0x2d, 0x67, 0x72, 0x65, 0x65, 0x6e
.byte 0x29, 0x3b, 0x0d, 0x0a, 0x20, 0x20, 0x61, 0x6e, 0x69, 0x6d, 0x61, 0x74, 0x69, 0x6f, 0x6e, 0x3a
.byte 0x20, 0x70, 0x75, 0x6c, 0x73, 0x65, 0x20, 0x32, 0x73, 0x20, 0x69, 0x6e, 0x66, 0x69, 0x6e, 0x69
.byte 0x74, 0x65, 0x3b, 0x0d, 0x0a, 0x7d, 0x0d, 0x0a, 0x0d, 0x0a, 0x2e, 0x73, 0x74, 0x61, 0x74, 0x75
.byte 0x73, 0x2d, 0x62, 0x61, 0x64, 0x67, 0x65, 0x2e, 0x6f, 0x66, 0x66, 0x6c, 0x69, 0x6e, 0x65, 0x20
.byte 0x2e, 0x73, 0x74, 0x61, 0x74, 0x75, 0x73, 0x2d, 0x64, 0x6f, 0x74, 0x20, 0x7b, 0x0d, 0x0a, 0x20
.byte 0x20, 0x62, 0x61, 0x63, 0x6b, 0x67, 0x72, 0x6f, 0x75, 0x6e, 0x64, 0x3a, 0x20, 0x76, 0x61, 0x72
.byte 0x28, 0x2d, 0x2d, 0x74, 0x65, 0x78, 0x74, 0x2d, 0x6d, 0x75, 0x74, 0x65, 0x64, 0x29, 0x3b, 0x0d
.byte 0x0a, 0x7d, 0x0d, 0x0a, 0x0d, 0x0a, 0x40, 0x6b, 0x65, 0x79, 0x66, 0x72, 0x61, 0x6d, 0x65, 0x73
.byte 0x20, 0x70, 0x75, 0x6c, 0x73, 0x65, 0x20, 0x7b, 0x0d, 0x0a, 0x20, 0x20, 0x30, 0x25, 0x2c, 0x20
.byte 0x31, 0x30, 0x30, 0x25, 0x20, 0x7b, 0x20, 0x6f, 0x70, 0x61, 0x63, 0x69, 0x74, 0x79, 0x3a, 0x20
.byte 0x31, 0x3b, 0x20, 0x74, 0x72, 0x61, 0x6e, 0x73, 0x66, 0x6f, 0x72, 0x6d, 0x3a, 0x20, 0x73, 0x63
.byte 0x61, 0x6c, 0x65, 0x28, 0x31, 0x29, 0x3b, 0x20, 0x7d, 0x0d, 0x0a, 0x20, 0x20, 0x35, 0x30, 0x25
.byte 0x20, 0x7b, 0x20, 0x6f, 0x70, 0x61, 0x63, 0x69, 0x74, 0x79, 0x3a, 0x20, 0x30, 0x2e, 0x35, 0x3b
.byte 0x20, 0x74, 0x72, 0x61, 0x6e, 0x73, 0x66, 0x6f, 0x72, 0x6d, 0x3a, 0x20, 0x73, 0x63, 0x61, 0x6c
.byte 0x65, 0x28, 0x30, 0x2e, 0x38, 0x29, 0x3b, 0x20, 0x7d, 0x0d, 0x0a, 0x7d, 0x0d, 0x0a, 0x0d, 0x0a
.byte 0x2e, 0x73, 0x74, 0x61, 0x74, 0x75, 0x73, 0x2d, 0x6d, 0x65, 0x74, 0x61, 0x2d, 0x73, 0x65, 0x70
.byte 0x20, 0x7b, 0x0d, 0x0a, 0x20, 0x20, 0x63, 0x6f, 0x6c, 0x6f, 0x72, 0x3a, 0x20, 0x76, 0x61, 0x72
.byte 0x28, 0x2d, 0x2d, 0x62, 0x6f, 0x72, 0x64, 0x65, 0x72, 0x29, 0x3b, 0x0d, 0x0a, 0x20, 0x20, 0x66
.byte 0x6f, 0x6e, 0x74, 0x2d, 0x73, 0x69, 0x7a, 0x65, 0x3a, 0x20, 0x30, 0x2e, 0x38, 0x72, 0x65, 0x6d
.byte 0x3b, 0x0d, 0x0a, 0x20, 0x20, 0x75, 0x73, 0x65, 0x72, 0x2d, 0x73, 0x65, 0x6c, 0x65, 0x63, 0x74
.byte 0x3a, 0x20, 0x6e, 0x6f, 0x6e, 0x65, 0x3b, 0x0d, 0x0a, 0x7d, 0x0d, 0x0a, 0x0d, 0x0a, 0x2e, 0x73
.byte 0x74, 0x61, 0x74, 0x75, 0x73, 0x2d, 0x6d, 0x65, 0x74, 0x61, 0x2d, 0x69, 0x74, 0x65, 0x6d, 0x20
.byte 0x7b, 0x0d, 0x0a, 0x20, 0x20, 0x66, 0x6f, 0x6e, 0x74, 0x2d, 0x73, 0x69, 0x7a, 0x65, 0x3a, 0x20
.byte 0x30, 0x2e, 0x38, 0x32, 0x72, 0x65, 0x6d, 0x3b, 0x0d, 0x0a, 0x20, 0x20, 0x63, 0x6f, 0x6c, 0x6f
.byte 0x72, 0x3a, 0x20, 0x76, 0x61, 0x72, 0x28, 0x2d, 0x2d, 0x74, 0x65, 0x78, 0x74, 0x2d, 0x73, 0x65
.byte 0x63, 0x6f, 0x6e, 0x64, 0x61, 0x72, 0x79, 0x29, 0x3b, 0x0d, 0x0a, 0x20, 0x20, 0x66, 0x6f, 0x6e
.byte 0x74, 0x2d, 0x66, 0x61, 0x6d, 0x69, 0x6c, 0x79, 0x3a, 0x20, 0x22, 0x4a, 0x65, 0x74, 0x42, 0x72
.byte 0x61, 0x69, 0x6e, 0x73, 0x20, 0x4d, 0x6f, 0x6e, 0x6f, 0x22, 0x2c, 0x20, 0x22, 0x46, 0x69, 0x72
.byte 0x61, 0x20, 0x43, 0x6f, 0x64, 0x65, 0x22, 0x2c, 0x20, 0x6d, 0x6f, 0x6e, 0x6f, 0x73, 0x70, 0x61
.byte 0x63, 0x65, 0x3b, 0x0d, 0x0a, 0x20, 0x20, 0x66, 0x6f, 0x6e, 0x74, 0x2d, 0x77, 0x65, 0x69, 0x67
.byte 0x68, 0x74, 0x3a, 0x20, 0x36, 0x30, 0x30, 0x3b, 0x0d, 0x0a, 0x7d, 0x0d, 0x0a, 0x0d, 0x0a, 0x2f
.byte 0x2a, 0x20, 0xe2, 0x94, 0x80, 0xe2, 0x94, 0x80, 0x20, 0x4d, 0x61, 0x69, 0x6e, 0x20, 0xe2, 0x94
.byte 0x80, 0xe2, 0x94, 0x80, 0x20, 0x2a, 0x2f, 0x0d, 0x0a, 0x6d, 0x61, 0x69, 0x6e, 0x20, 0x7b, 0x0d
.byte 0x0a, 0x20, 0x20, 0x66, 0x6c, 0x65, 0x78, 0x3a, 0x20, 0x31, 0x3b, 0x0d, 0x0a, 0x20, 0x20, 0x70
.byte 0x61, 0x64, 0x64, 0x69, 0x6e, 0x67, 0x3a, 0x20, 0x32, 0x72, 0x65, 0x6d, 0x20, 0x32, 0x72, 0x65
.byte 0x6d, 0x20, 0x34, 0x72, 0x65, 0x6d, 0x3b, 0x0d, 0x0a, 0x20, 0x20, 0x6d, 0x61, 0x78, 0x2d, 0x77
.byte 0x69, 0x64, 0x74, 0x68, 0x3a, 0x20, 0x39, 0x30, 0x30, 0x70, 0x78, 0x3b, 0x0d, 0x0a, 0x20, 0x20
.byte 0x6d, 0x61, 0x72, 0x67, 0x69, 0x6e, 0x3a, 0x20, 0x30, 0x20, 0x61, 0x75, 0x74, 0x6f, 0x3b, 0x0d
.byte 0x0a, 0x20, 0x20, 0x77, 0x69, 0x64, 0x74, 0x68, 0x3a, 0x20, 0x31, 0x30, 0x30, 0x25, 0x3b, 0x0d
.byte 0x0a, 0x7d, 0x0d, 0x0a, 0x0d, 0x0a, 0x2f, 0x2a, 0x20, 0xe2, 0x94, 0x80, 0xe2, 0x94, 0x80, 0x20
.byte 0x4d, 0x61, 0x69, 0x6e, 0x20, 0x43, 0x6f, 0x6e, 0x74, 0x65, 0x6e, 0x74, 0x20, 0x43, 0x61, 0x72
.byte 0x64, 0x20, 0xe2, 0x94, 0x80, 0xe2, 0x94, 0x80, 0x20, 0x2a, 0x2f, 0x0d, 0x0a, 0x2e, 0x6d, 0x61
.byte 0x69, 0x6e, 0x2d, 0x63, 0x6f, 0x6e, 0x74, 0x65, 0x6e, 0x74, 0x20, 0x7b, 0x0d, 0x0a, 0x20, 0x20
.byte 0x62, 0x61, 0x63, 0x6b, 0x67, 0x72, 0x6f, 0x75, 0x6e, 0x64, 0x3a, 0x20, 0x76, 0x61, 0x72, 0x28
.byte 0x2d, 0x2d, 0x62, 0x67, 0x2d, 0x63, 0x61, 0x72, 0x64, 0x29, 0x3b, 0x0d, 0x0a, 0x20, 0x20, 0x62
.byte 0x6f, 0x72, 0x64, 0x65, 0x72, 0x3a, 0x20, 0x31, 0x70, 0x78, 0x20, 0x73, 0x6f, 0x6c, 0x69, 0x64
.byte 0x20, 0x76, 0x61, 0x72, 0x28, 0x2d, 0x2d, 0x62, 0x6f, 0x72, 0x64, 0x65, 0x72, 0x29, 0x3b, 0x0d
.byte 0x0a, 0x20, 0x20, 0x62, 0x6f, 0x72, 0x64, 0x65, 0x72, 0x2d, 0x72, 0x61, 0x64, 0x69, 0x75, 0x73
.byte 0x3a, 0x20, 0x76, 0x61, 0x72, 0x28, 0x2d, 0x2d, 0x72, 0x61, 0x64, 0x69, 0x75, 0x73, 0x2d, 0x6c
.byte 0x67, 0x29, 0x3b, 0x0d, 0x0a, 0x20, 0x20, 0x6f, 0x76, 0x65, 0x72, 0x66, 0x6c, 0x6f, 0x77, 0x3a
.byte 0x20, 0x68, 0x69, 0x64, 0x64, 0x65, 0x6e, 0x3b, 0x0d, 0x0a, 0x7d, 0x0d, 0x0a, 0x0d, 0x0a, 0x2f
.byte 0x2a, 0x20, 0xe2, 0x94, 0x80, 0xe2, 0x94, 0x80, 0x20, 0x54, 0x61, 0x62, 0x73, 0x20, 0xe2, 0x94
.byte 0x80, 0xe2, 0x94, 0x80, 0x20, 0x2a, 0x2f, 0x0d, 0x0a, 0x2e, 0x74, 0x61, 0x62, 0x73, 0x20, 0x7b
.byte 0x0d, 0x0a, 0x20, 0x20, 0x64, 0x69, 0x73, 0x70, 0x6c, 0x61, 0x79, 0x3a, 0x20, 0x66, 0x6c, 0x65
.byte 0x78, 0x3b, 0x0d, 0x0a, 0x20, 0x20, 0x62, 0x6f, 0x72, 0x64, 0x65, 0x72, 0x2d, 0x62, 0x6f, 0x74
.byte 0x74, 0x6f, 0x6d, 0x3a, 0x20, 0x31, 0x70, 0x78, 0x20, 0x73, 0x6f, 0x6c, 0x69, 0x64, 0x20, 0x76
.byte 0x61, 0x72, 0x28, 0x2d, 0x2d, 0x62, 0x6f, 0x72, 0x64, 0x65, 0x72, 0x29, 0x3b, 0x0d, 0x0a, 0x7d
.byte 0x0d, 0x0a, 0x0d, 0x0a, 0x2e, 0x74, 0x61, 0x62, 0x2d, 0x62, 0x74, 0x6e, 0x20, 0x7b, 0x0d, 0x0a
.byte 0x20, 0x20, 0x66, 0x6c, 0x65, 0x78, 0x3a, 0x20, 0x31, 0x3b, 0x0d, 0x0a, 0x20, 0x20, 0x70, 0x61
.byte 0x64, 0x64, 0x69, 0x6e, 0x67, 0x3a, 0x20, 0x30, 0x2e, 0x37, 0x35, 0x72, 0x65, 0x6d, 0x20, 0x31
.byte 0x2e, 0x35, 0x72, 0x65, 0x6d, 0x3b, 0x0d, 0x0a, 0x20, 0x20, 0x66, 0x6f, 0x6e, 0x74, 0x2d, 0x73
.byte 0x69, 0x7a, 0x65, 0x3a, 0x20, 0x30, 0x2e, 0x38, 0x37, 0x35, 0x72, 0x65, 0x6d, 0x3b, 0x0d, 0x0a
.byte 0x20, 0x20, 0x66, 0x6f, 0x6e, 0x74, 0x2d, 0x77, 0x65, 0x69, 0x67, 0x68, 0x74, 0x3a, 0x20, 0x35
.byte 0x30, 0x30, 0x3b, 0x0d, 0x0a, 0x20, 0x20, 0x66, 0x6f, 0x6e, 0x74, 0x2d, 0x66, 0x61, 0x6d, 0x69
.byte 0x6c, 0x79, 0x3a, 0x20, 0x69, 0x6e, 0x68, 0x65, 0x72, 0x69, 0x74, 0x3b, 0x0d, 0x0a, 0x20, 0x20
.byte 0x63, 0x6f, 0x6c, 0x6f, 0x72, 0x3a, 0x20, 0x76, 0x61, 0x72, 0x28, 0x2d, 0x2d, 0x74, 0x65, 0x78
.byte 0x74, 0x2d, 0x73, 0x65, 0x63, 0x6f, 0x6e, 0x64, 0x61, 0x72, 0x79, 0x29, 0x3b, 0x0d, 0x0a, 0x20
.byte 0x20, 0x62, 0x61, 0x63, 0x6b, 0x67, 0x72, 0x6f, 0x75, 0x6e, 0x64, 0x3a, 0x20, 0x74, 0x72, 0x61
.byte 0x6e, 0x73, 0x70, 0x61, 0x72, 0x65, 0x6e, 0x74, 0x3b, 0x0d, 0x0a, 0x20, 0x20, 0x62, 0x6f, 0x72
.byte 0x64, 0x65, 0x72, 0x3a, 0x20, 0x6e, 0x6f, 0x6e, 0x65, 0x3b, 0x0d, 0x0a, 0x20, 0x20, 0x62, 0x6f
.byte 0x72, 0x64, 0x65, 0x72, 0x2d, 0x62, 0x6f, 0x74, 0x74, 0x6f, 0x6d, 0x3a, 0x20, 0x32, 0x70, 0x78
.byte 0x20, 0x73, 0x6f, 0x6c, 0x69, 0x64, 0x20, 0x74, 0x72, 0x61, 0x6e, 0x73, 0x70, 0x61, 0x72, 0x65
.byte 0x6e, 0x74, 0x3b, 0x0d, 0x0a, 0x20, 0x20, 0x63, 0x75, 0x72, 0x73, 0x6f, 0x72, 0x3a, 0x20, 0x70
.byte 0x6f, 0x69, 0x6e, 0x74, 0x65, 0x72, 0x3b, 0x0d, 0x0a, 0x20, 0x20, 0x74, 0x65, 0x78, 0x74, 0x2d
.byte 0x61, 0x6c, 0x69, 0x67, 0x6e, 0x3a, 0x20, 0x63, 0x65, 0x6e, 0x74, 0x65, 0x72, 0x3b, 0x0d, 0x0a
.byte 0x20, 0x20, 0x74, 0x72, 0x61, 0x6e, 0x73, 0x69, 0x74, 0x69, 0x6f, 0x6e, 0x3a, 0x20, 0x63, 0x6f
.byte 0x6c, 0x6f, 0x72, 0x20, 0x30, 0x2e, 0x31, 0x35, 0x73, 0x2c, 0x20, 0x62, 0x6f, 0x72, 0x64, 0x65
.byte 0x72, 0x2d, 0x63, 0x6f, 0x6c, 0x6f, 0x72, 0x20, 0x30, 0x2e, 0x31, 0x35, 0x73, 0x3b, 0x0d, 0x0a
.byte 0x7d, 0x0d, 0x0a, 0x0d, 0x0a, 0x2e, 0x74, 0x61, 0x62, 0x2d, 0x62, 0x74, 0x6e, 0x3a, 0x68, 0x6f
.byte 0x76, 0x65, 0x72, 0x20, 0x7b, 0x0d, 0x0a, 0x20, 0x20, 0x63, 0x6f, 0x6c, 0x6f, 0x72, 0x3a, 0x20
.byte 0x76, 0x61, 0x72, 0x28, 0x2d, 0x2d, 0x74, 0x65, 0x78, 0x74, 0x2d, 0x70, 0x72, 0x69, 0x6d, 0x61
.byte 0x72, 0x79, 0x29, 0x3b, 0x0d, 0x0a, 0x7d, 0x0d, 0x0a, 0x0d, 0x0a, 0x2e, 0x74, 0x61, 0x62, 0x2d
.byte 0x62, 0x74, 0x6e, 0x2e, 0x61, 0x63, 0x74, 0x69, 0x76, 0x65, 0x20, 0x7b, 0x0d, 0x0a, 0x20, 0x20
.byte 0x63, 0x6f, 0x6c, 0x6f, 0x72, 0x3a, 0x20, 0x76, 0x61, 0x72, 0x28, 0x2d, 0x2d, 0x74, 0x65, 0x78
.byte 0x74, 0x2d, 0x70, 0x72, 0x69, 0x6d, 0x61, 0x72, 0x79, 0x29, 0x3b, 0x0d, 0x0a, 0x20, 0x20, 0x62
.byte 0x6f, 0x72, 0x64, 0x65, 0x72, 0x2d, 0x62, 0x6f, 0x74, 0x74, 0x6f, 0x6d, 0x2d, 0x63, 0x6f, 0x6c
.byte 0x6f, 0x72, 0x3a, 0x20, 0x76, 0x61, 0x72, 0x28, 0x2d, 0x2d, 0x61, 0x63, 0x63, 0x65, 0x6e, 0x74
.byte 0x2d, 0x73, 0x6f, 0x66, 0x74, 0x29, 0x3b, 0x0d, 0x0a, 0x7d, 0x0d, 0x0a, 0x0d, 0x0a, 0x2e, 0x74
.byte 0x61, 0x62, 0x2d, 0x70, 0x61, 0x6e, 0x65, 0x6c, 0x20, 0x7b, 0x0d, 0x0a, 0x20, 0x20, 0x64, 0x69
.byte 0x73, 0x70, 0x6c, 0x61, 0x79, 0x3a, 0x20, 0x6e, 0x6f, 0x6e, 0x65, 0x3b, 0x0d, 0x0a, 0x7d, 0x0d
.byte 0x0a, 0x0d, 0x0a, 0x2e, 0x74, 0x61, 0x62, 0x2d, 0x70, 0x61, 0x6e, 0x65, 0x6c, 0x2e, 0x61, 0x63
.byte 0x74, 0x69, 0x76, 0x65, 0x20, 0x7b, 0x0d, 0x0a, 0x20, 0x20, 0x64, 0x69, 0x73, 0x70, 0x6c, 0x61
.byte 0x79, 0x3a, 0x20, 0x62, 0x6c, 0x6f, 0x63, 0x6b, 0x3b, 0x0d, 0x0a, 0x7d, 0x0d, 0x0a, 0x0d, 0x0a
.byte 0x2f, 0x2a, 0x20, 0xe2, 0x94, 0x80, 0xe2, 0x94, 0x80, 0x20, 0x43, 0x6f, 0x6c, 0x6c, 0x61, 0x70
.byte 0x73, 0x69, 0x62, 0x6c, 0x65, 0x20, 0x43, 0x6f, 0x6e, 0x66, 0x69, 0x67, 0x20, 0x53, 0x65, 0x63
.byte 0x74, 0x69, 0x6f, 0x6e, 0x73, 0x20, 0xe2, 0x94, 0x80, 0xe2, 0x94, 0x80, 0x20, 0x2a, 0x2f, 0x0d
.byte 0x0a, 0x2e, 0x63, 0x6f, 0x6e, 0x66, 0x69, 0x67, 0x2d, 0x73, 0x65, 0x63, 0x74, 0x69, 0x6f, 0x6e
.byte 0x20, 0x7b, 0x0d, 0x0a, 0x20, 0x20, 0x62, 0x6f, 0x72, 0x64, 0x65, 0x72, 0x2d, 0x62, 0x6f, 0x74
.byte 0x74, 0x6f, 0x6d, 0x3a, 0x20, 0x31, 0x70, 0x78, 0x20, 0x73, 0x6f, 0x6c, 0x69, 0x64, 0x20, 0x76
.byte 0x61, 0x72, 0x28, 0x2d, 0x2d, 0x62, 0x6f, 0x72, 0x64, 0x65, 0x72, 0x29, 0x3b, 0x0d, 0x0a, 0x7d
.byte 0x0d, 0x0a, 0x0d, 0x0a, 0x2e, 0x63, 0x6f, 0x6e, 0x66, 0x69, 0x67, 0x2d, 0x73, 0x65, 0x63, 0x74
.byte 0x69, 0x6f, 0x6e, 0x3a, 0x6c, 0x61, 0x73, 0x74, 0x2d, 0x6f, 0x66, 0x2d, 0x74, 0x79, 0x70, 0x65
.byte 0x20, 0x7b, 0x0d, 0x0a, 0x20, 0x20, 0x62, 0x6f, 0x72, 0x64, 0x65, 0x72, 0x2d, 0x62, 0x6f, 0x74
.byte 0x74, 0x6f, 0x6d, 0x3a, 0x20, 0x6e, 0x6f, 0x6e, 0x65, 0x3b, 0x0d, 0x0a, 0x7d, 0x0d, 0x0a, 0x0d
.byte 0x0a, 0x2e, 0x73, 0x65, 0x63, 0x74, 0x69, 0x6f, 0x6e, 0x2d, 0x68, 0x65, 0x61, 0x64, 0x65, 0x72
.byte 0x20, 0x7b, 0x0d, 0x0a, 0x20, 0x20, 0x6c, 0x69, 0x73, 0x74, 0x2d, 0x73, 0x74, 0x79, 0x6c, 0x65
.byte 0x3a, 0x20, 0x6e, 0x6f, 0x6e, 0x65, 0x3b, 0x0d, 0x0a, 0x20, 0x20, 0x64, 0x69, 0x73, 0x70, 0x6c
.byte 0x61, 0x79, 0x3a, 0x20, 0x66, 0x6c, 0x65, 0x78, 0x3b, 0x0d, 0x0a, 0x20, 0x20, 0x61, 0x6c, 0x69
.byte 0x67, 0x6e, 0x2d, 0x69, 0x74, 0x65, 0x6d, 0x73, 0x3a, 0x20, 0x63, 0x65, 0x6e, 0x74, 0x65, 0x72
.byte 0x3b, 0x0d, 0x0a, 0x20, 0x20, 0x6a, 0x75, 0x73, 0x74, 0x69, 0x66, 0x79, 0x2d, 0x63, 0x6f, 0x6e
.byte 0x74, 0x65, 0x6e, 0x74, 0x3a, 0x20, 0x73, 0x70, 0x61, 0x63, 0x65, 0x2d, 0x62, 0x65, 0x74, 0x77
.byte 0x65, 0x65, 0x6e, 0x3b, 0x0d, 0x0a, 0x20, 0x20, 0x70, 0x61, 0x64, 0x64, 0x69, 0x6e, 0x67, 0x3a
.byte 0x20, 0x31, 0x72, 0x65, 0x6d, 0x20, 0x31, 0x2e, 0x35, 0x72, 0x65, 0x6d, 0x3b, 0x0d, 0x0a, 0x20
.byte 0x20, 0x63, 0x75, 0x72, 0x73, 0x6f, 0x72, 0x3a, 0x20, 0x70, 0x6f, 0x69, 0x6e, 0x74, 0x65, 0x72
.byte 0x3b, 0x0d, 0x0a, 0x20, 0x20, 0x74, 0x72, 0x61, 0x6e, 0x73, 0x69, 0x74, 0x69, 0x6f, 0x6e, 0x3a
.byte 0x20, 0x62, 0x61, 0x63, 0x6b, 0x67, 0x72, 0x6f, 0x75, 0x6e, 0x64, 0x20, 0x30, 0x2e, 0x31, 0x35
.byte 0x73, 0x3b, 0x0d, 0x0a, 0x20, 0x20, 0x75, 0x73, 0x65, 0x72, 0x2d, 0x73, 0x65, 0x6c, 0x65, 0x63
.byte 0x74, 0x3a, 0x20, 0x6e, 0x6f, 0x6e, 0x65, 0x3b, 0x0d, 0x0a, 0x7d, 0x0d, 0x0a, 0x0d, 0x0a, 0x2e
.byte 0x73, 0x65, 0x63, 0x74, 0x69, 0x6f, 0x6e, 0x2d, 0x68, 0x65, 0x61, 0x64, 0x65, 0x72, 0x3a, 0x3a
.byte 0x2d, 0x77, 0x65, 0x62, 0x6b, 0x69, 0x74, 0x2d, 0x64, 0x65, 0x74, 0x61, 0x69, 0x6c, 0x73, 0x2d
.byte 0x6d, 0x61, 0x72, 0x6b, 0x65, 0x72, 0x20, 0x7b, 0x0d, 0x0a, 0x20, 0x20, 0x64, 0x69, 0x73, 0x70
.byte 0x6c, 0x61, 0x79, 0x3a, 0x20, 0x6e, 0x6f, 0x6e, 0x65, 0x3b, 0x0d, 0x0a, 0x7d, 0x0d, 0x0a, 0x0d
.byte 0x0a, 0x2e, 0x73, 0x65, 0x63, 0x74, 0x69, 0x6f, 0x6e, 0x2d, 0x68, 0x65, 0x61, 0x64, 0x65, 0x72
.byte 0x3a, 0x68, 0x6f, 0x76, 0x65, 0x72, 0x20, 0x7b, 0x0d, 0x0a, 0x20, 0x20, 0x62, 0x61, 0x63, 0x6b
.byte 0x67, 0x72, 0x6f, 0x75, 0x6e, 0x64, 0x3a, 0x20, 0x72, 0x67, 0x62, 0x61, 0x28, 0x32, 0x35, 0x35
.byte 0x2c, 0x20, 0x32, 0x35, 0x35, 0x2c, 0x20, 0x32, 0x35, 0x35, 0x2c, 0x20, 0x30, 0x2e, 0x30, 0x32
.byte 0x29, 0x3b, 0x0d, 0x0a, 0x7d, 0x0d, 0x0a, 0x0d, 0x0a, 0x2e, 0x73, 0x65, 0x63, 0x74, 0x69, 0x6f
.byte 0x6e, 0x2d, 0x74, 0x69, 0x74, 0x6c, 0x65, 0x20, 0x7b, 0x0d, 0x0a, 0x20, 0x20, 0x66, 0x6f, 0x6e
.byte 0x74, 0x2d, 0x73, 0x69, 0x7a, 0x65, 0x3a, 0x20, 0x30, 0x2e, 0x37, 0x32, 0x72, 0x65, 0x6d, 0x3b
.byte 0x0d, 0x0a, 0x20, 0x20, 0x66, 0x6f, 0x6e, 0x74, 0x2d, 0x77, 0x65, 0x69, 0x67, 0x68, 0x74, 0x3a
.byte 0x20, 0x37, 0x30, 0x30, 0x3b, 0x0d, 0x0a, 0x20, 0x20, 0x74, 0x65, 0x78, 0x74, 0x2d, 0x74, 0x72
.byte 0x61, 0x6e, 0x73, 0x66, 0x6f, 0x72, 0x6d, 0x3a, 0x20, 0x75, 0x70, 0x70, 0x65, 0x72, 0x63, 0x61
.byte 0x73, 0x65, 0x3b, 0x0d, 0x0a, 0x20, 0x20, 0x6c, 0x65, 0x74, 0x74, 0x65, 0x72, 0x2d, 0x73, 0x70
.byte 0x61, 0x63, 0x69, 0x6e, 0x67, 0x3a, 0x20, 0x30, 0x2e, 0x31, 0x65, 0x6d, 0x3b, 0x0d, 0x0a, 0x20
.byte 0x20, 0x63, 0x6f, 0x6c, 0x6f, 0x72, 0x3a, 0x20, 0x76, 0x61, 0x72, 0x28, 0x2d, 0x2d, 0x61, 0x63
.byte 0x63, 0x65, 0x6e, 0x74, 0x2d, 0x73, 0x6f, 0x66, 0x74, 0x29, 0x3b, 0x0d, 0x0a, 0x20, 0x20, 0x64
.byte 0x69, 0x73, 0x70, 0x6c, 0x61, 0x79, 0x3a, 0x20, 0x66, 0x6c, 0x65, 0x78, 0x3b, 0x0d, 0x0a, 0x20
.byte 0x20, 0x61, 0x6c, 0x69, 0x67, 0x6e, 0x2d, 0x69, 0x74, 0x65, 0x6d, 0x73, 0x3a, 0x20, 0x63, 0x65
.byte 0x6e, 0x74, 0x65, 0x72, 0x3b, 0x0d, 0x0a, 0x20, 0x20, 0x67, 0x61, 0x70, 0x3a, 0x20, 0x30, 0x2e
.byte 0x35, 0x72, 0x65, 0x6d, 0x3b, 0x0d, 0x0a, 0x7d, 0x0d, 0x0a, 0x0d, 0x0a, 0x2e, 0x73, 0x65, 0x63
.byte 0x74, 0x69, 0x6f, 0x6e, 0x2d, 0x74, 0x69, 0x74, 0x6c, 0x65, 0x3a, 0x3a, 0x61, 0x66, 0x74, 0x65
.byte 0x72, 0x20, 0x7b, 0x0d, 0x0a, 0x20, 0x20, 0x63, 0x6f, 0x6e, 0x74, 0x65, 0x6e, 0x74, 0x3a, 0x20
.byte 0x22, 0x22, 0x3b, 0x0d, 0x0a, 0x20, 0x20, 0x66, 0x6c, 0x65, 0x78, 0x3a, 0x20, 0x31, 0x3b, 0x0d
.byte 0x0a, 0x20, 0x20, 0x68, 0x65, 0x69, 0x67, 0x68, 0x74, 0x3a, 0x20, 0x31, 0x70, 0x78, 0x3b, 0x0d
.byte 0x0a, 0x20, 0x20, 0x62, 0x61, 0x63, 0x6b, 0x67, 0x72, 0x6f, 0x75, 0x6e, 0x64, 0x3a, 0x20, 0x76
.byte 0x61, 0x72, 0x28, 0x2d, 0x2d, 0x62, 0x6f, 0x72, 0x64, 0x65, 0x72, 0x2d, 0x61, 0x63, 0x63, 0x65
.byte 0x6e, 0x74, 0x29, 0x3b, 0x0d, 0x0a, 0x20, 0x20, 0x6d, 0x69, 0x6e, 0x2d, 0x77, 0x69, 0x64, 0x74
.byte 0x68, 0x3a, 0x20, 0x32, 0x72, 0x65, 0x6d, 0x3b, 0x0d, 0x0a, 0x7d, 0x0d, 0x0a, 0x0d, 0x0a, 0x2e
.byte 0x73, 0x65, 0x63, 0x74, 0x69, 0x6f, 0x6e, 0x2d, 0x63, 0x68, 0x65, 0x76, 0x72, 0x6f, 0x6e, 0x20
.byte 0x7b, 0x0d, 0x0a, 0x20, 0x20, 0x77, 0x69, 0x64, 0x74, 0x68, 0x3a, 0x20, 0x31, 0x72, 0x65, 0x6d
.byte 0x3b, 0x0d, 0x0a, 0x20, 0x20, 0x68, 0x65, 0x69, 0x67, 0x68, 0x74, 0x3a, 0x20, 0x31, 0x72, 0x65
.byte 0x6d, 0x3b, 0x0d, 0x0a, 0x20, 0x20, 0x63, 0x6f, 0x6c, 0x6f, 0x72, 0x3a, 0x20, 0x76, 0x61, 0x72
.byte 0x28, 0x2d, 0x2d, 0x74, 0x65, 0x78, 0x74, 0x2d, 0x6d, 0x75, 0x74, 0x65, 0x64, 0x29, 0x3b, 0x0d
.byte 0x0a, 0x20, 0x20, 0x74, 0x72, 0x61, 0x6e, 0x73, 0x69, 0x74, 0x69, 0x6f, 0x6e, 0x3a, 0x20, 0x74
.byte 0x72, 0x61, 0x6e, 0x73, 0x66, 0x6f, 0x72, 0x6d, 0x20, 0x30, 0x2e, 0x32, 0x73, 0x20, 0x65, 0x61
.byte 0x73, 0x65, 0x3b, 0x0d, 0x0a, 0x20, 0x20, 0x66, 0x6c, 0x65, 0x78, 0x2d, 0x73, 0x68, 0x72, 0x69
.byte 0x6e, 0x6b, 0x3a, 0x20, 0x30, 0x3b, 0x0d, 0x0a, 0x7d, 0x0d, 0x0a, 0x0d, 0x0a, 0x2e, 0x63, 0x6f
.byte 0x6e, 0x66, 0x69, 0x67, 0x2d, 0x73, 0x65, 0x63, 0x74, 0x69, 0x6f, 0x6e, 0x5b, 0x6f, 0x70, 0x65
.byte 0x6e, 0x5d, 0x20, 0x2e, 0x73, 0x65, 0x63, 0x74, 0x69, 0x6f, 0x6e, 0x2d, 0x63, 0x68, 0x65, 0x76
.byte 0x72, 0x6f, 0x6e, 0x20, 0x7b, 0x0d, 0x0a, 0x20, 0x20, 0x74, 0x72, 0x61, 0x6e, 0x73, 0x66, 0x6f
.byte 0x72, 0x6d, 0x3a, 0x20, 0x72, 0x6f, 0x74, 0x61, 0x74, 0x65, 0x28, 0x31, 0x38, 0x30, 0x64, 0x65
.byte 0x67, 0x29, 0x3b, 0x0d, 0x0a, 0x7d, 0x0d, 0x0a, 0x0d, 0x0a, 0x2e, 0x73, 0x65, 0x63, 0x74, 0x69
.byte 0x6f, 0x6e, 0x2d, 0x62, 0x6f, 0x64, 0x79, 0x20, 0x7b, 0x0d, 0x0a, 0x20, 0x20, 0x70, 0x61, 0x64
.byte 0x64, 0x69, 0x6e, 0x67, 0x3a, 0x20, 0x30, 0x20, 0x31, 0x2e, 0x35, 0x72, 0x65, 0x6d, 0x20, 0x31
.byte 0x2e, 0x35, 0x72, 0x65, 0x6d, 0x3b, 0x0d, 0x0a, 0x7d, 0x0d, 0x0a, 0x0d, 0x0a, 0x2e, 0x73, 0x65
.byte 0x63, 0x74, 0x69, 0x6f, 0x6e, 0x2d, 0x6e, 0x6f, 0x74, 0x65, 0x20, 0x7b, 0x0d, 0x0a, 0x20, 0x20
.byte 0x66, 0x6f, 0x6e, 0x74, 0x2d, 0x73, 0x69, 0x7a, 0x65, 0x3a, 0x20, 0x30, 0x2e, 0x37, 0x38, 0x72
.byte 0x65, 0x6d, 0x3b, 0x0d, 0x0a, 0x20, 0x20, 0x63, 0x6f, 0x6c, 0x6f, 0x72, 0x3a, 0x20, 0x76, 0x61
.byte 0x72, 0x28, 0x2d, 0x2d, 0x74, 0x65, 0x78, 0x74, 0x2d, 0x6d, 0x75, 0x74, 0x65, 0x64, 0x29, 0x3b
.byte 0x0d, 0x0a, 0x20, 0x20, 0x6d, 0x61, 0x72, 0x67, 0x69, 0x6e, 0x2d, 0x62, 0x6f, 0x74, 0x74, 0x6f
.byte 0x6d, 0x3a, 0x20, 0x30, 0x2e, 0x37, 0x35, 0x72, 0x65, 0x6d, 0x3b, 0x0d, 0x0a, 0x7d, 0x0d, 0x0a
.byte 0x0d, 0x0a, 0x2f, 0x2a, 0x20, 0xe2, 0x94, 0x80, 0xe2, 0x94, 0x80, 0x20, 0x41, 0x64, 0x76, 0x61
.byte 0x6e, 0x63, 0x65, 0x64, 0x20, 0x73, 0x75, 0x62, 0x2d, 0x73, 0x65, 0x63, 0x74, 0x69, 0x6f, 0x6e
.byte 0x20, 0xe2, 0x94, 0x80, 0xe2, 0x94, 0x80, 0x20, 0x2a, 0x2f, 0x0d, 0x0a, 0x2e, 0x61, 0x64, 0x76
.byte 0x61, 0x6e, 0x63, 0x65, 0x64, 0x2d, 0x73, 0x65, 0x63, 0x74, 0x69, 0x6f, 0x6e, 0x20, 0x7b, 0x0d
.byte 0x0a, 0x20, 0x20, 0x6d, 0x61, 0x72, 0x67, 0x69, 0x6e, 0x2d, 0x74, 0x6f, 0x70, 0x3a, 0x20, 0x30
.byte 0x2e, 0x38, 0x35, 0x72, 0x65, 0x6d, 0x3b, 0x0d, 0x0a, 0x20, 0x20, 0x62, 0x6f, 0x72, 0x64, 0x65
.byte 0x72, 0x3a, 0x20, 0x31, 0x70, 0x78, 0x20, 0x73, 0x6f, 0x6c, 0x69, 0x64, 0x20, 0x76, 0x61, 0x72
.byte 0x28, 0x2d, 0x2d, 0x62, 0x6f, 0x72, 0x64, 0x65, 0x72, 0x29, 0x3b, 0x0d, 0x0a, 0x20, 0x20, 0x62
.byte 0x6f, 0x72, 0x64, 0x65, 0x72, 0x2d, 0x72, 0x61, 0x64, 0x69, 0x75, 0x73, 0x3a, 0x20, 0x76, 0x61
.byte 0x72, 0x28, 0x2d, 0x2d, 0x72, 0x61, 0x64, 0x69, 0x75, 0x73, 0x2d, 0x6d, 0x64, 0x29, 0x3b, 0x0d
.byte 0x0a, 0x20, 0x20, 0x62, 0x61, 0x63, 0x6b, 0x67, 0x72, 0x6f, 0x75, 0x6e, 0x64, 0x3a, 0x20, 0x76
.byte 0x61, 0x72, 0x28, 0x2d, 0x2d, 0x62, 0x67, 0x2d, 0x73, 0x75, 0x72, 0x66, 0x61, 0x63, 0x65, 0x29
.byte 0x3b, 0x0d, 0x0a, 0x7d, 0x0d, 0x0a, 0x0d, 0x0a, 0x2e, 0x61, 0x64, 0x76, 0x61, 0x6e, 0x63, 0x65
.byte 0x64, 0x2d, 0x73, 0x65, 0x63, 0x74, 0x69, 0x6f, 0x6e, 0x20, 0x3e, 0x20, 0x73, 0x75, 0x6d, 0x6d
.byte 0x61, 0x72, 0x79, 0x20, 0x7b, 0x0d, 0x0a, 0x20, 0x20, 0x6c, 0x69, 0x73, 0x74, 0x2d, 0x73, 0x74
.byte 0x79, 0x6c, 0x65, 0x3a, 0x20, 0x6e, 0x6f, 0x6e, 0x65, 0x3b, 0x0d, 0x0a, 0x20, 0x20, 0x64, 0x69
.byte 0x73, 0x70, 0x6c, 0x61, 0x79, 0x3a, 0x20, 0x66, 0x6c, 0x65, 0x78, 0x3b, 0x0d, 0x0a, 0x20, 0x20
.byte 0x61, 0x6c, 0x69, 0x67, 0x6e, 0x2d, 0x69, 0x74, 0x65, 0x6d, 0x73, 0x3a, 0x20, 0x63, 0x65, 0x6e
.byte 0x74, 0x65, 0x72, 0x3b, 0x0d, 0x0a, 0x20, 0x20, 0x6a, 0x75, 0x73, 0x74, 0x69, 0x66, 0x79, 0x2d
.byte 0x63, 0x6f, 0x6e, 0x74, 0x65, 0x6e, 0x74, 0x3a, 0x20, 0x73, 0x70, 0x61, 0x63, 0x65, 0x2d, 0x62
.byte 0x65, 0x74, 0x77, 0x65, 0x65, 0x6e, 0x3b, 0x0d, 0x0a, 0x20, 0x20, 0x70, 0x61, 0x64, 0x64, 0x69
.byte 0x6e, 0x67, 0x3a, 0x20, 0x30, 0x2e, 0x36, 0x35, 0x72, 0x65, 0x6d, 0x20, 0x31, 0x72, 0x65, 0x6d
.byte 0x3b, 0x0d, 0x0a, 0x20, 0x20, 0x63, 0x75, 0x72, 0x73, 0x6f, 0x72, 0x3a, 0x20, 0x70, 0x6f, 0x69
.byte 0x6e, 0x74, 0x65, 0x72, 0x3b, 0x0d, 0x0a, 0x20, 0x20, 0x66, 0x6f, 0x6e, 0x74, 0x2d, 0x73, 0x69
.byte 0x7a, 0x65, 0x3a, 0x20, 0x30, 0x2e, 0x38, 0x72, 0x65, 0x6d, 0x3b, 0x0d, 0x0a, 0x20, 0x20, 0x66
.byte 0x6f, 0x6e, 0x74, 0x2d, 0x77, 0x65, 0x69, 0x67, 0x68, 0x74, 0x3a, 0x20, 0x36, 0x30, 0x30, 0x3b
.byte 0x0d, 0x0a, 0x20, 0x20, 0x63, 0x6f, 0x6c, 0x6f, 0x72, 0x3a, 0x20, 0x76, 0x61, 0x72, 0x28, 0x2d
.byte 0x2d, 0x74, 0x65, 0x78, 0x74, 0x2d, 0x73, 0x65, 0x63, 0x6f, 0x6e, 0x64, 0x61, 0x72, 0x79, 0x29
.byte 0x3b, 0x0d, 0x0a, 0x20, 0x20, 0x74, 0x72, 0x61, 0x6e, 0x73, 0x69, 0x74, 0x69, 0x6f, 0x6e, 0x3a
.byte 0x20, 0x63, 0x6f, 0x6c, 0x6f, 0x72, 0x20, 0x30, 0x2e, 0x31, 0x35, 0x73, 0x3b, 0x0d, 0x0a, 0x7d
.byte 0x0d, 0x0a, 0x0d, 0x0a, 0x2e, 0x61, 0x64, 0x76, 0x61, 0x6e, 0x63, 0x65, 0x64, 0x2d, 0x73, 0x65
.byte 0x63, 0x74, 0x69, 0x6f, 0x6e, 0x20, 0x3e, 0x20, 0x73, 0x75, 0x6d, 0x6d, 0x61, 0x72, 0x79, 0x3a
.byte 0x3a, 0x2d, 0x77, 0x65, 0x62, 0x6b, 0x69, 0x74, 0x2d, 0x64, 0x65, 0x74, 0x61, 0x69, 0x6c, 0x73
.byte 0x2d, 0x6d, 0x61, 0x72, 0x6b, 0x65, 0x72, 0x20, 0x7b, 0x0d, 0x0a, 0x20, 0x20, 0x64, 0x69, 0x73
.byte 0x70, 0x6c, 0x61, 0x79, 0x3a, 0x20, 0x6e, 0x6f, 0x6e, 0x65, 0x3b, 0x0d, 0x0a, 0x7d, 0x0d, 0x0a
.byte 0x0d, 0x0a, 0x2e, 0x61, 0x64, 0x76, 0x61, 0x6e, 0x63, 0x65, 0x64, 0x2d, 0x73, 0x65, 0x63, 0x74
.byte 0x69, 0x6f, 0x6e, 0x20, 0x3e, 0x20, 0x73, 0x75, 0x6d, 0x6d, 0x61, 0x72, 0x79, 0x3a, 0x68, 0x6f
.byte 0x76, 0x65, 0x72, 0x20, 0x7b, 0x0d, 0x0a, 0x20, 0x20, 0x63, 0x6f, 0x6c, 0x6f, 0x72, 0x3a, 0x20
.byte 0x76, 0x61, 0x72, 0x28, 0x2d, 0x2d, 0x74, 0x65, 0x78, 0x74, 0x2d, 0x70, 0x72, 0x69, 0x6d, 0x61
.byte 0x72, 0x79, 0x29, 0x3b, 0x0d, 0x0a, 0x7d, 0x0d, 0x0a, 0x0d, 0x0a, 0x2e, 0x61, 0x64, 0x76, 0x61
.byte 0x6e, 0x63, 0x65, 0x64, 0x2d, 0x73, 0x65, 0x63, 0x74, 0x69, 0x6f, 0x6e, 0x20, 0x2e, 0x61, 0x64
.byte 0x76, 0x2d, 0x63, 0x68, 0x65, 0x76, 0x72, 0x6f, 0x6e, 0x20, 0x7b, 0x0d, 0x0a, 0x20, 0x20, 0x77
.byte 0x69, 0x64, 0x74, 0x68, 0x3a, 0x20, 0x30, 0x2e, 0x38, 0x35, 0x72, 0x65, 0x6d, 0x3b, 0x0d, 0x0a
.byte 0x20, 0x20, 0x68, 0x65, 0x69, 0x67, 0x68, 0x74, 0x3a, 0x20, 0x30, 0x2e, 0x38, 0x35, 0x72, 0x65
.byte 0x6d, 0x3b, 0x0d, 0x0a, 0x20, 0x20, 0x63, 0x6f, 0x6c, 0x6f, 0x72, 0x3a, 0x20, 0x76, 0x61, 0x72
.byte 0x28, 0x2d, 0x2d, 0x74, 0x65, 0x78, 0x74, 0x2d, 0x6d, 0x75, 0x74, 0x65, 0x64, 0x29, 0x3b, 0x0d
.byte 0x0a, 0x20, 0x20, 0x74, 0x72, 0x61, 0x6e, 0x73, 0x69, 0x74, 0x69, 0x6f, 0x6e, 0x3a, 0x20, 0x74
.byte 0x72, 0x61, 0x6e, 0x73, 0x66, 0x6f, 0x72, 0x6d, 0x20, 0x30, 0x2e, 0x32, 0x73, 0x20, 0x65, 0x61
.byte 0x73, 0x65, 0x3b, 0x0d, 0x0a, 0x7d, 0x0d, 0x0a, 0x0d, 0x0a, 0x2e, 0x61, 0x64, 0x76, 0x61, 0x6e
.byte 0x63, 0x65, 0x64, 0x2d, 0x73, 0x65, 0x63, 0x74, 0x69, 0x6f, 0x6e, 0x5b, 0x6f, 0x70, 0x65, 0x6e
.byte 0x5d, 0x20, 0x2e, 0x61, 0x64, 0x76, 0x2d, 0x63, 0x68, 0x65, 0x76, 0x72, 0x6f, 0x6e, 0x20, 0x7b
.byte 0x0d, 0x0a, 0x20, 0x20, 0x74, 0x72, 0x61, 0x6e, 0x73, 0x66, 0x6f, 0x72, 0x6d, 0x3a, 0x20, 0x72
.byte 0x6f, 0x74, 0x61, 0x74, 0x65, 0x28, 0x31, 0x38, 0x30, 0x64, 0x65, 0x67, 0x29, 0x3b, 0x0d, 0x0a
.byte 0x7d, 0x0d, 0x0a, 0x0d, 0x0a, 0x2e, 0x61, 0x64, 0x76, 0x61, 0x6e, 0x63, 0x65, 0x64, 0x2d, 0x62
.byte 0x6f, 0x64, 0x79, 0x20, 0x7b, 0x0d, 0x0a, 0x20, 0x20, 0x70, 0x61, 0x64, 0x64, 0x69, 0x6e, 0x67
.byte 0x3a, 0x20, 0x30, 0x20, 0x31, 0x72, 0x65, 0x6d, 0x20, 0x31, 0x72, 0x65, 0x6d, 0x3b, 0x0d, 0x0a
.byte 0x7d, 0x0d, 0x0a, 0x0d, 0x0a, 0x2f, 0x2a, 0x20, 0xe2, 0x94, 0x80, 0xe2, 0x94, 0x80, 0x20, 0x46
.byte 0x6f, 0x72, 0x6d, 0x73, 0x20, 0xe2, 0x94, 0x80, 0xe2, 0x94, 0x80, 0x20, 0x2a, 0x2f, 0x0d, 0x0a
.byte 0x2e, 0x66, 0x6f, 0x72, 0x6d, 0x2d, 0x67, 0x72, 0x69, 0x64, 0x20, 0x7b, 0x0d, 0x0a, 0x20, 0x20
.byte 0x64, 0x69, 0x73, 0x70, 0x6c, 0x61, 0x79, 0x3a, 0x20, 0x67, 0x72, 0x69, 0x64, 0x3b, 0x0d, 0x0a
.byte 0x20, 0x20, 0x67, 0x72, 0x69, 0x64, 0x2d, 0x74, 0x65, 0x6d, 0x70, 0x6c, 0x61, 0x74, 0x65, 0x2d
.byte 0x63, 0x6f, 0x6c, 0x75, 0x6d, 0x6e, 0x73, 0x3a, 0x20, 0x31, 0x66, 0x72, 0x20, 0x31, 0x66, 0x72
.byte 0x3b, 0x0d, 0x0a, 0x20, 0x20, 0x67, 0x61, 0x70, 0x3a, 0x20, 0x30, 0x2e, 0x38, 0x35, 0x72, 0x65
.byte 0x6d, 0x3b, 0x0d, 0x0a, 0x7d, 0x0d, 0x0a, 0x0d, 0x0a, 0x2e, 0x66, 0x6f, 0x72, 0x6d, 0x2d, 0x67
.byte 0x72, 0x6f, 0x75, 0x70, 0x20, 0x7b, 0x0d, 0x0a, 0x20, 0x20, 0x64, 0x69, 0x73, 0x70, 0x6c, 0x61
.byte 0x79, 0x3a, 0x20, 0x66, 0x6c, 0x65, 0x78, 0x3b, 0x0d, 0x0a, 0x20, 0x20, 0x66, 0x6c, 0x65, 0x78
.byte 0x2d, 0x64, 0x69, 0x72, 0x65, 0x63, 0x74, 0x69, 0x6f, 0x6e, 0x3a, 0x20, 0x63, 0x6f, 0x6c, 0x75
.byte 0x6d, 0x6e, 0x3b, 0x0d, 0x0a, 0x20, 0x20, 0x67, 0x61, 0x70, 0x3a, 0x20, 0x30, 0x2e, 0x33, 0x35
.byte 0x72, 0x65, 0x6d, 0x3b, 0x0d, 0x0a, 0x7d, 0x0d, 0x0a, 0x0d, 0x0a, 0x2e, 0x66, 0x6f, 0x72, 0x6d
.byte 0x2d, 0x67, 0x72, 0x6f, 0x75, 0x70, 0x2e, 0x66, 0x75, 0x6c, 0x6c, 0x20, 0x7b, 0x0d, 0x0a, 0x20
.byte 0x20, 0x67, 0x72, 0x69, 0x64, 0x2d, 0x63, 0x6f, 0x6c, 0x75, 0x6d, 0x6e, 0x3a, 0x20, 0x31, 0x20
.byte 0x2f, 0x20, 0x2d, 0x31, 0x3b, 0x0d, 0x0a, 0x7d, 0x0d, 0x0a, 0x0d, 0x0a, 0x2e, 0x66, 0x6f, 0x72
.byte 0x6d, 0x2d, 0x68, 0x69, 0x6e, 0x74, 0x20, 0x7b, 0x0d, 0x0a, 0x20, 0x20, 0x66, 0x6f, 0x6e, 0x74
.byte 0x2d, 0x73, 0x69, 0x7a, 0x65, 0x3a, 0x20, 0x30, 0x2e, 0x37, 0x32, 0x72, 0x65, 0x6d, 0x3b, 0x0d
.byte 0x0a, 0x20, 0x20, 0x63, 0x6f, 0x6c, 0x6f, 0x72, 0x3a, 0x20, 0x76, 0x61, 0x72, 0x28, 0x2d, 0x2d
.byte 0x74, 0x65, 0x78, 0x74, 0x2d, 0x73, 0x65, 0x63, 0x6f, 0x6e, 0x64, 0x61, 0x72, 0x79, 0x29, 0x3b
.byte 0x0d, 0x0a, 0x20, 0x20, 0x6c, 0x69, 0x6e, 0x65, 0x2d, 0x68, 0x65, 0x69, 0x67, 0x68, 0x74, 0x3a
.byte 0x20, 0x31, 0x2e, 0x33, 0x35, 0x3b, 0x0d, 0x0a, 0x20, 0x20, 0x6f, 0x70, 0x61, 0x63, 0x69, 0x74
.byte 0x79, 0x3a, 0x20, 0x30, 0x2e, 0x38, 0x35, 0x3b, 0x0d, 0x0a, 0x7d, 0x0d, 0x0a, 0x0d, 0x0a, 0x6c
.byte 0x61, 0x62, 0x65, 0x6c, 0x20, 0x7b, 0x0d, 0x0a, 0x20, 0x20, 0x66, 0x6f, 0x6e, 0x74, 0x2d, 0x73
.byte 0x69, 0x7a, 0x65, 0x3a, 0x20, 0x30, 0x2e, 0x38, 0x72, 0x65, 0x6d, 0x3b, 0x0d, 0x0a, 0x20, 0x20
.byte 0x63, 0x6f, 0x6c, 0x6f, 0x72, 0x3a, 0x20, 0x76, 0x61, 0x72, 0x28, 0x2d, 0x2d, 0x74, 0x65, 0x78
.byte 0x74, 0x2d, 0x73, 0x65, 0x63, 0x6f, 0x6e, 0x64, 0x61, 0x72, 0x79, 0x29, 0x3b, 0x0d, 0x0a, 0x20
.byte 0x20, 0x66, 0x6f, 0x6e, 0x74, 0x2d, 0x77, 0x65, 0x69, 0x67, 0x68, 0x74, 0x3a, 0x20, 0x35, 0x30
.byte 0x30, 0x3b, 0x0d, 0x0a, 0x7d, 0x0d, 0x0a, 0x0d, 0x0a, 0x69, 0x6e, 0x70, 0x75, 0x74, 0x2c, 0x0d
.byte 0x0a, 0x73, 0x65, 0x6c, 0x65, 0x63, 0x74, 0x20, 0x7b, 0x0d, 0x0a, 0x20, 0x20, 0x62, 0x61, 0x63
.byte 0x6b, 0x67, 0x72, 0x6f, 0x75, 0x6e, 0x64, 0x3a, 0x20, 0x76, 0x61, 0x72, 0x28, 0x2d, 0x2d, 0x62
.byte 0x67, 0x2d, 0x69, 0x6e, 0x70, 0x75, 0x74, 0x29, 0x3b, 0x0d, 0x0a, 0x20, 0x20, 0x62, 0x6f, 0x72
.byte 0x64, 0x65, 0x72, 0x3a, 0x20, 0x31, 0x70, 0x78, 0x20, 0x73, 0x6f, 0x6c, 0x69, 0x64, 0x20, 0x76
.byte 0x61, 0x72, 0x28, 0x2d, 0x2d, 0x62, 0x6f, 0x72, 0x64, 0x65, 0x72, 0x29, 0x3b, 0x0d, 0x0a, 0x20
.byte 0x20, 0x63, 0x6f, 0x6c, 0x6f, 0x72, 0x3a, 0x20, 0x76, 0x61, 0x72, 0x28, 0x2d, 0x2d, 0x74, 0x65
.byte 0x78, 0x74, 0x2d, 0x70, 0x72, 0x69, 0x6d, 0x61, 0x72, 0x79, 0x29, 0x3b, 0x0d, 0x0a, 0x20, 0x20
.byte 0x62, 0x6f, 0x72, 0x64, 0x65, 0x72, 0x2d, 0x72, 0x61, 0x64, 0x69, 0x75, 0x73, 0x3a, 0x20, 0x76
.byte 0x61, 0x72, 0x28, 0x2d, 0x2d, 0x72, 0x61, 0x64, 0x69, 0x75, 0x73, 0x2d, 0x73, 0x6d, 0x29, 0x3b
.byte 0x0d, 0x0a, 0x20, 0x20, 0x70, 0x61, 0x64, 0x64, 0x69, 0x6e, 0x67, 0x3a, 0x20, 0x30, 0x2e, 0x35
.byte 0x35, 0x72, 0x65, 0x6d, 0x20, 0x30, 0x2e, 0x38, 0x35, 0x72, 0x65, 0x6d, 0x3b, 0x0d, 0x0a, 0x20
.byte 0x20, 0x66, 0x6f, 0x6e, 0x74, 0x2d, 0x73, 0x69, 0x7a, 0x65, 0x3a, 0x20, 0x30, 0x2e, 0x38, 0x37
.byte 0x35, 0x72, 0x65, 0x6d, 0x3b, 0x0d, 0x0a, 0x20, 0x20, 0x66, 0x6f, 0x6e, 0x74, 0x2d, 0x66, 0x61
.byte 0x6d, 0x69, 0x6c, 0x79, 0x3a, 0x20, 0x69, 0x6e, 0x68, 0x65, 0x72, 0x69, 0x74, 0x3b, 0x0d, 0x0a
.byte 0x20, 0x20, 0x74, 0x72, 0x61, 0x6e, 0x73, 0x69, 0x74, 0x69, 0x6f, 0x6e, 0x3a, 0x20, 0x62, 0x6f
.byte 0x72, 0x64, 0x65, 0x72, 0x2d, 0x63, 0x6f, 0x6c, 0x6f, 0x72, 0x20, 0x30, 0x2e, 0x31, 0x35, 0x73
.byte 0x3b, 0x0d, 0x0a, 0x20, 0x20, 0x77, 0x69, 0x64, 0x74, 0x68, 0x3a, 0x20, 0x31, 0x30, 0x30, 0x25
.byte 0x3b, 0x0d, 0x0a, 0x7d, 0x0d, 0x0a, 0x0d, 0x0a, 0x69, 0x6e, 0x70, 0x75, 0x74, 0x3a, 0x66, 0x6f
.byte 0x63, 0x75, 0x73, 0x2c, 0x0d, 0x0a, 0x73, 0x65, 0x6c, 0x65, 0x63, 0x74, 0x3a, 0x66, 0x6f, 0x63
.byte 0x75, 0x73, 0x20, 0x7b, 0x0d, 0x0a, 0x20, 0x20, 0x6f, 0x75, 0x74, 0x6c, 0x69, 0x6e, 0x65, 0x3a
.byte 0x20, 0x6e, 0x6f, 0x6e, 0x65, 0x3b, 0x0d, 0x0a, 0x20, 0x20, 0x62, 0x6f, 0x72, 0x64, 0x65, 0x72
.byte 0x2d, 0x63, 0x6f, 0x6c, 0x6f, 0x72, 0x3a, 0x20, 0x72, 0x67, 0x62, 0x61, 0x28, 0x32, 0x33, 0x32
.byte 0x2c, 0x20, 0x35, 0x34, 0x2c, 0x20, 0x34, 0x35, 0x2c, 0x20, 0x30, 0x2e, 0x34, 0x29, 0x3b, 0x0d
.byte 0x0a, 0x7d, 0x0d, 0x0a, 0x0d, 0x0a, 0x69, 0x6e, 0x70, 0x75, 0x74, 0x3a, 0x3a, 0x70, 0x6c, 0x61
.byte 0x63, 0x65, 0x68, 0x6f, 0x6c, 0x64, 0x65, 0x72, 0x20, 0x7b, 0x0d, 0x0a, 0x20, 0x20, 0x63, 0x6f
.byte 0x6c, 0x6f, 0x72, 0x3a, 0x20, 0x76, 0x61, 0x72, 0x28, 0x2d, 0x2d, 0x74, 0x65, 0x78, 0x74, 0x2d
.byte 0x6d, 0x75, 0x74, 0x65, 0x64, 0x29, 0x3b, 0x0d, 0x0a, 0x7d, 0x0d, 0x0a, 0x0d, 0x0a, 0x73, 0x65
.byte 0x6c, 0x65, 0x63, 0x74, 0x20, 0x6f, 0x70, 0x74, 0x69, 0x6f, 0x6e, 0x20, 0x7b, 0x0d, 0x0a, 0x20
.byte 0x20, 0x62, 0x61, 0x63, 0x6b, 0x67, 0x72, 0x6f, 0x75, 0x6e, 0x64, 0x3a, 0x20, 0x23, 0x31, 0x63
.byte 0x32, 0x30, 0x32, 0x38, 0x3b, 0x0d, 0x0a, 0x7d, 0x0d, 0x0a, 0x0d, 0x0a, 0x2f, 0x2a, 0x20, 0xe2
.byte 0x94, 0x80, 0xe2, 0x94, 0x80, 0x20, 0x57, 0x65, 0x43, 0x68, 0x61, 0x74, 0x20, 0x4c, 0x6f, 0x67
.byte 0x69, 0x6e, 0x20, 0x53, 0x75, 0x62, 0x2d, 0x70, 0x61, 0x6e, 0x65, 0x6c, 0x20, 0xe2, 0x94, 0x80
.byte 0xe2, 0x94, 0x80, 0x20, 0x2a, 0x2f, 0x0d, 0x0a, 0x2e, 0x77, 0x65, 0x63, 0x68, 0x61, 0x74, 0x2d
.byte 0x6c, 0x6f, 0x67, 0x69, 0x6e, 0x2d, 0x70, 0x61, 0x6e, 0x65, 0x6c, 0x20, 0x7b, 0x0d, 0x0a, 0x20
.byte 0x20, 0x70, 0x61, 0x64, 0x64, 0x69, 0x6e, 0x67, 0x3a, 0x20, 0x30, 0x3b, 0x0d, 0x0a, 0x7d, 0x0d
.byte 0x0a, 0x0d, 0x0a, 0x2e, 0x77, 0x65, 0x63, 0x68, 0x61, 0x74, 0x2d, 0x6c, 0x6f, 0x67, 0x69, 0x6e
.byte 0x2d, 0x68, 0x65, 0x61, 0x64, 0x65, 0x72, 0x20, 0x7b, 0x0d, 0x0a, 0x20, 0x20, 0x64, 0x69, 0x73
.byte 0x70, 0x6c, 0x61, 0x79, 0x3a, 0x20, 0x66, 0x6c, 0x65, 0x78, 0x3b, 0x0d, 0x0a, 0x20, 0x20, 0x61
.byte 0x6c, 0x69, 0x67, 0x6e, 0x2d, 0x69, 0x74, 0x65, 0x6d, 0x73, 0x3a, 0x20, 0x63, 0x65, 0x6e, 0x74
.byte 0x65, 0x72, 0x3b, 0x0d, 0x0a, 0x20, 0x20, 0x6a, 0x75, 0x73, 0x74, 0x69, 0x66, 0x79, 0x2d, 0x63
.byte 0x6f, 0x6e, 0x74, 0x65, 0x6e, 0x74, 0x3a, 0x20, 0x73, 0x70, 0x61, 0x63, 0x65, 0x2d, 0x62, 0x65
.byte 0x74, 0x77, 0x65, 0x65, 0x6e, 0x3b, 0x0d, 0x0a, 0x20, 0x20, 0x6d, 0x61, 0x72, 0x67, 0x69, 0x6e
.byte 0x2d, 0x62, 0x6f, 0x74, 0x74, 0x6f, 0x6d, 0x3a, 0x20, 0x30, 0x2e, 0x37, 0x35, 0x72, 0x65, 0x6d
.byte 0x3b, 0x0d, 0x0a, 0x7d, 0x0d, 0x0a, 0x0d, 0x0a, 0x2e, 0x77, 0x65, 0x63, 0x68, 0x61, 0x74, 0x2d
.byte 0x6c, 0x6f, 0x67, 0x69, 0x6e, 0x2d, 0x74, 0x69, 0x74, 0x6c, 0x65, 0x20, 0x7b, 0x0d, 0x0a, 0x20
.byte 0x20, 0x66, 0x6f, 0x6e, 0x74, 0x2d, 0x73, 0x69, 0x7a, 0x65, 0x3a, 0x20, 0x30, 0x2e, 0x38, 0x35
.byte 0x72, 0x65, 0x6d, 0x3b, 0x0d, 0x0a, 0x20, 0x20, 0x66, 0x6f, 0x6e, 0x74, 0x2d, 0x77, 0x65, 0x69
.byte 0x67, 0x68, 0x74, 0x3a, 0x20, 0x36, 0x30, 0x30, 0x3b, 0x0d, 0x0a, 0x20, 0x20, 0x63, 0x6f, 0x6c
.byte 0x6f, 0x72, 0x3a, 0x20, 0x76, 0x61, 0x72, 0x28, 0x2d, 0x2d, 0x74, 0x65, 0x78, 0x74, 0x2d, 0x70
.byte 0x72, 0x69, 0x6d, 0x61, 0x72, 0x79, 0x29, 0x3b, 0x0d, 0x0a, 0x7d, 0x0d, 0x0a, 0x0d, 0x0a, 0x2e
.byte 0x77, 0x65, 0x63, 0x68, 0x61, 0x74, 0x2d, 0x6c, 0x6f, 0x67, 0x69, 0x6e, 0x2d, 0x61, 0x63, 0x74
.byte 0x69, 0x6f, 0x6e, 0x73, 0x20, 0x7b, 0x0d, 0x0a, 0x20, 0x20, 0x64, 0x69, 0x73, 0x70, 0x6c, 0x61
.byte 0x79, 0x3a, 0x20, 0x66, 0x6c, 0x65, 0x78, 0x3b, 0x0d, 0x0a, 0x20, 0x20, 0x67, 0x61, 0x70, 0x3a
.byte 0x20, 0x30, 0x2e, 0x35, 0x72, 0x65, 0x6d, 0x3b, 0x0d, 0x0a, 0x7d, 0x0d, 0x0a, 0x0d, 0x0a, 0x2e
.byte 0x77, 0x65, 0x63, 0x68, 0x61, 0x74, 0x2d, 0x71, 0x72, 0x20, 0x7b, 0x0d, 0x0a, 0x20, 0x20, 0x64
.byte 0x69, 0x73, 0x70, 0x6c, 0x61, 0x79, 0x3a, 0x20, 0x62, 0x6c, 0x6f, 0x63, 0x6b, 0x3b, 0x0d, 0x0a
.byte 0x20, 0x20, 0x6d, 0x61, 0x78, 0x2d, 0x77, 0x69, 0x64, 0x74, 0x68, 0x3a, 0x20, 0x32, 0x30, 0x30
.byte 0x70, 0x78, 0x3b, 0x0d, 0x0a, 0x20, 0x20, 0x77, 0x69, 0x64, 0x74, 0x68, 0x3a, 0x20, 0x31, 0x30
.byte 0x30, 0x25, 0x3b, 0x0d, 0x0a, 0x20, 0x20, 0x6d, 0x61, 0x72, 0x67, 0x69, 0x6e, 0x3a, 0x20, 0x30
.byte 0x20, 0x61, 0x75, 0x74, 0x6f, 0x3b, 0x0d, 0x0a, 0x20, 0x20, 0x62, 0x6f, 0x78, 0x2d, 0x73, 0x69
.byte 0x7a, 0x69, 0x6e, 0x67, 0x3a, 0x20, 0x62, 0x6f, 0x72, 0x64, 0x65, 0x72, 0x2d, 0x62, 0x6f, 0x78
.byte 0x3b, 0x0d, 0x0a, 0x20, 0x20, 0x62, 0x61, 0x63, 0x6b, 0x67, 0x72, 0x6f, 0x75, 0x6e, 0x64, 0x3a
.byte 0x20, 0x23, 0x66, 0x66, 0x66, 0x66, 0x66, 0x66, 0x3b, 0x0d, 0x0a, 0x20, 0x20, 0x62, 0x6f, 0x72
.byte 0x64, 0x65, 0x72, 0x2d, 0x72, 0x61, 0x64, 0x69, 0x75, 0x73, 0x3a, 0x20, 0x31, 0x32, 0x70, 0x78
.byte 0x3b, 0x0d, 0x0a, 0x20, 0x20, 0x70, 0x61, 0x64, 0x64, 0x69, 0x6e, 0x67, 0x3a, 0x20, 0x31, 0x30
.byte 0x70, 0x78, 0x3b, 0x0d, 0x0a, 0x20, 0x20, 0x69, 0x6d, 0x61, 0x67, 0x65, 0x2d, 0x72, 0x65, 0x6e
.byte 0x64, 0x65, 0x72, 0x69, 0x6e, 0x67, 0x3a, 0x20, 0x70, 0x69, 0x78, 0x65, 0x6c, 0x61, 0x74, 0x65
.byte 0x64, 0x3b, 0x0d, 0x0a, 0x7d, 0x0d, 0x0a, 0x0d, 0x0a, 0x2e, 0x77, 0x65, 0x63, 0x68, 0x61, 0x74
.byte 0x2d, 0x6c, 0x6f, 0x67, 0x69, 0x6e, 0x2d, 0x6e, 0x6f, 0x74, 0x65, 0x20, 0x7b, 0x0d, 0x0a, 0x20
.byte 0x20, 0x6d, 0x61, 0x72, 0x67, 0x69, 0x6e, 0x2d, 0x74, 0x6f, 0x70, 0x3a, 0x20, 0x30, 0x2e, 0x37
.byte 0x35, 0x72, 0x65, 0x6d, 0x3b, 0x0d, 0x0a, 0x20, 0x20, 0x66, 0x6f, 0x6e, 0x74, 0x2d, 0x73, 0x69
.byte 0x7a, 0x65, 0x3a, 0x20, 0x30, 0x2e, 0x37, 0x38, 0x72, 0x65, 0x6d, 0x3b, 0x0d, 0x0a, 0x20, 0x20
.byte 0x63, 0x6f, 0x6c, 0x6f, 0x72, 0x3a, 0x20, 0x76, 0x61, 0x72, 0x28, 0x2d, 0x2d, 0x74, 0x65, 0x78
.byte 0x74, 0x2d, 0x6d, 0x75, 0x74, 0x65, 0x64, 0x29, 0x3b, 0x0d, 0x0a, 0x20, 0x20, 0x6c, 0x69, 0x6e
.byte 0x65, 0x2d, 0x68, 0x65, 0x69, 0x67, 0x68, 0x74, 0x3a, 0x20, 0x31, 0x2e, 0x35, 0x3b, 0x0d, 0x0a
.byte 0x7d, 0x0d, 0x0a, 0x0d, 0x0a, 0x2e, 0x77, 0x65, 0x63, 0x68, 0x61, 0x74, 0x2d, 0x6c, 0x6f, 0x67
.byte 0x69, 0x6e, 0x2d, 0x6c, 0x69, 0x6e, 0x6b, 0x20, 0x7b, 0x0d, 0x0a, 0x20, 0x20, 0x64, 0x69, 0x73
.byte 0x70, 0x6c, 0x61, 0x79, 0x3a, 0x20, 0x74, 0x61, 0x62, 0x6c, 0x65, 0x3b, 0x0d, 0x0a, 0x20, 0x20
.byte 0x6d, 0x61, 0x72, 0x67, 0x69, 0x6e, 0x3a, 0x20, 0x30, 0x2e, 0x33, 0x35, 0x72, 0x65, 0x6d, 0x20
.byte 0x61, 0x75, 0x74, 0x6f, 0x20, 0x30, 0x3b, 0x0d, 0x0a, 0x20, 0x20, 0x63, 0x6f, 0x6c, 0x6f, 0x72
.byte 0x3a, 0x20, 0x76, 0x61, 0x72, 0x28, 0x2d, 0x2d, 0x61, 0x63, 0x63, 0x65, 0x6e, 0x74, 0x2d, 0x73
.byte 0x6f, 0x66, 0x74, 0x29, 0x3b, 0x0d, 0x0a, 0x20, 0x20, 0x74, 0x65, 0x78, 0x74, 0x2d, 0x64, 0x65
.byte 0x63, 0x6f, 0x72, 0x61, 0x74, 0x69, 0x6f, 0x6e, 0x3a, 0x20, 0x6e, 0x6f, 0x6e, 0x65, 0x3b, 0x0d
.byte 0x0a, 0x20, 0x20, 0x66, 0x6f, 0x6e, 0x74, 0x2d, 0x73, 0x69, 0x7a, 0x65, 0x3a, 0x20, 0x30, 0x2e
.byte 0x38, 0x32, 0x72, 0x65, 0x6d, 0x3b, 0x0d, 0x0a, 0x7d, 0x0d, 0x0a, 0x0d, 0x0a, 0x2e, 0x77, 0x65
.byte 0x63, 0x68, 0x61, 0x74, 0x2d, 0x6c, 0x6f, 0x67, 0x69, 0x6e, 0x2d, 0x6c, 0x69, 0x6e, 0x6b, 0x3a
.byte 0x68, 0x6f, 0x76, 0x65, 0x72, 0x20, 0x7b, 0x0d, 0x0a, 0x20, 0x20, 0x74, 0x65, 0x78, 0x74, 0x2d
.byte 0x64, 0x65, 0x63, 0x6f, 0x72, 0x61, 0x74, 0x69, 0x6f, 0x6e, 0x3a, 0x20, 0x75, 0x6e, 0x64, 0x65
.byte 0x72, 0x6c, 0x69, 0x6e, 0x65, 0x3b, 0x0d, 0x0a, 0x7d, 0x0d, 0x0a, 0x0d, 0x0a, 0x2e, 0x63, 0x6f
.byte 0x6e, 0x66, 0x69, 0x67, 0x2d, 0x62, 0x61, 0x6e, 0x6e, 0x65, 0x72, 0x2d, 0x77, 0x72, 0x61, 0x70
.byte 0x20, 0x7b, 0x0d, 0x0a, 0x20, 0x20, 0x70, 0x61, 0x64, 0x64, 0x69, 0x6e, 0x67, 0x3a, 0x20, 0x31
.byte 0x2e, 0x35, 0x72, 0x65, 0x6d, 0x20, 0x31, 0x2e, 0x35, 0x72, 0x65, 0x6d, 0x20, 0x30, 0x3b, 0x0d
.byte 0x0a, 0x7d, 0x0d, 0x0a, 0x0d, 0x0a, 0x2e, 0x63, 0x6f, 0x6e, 0x66, 0x69, 0x67, 0x2d, 0x62, 0x61
.byte 0x6e, 0x6e, 0x65, 0x72, 0x2d, 0x77, 0x72, 0x61, 0x70, 0x20, 0x2e, 0x62, 0x61, 0x6e, 0x6e, 0x65
.byte 0x72, 0x20, 0x7b, 0x0d, 0x0a, 0x20, 0x20, 0x6d, 0x61, 0x72, 0x67, 0x69, 0x6e, 0x2d, 0x62, 0x6f
.byte 0x74, 0x74, 0x6f, 0x6d, 0x3a, 0x20, 0x30, 0x3b, 0x0d, 0x0a, 0x7d, 0x0d, 0x0a, 0x0d, 0x0a, 0x2f
.byte 0x2a, 0x20, 0xe2, 0x94, 0x80, 0xe2, 0x94, 0x80, 0x20, 0x43, 0x6f, 0x6e, 0x66, 0x69, 0x67, 0x20
.byte 0x41, 0x63, 0x74, 0x69, 0x6f, 0x6e, 0x73, 0x20, 0x28, 0x53, 0x61, 0x76, 0x65, 0x29, 0x20, 0xe2
.byte 0x94, 0x80, 0xe2, 0x94, 0x80, 0x20, 0x2a, 0x2f, 0x0d, 0x0a, 0x2e, 0x63, 0x6f, 0x6e, 0x66, 0x69
.byte 0x67, 0x2d, 0x61, 0x63, 0x74, 0x69, 0x6f, 0x6e, 0x73, 0x20, 0x7b, 0x0d, 0x0a, 0x20, 0x20, 0x70
.byte 0x61, 0x64, 0x64, 0x69, 0x6e, 0x67, 0x3a, 0x20, 0x31, 0x2e, 0x32, 0x35, 0x72, 0x65, 0x6d, 0x20
.byte 0x31, 0x2e, 0x35, 0x72, 0x65, 0x6d, 0x3b, 0x0d, 0x0a, 0x20, 0x20, 0x62, 0x6f, 0x72, 0x64, 0x65
.byte 0x72, 0x2d, 0x74, 0x6f, 0x70, 0x3a, 0x20, 0x31, 0x70, 0x78, 0x20, 0x73, 0x6f, 0x6c, 0x69, 0x64
.byte 0x20, 0x76, 0x61, 0x72, 0x28, 0x2d, 0x2d, 0x62, 0x6f, 0x72, 0x64, 0x65, 0x72, 0x29, 0x3b, 0x0d
.byte 0x0a, 0x20, 0x20, 0x64, 0x69, 0x73, 0x70, 0x6c, 0x61, 0x79, 0x3a, 0x20, 0x66, 0x6c, 0x65, 0x78
.byte 0x3b, 0x0d, 0x0a, 0x20, 0x20, 0x61, 0x6c, 0x69, 0x67, 0x6e, 0x2d, 0x69, 0x74, 0x65, 0x6d, 0x73
.byte 0x3a, 0x20, 0x63, 0x65, 0x6e, 0x74, 0x65, 0x72, 0x3b, 0x0d, 0x0a, 0x20, 0x20, 0x67, 0x61, 0x70
.byte 0x3a, 0x20, 0x31, 0x72, 0x65, 0x6d, 0x3b, 0x0d, 0x0a, 0x20, 0x20, 0x66, 0x6c, 0x65, 0x78, 0x2d
.byte 0x77, 0x72, 0x61, 0x70, 0x3a, 0x20, 0x77, 0x72, 0x61, 0x70, 0x3b, 0x0d, 0x0a, 0x7d, 0x0d, 0x0a
.byte 0x0d, 0x0a, 0x2e, 0x63, 0x6f, 0x6e, 0x66, 0x69, 0x67, 0x2d, 0x66, 0x6f, 0x6f, 0x74, 0x65, 0x72
.byte 0x2d, 0x6e, 0x6f, 0x74, 0x65, 0x20, 0x7b, 0x0d, 0x0a, 0x20, 0x20, 0x66, 0x6f, 0x6e, 0x74, 0x2d
.byte 0x73, 0x69, 0x7a, 0x65, 0x3a, 0x20, 0x30, 0x2e, 0x37, 0x38, 0x72, 0x65, 0x6d, 0x3b, 0x0d, 0x0a
.byte 0x20, 0x20, 0x63, 0x6f, 0x6c, 0x6f, 0x72, 0x3a, 0x20, 0x76, 0x61, 0x72, 0x28, 0x2d, 0x2d, 0x74
.byte 0x65, 0x78, 0x74, 0x2d, 0x6d, 0x75, 0x74, 0x65, 0x64, 0x29, 0x3b, 0x0d, 0x0a, 0x20, 0x20, 0x66
.byte 0x6c, 0x65, 0x78, 0x3a, 0x20, 0x31, 0x3b, 0x0d, 0x0a, 0x20, 0x20, 0x6d, 0x69, 0x6e, 0x2d, 0x77
.byte 0x69, 0x64, 0x74, 0x68, 0x3a, 0x20, 0x32, 0x30, 0x30, 0x70, 0x78, 0x3b, 0x0d, 0x0a, 0x7d, 0x0d
.byte 0x0a, 0x0d, 0x0a, 0x2f, 0x2a, 0x20, 0xe2, 0x94, 0x80, 0xe2, 0x94, 0x80, 0x20, 0x42, 0x75, 0x74
.byte 0x74, 0x6f, 0x6e, 0x73, 0x20, 0xe2, 0x94, 0x80, 0xe2, 0x94, 0x80, 0x20, 0x2a, 0x2f, 0x0d, 0x0a
.byte 0x2e, 0x62, 0x74, 0x6e, 0x2d, 0x70, 0x72, 0x69, 0x6d, 0x61, 0x72, 0x79, 0x20, 0x7b, 0x0d, 0x0a
.byte 0x20, 0x20, 0x64, 0x69, 0x73, 0x70, 0x6c, 0x61, 0x79, 0x3a, 0x20, 0x69, 0x6e, 0x6c, 0x69, 0x6e
.byte 0x65, 0x2d, 0x66, 0x6c, 0x65, 0x78, 0x3b, 0x0d, 0x0a, 0x20, 0x20, 0x61, 0x6c, 0x69, 0x67, 0x6e
.byte 0x2d, 0x69, 0x74, 0x65, 0x6d, 0x73, 0x3a, 0x20, 0x63, 0x65, 0x6e, 0x74, 0x65, 0x72, 0x3b, 0x0d
.byte 0x0a, 0x20, 0x20, 0x67, 0x61, 0x70, 0x3a, 0x20, 0x30, 0x2e, 0x35, 0x72, 0x65, 0x6d, 0x3b, 0x0d
.byte 0x0a, 0x20, 0x20, 0x62, 0x61, 0x63, 0x6b, 0x67, 0x72, 0x6f, 0x75, 0x6e, 0x64, 0x3a, 0x20, 0x76
.byte 0x61, 0x72, 0x28, 0x2d, 0x2d, 0x61, 0x63, 0x63, 0x65, 0x6e, 0x74, 0x29, 0x3b, 0x0d, 0x0a, 0x20
.byte 0x20, 0x63, 0x6f, 0x6c, 0x6f, 0x72, 0x3a, 0x20, 0x76, 0x61, 0x72, 0x28, 0x2d, 0x2d, 0x74, 0x65
.byte 0x78, 0x74, 0x2d, 0x6f, 0x6e, 0x2d, 0x61, 0x63, 0x63, 0x65, 0x6e, 0x74, 0x29, 0x3b, 0x0d, 0x0a
.byte 0x20, 0x20, 0x66, 0x6f, 0x6e, 0x74, 0x2d, 0x77, 0x65, 0x69, 0x67, 0x68, 0x74, 0x3a, 0x20, 0x36
.byte 0x30, 0x30, 0x3b, 0x0d, 0x0a, 0x20, 0x20, 0x66, 0x6f, 0x6e, 0x74, 0x2d, 0x73, 0x69, 0x7a, 0x65
.byte 0x3a, 0x20, 0x30, 0x2e, 0x39, 0x72, 0x65, 0x6d, 0x3b, 0x0d, 0x0a, 0x20, 0x20, 0x66, 0x6f, 0x6e
.byte 0x74, 0x2d, 0x66, 0x61, 0x6d, 0x69, 0x6c, 0x79, 0x3a, 0x20, 0x69, 0x6e, 0x68, 0x65, 0x72, 0x69
.byte 0x74, 0x3b, 0x0d, 0x0a, 0x20, 0x20, 0x70, 0x61, 0x64, 0x64, 0x69, 0x6e, 0x67, 0x3a, 0x20, 0x30
.byte 0x2e, 0x36, 0x72, 0x65, 0x6d, 0x20, 0x31, 0x2e, 0x34, 0x72, 0x65, 0x6d, 0x3b, 0x0d, 0x0a, 0x20
.byte 0x20, 0x62, 0x6f, 0x72, 0x64, 0x65, 0x72, 0x2d, 0x72, 0x61, 0x64, 0x69, 0x75, 0x73, 0x3a, 0x20
.byte 0x76, 0x61, 0x72, 0x28, 0x2d, 0x2d, 0x72, 0x61, 0x64, 0x69, 0x75, 0x73, 0x2d, 0x73, 0x6d, 0x29
.byte 0x3b, 0x0d, 0x0a, 0x20, 0x20, 0x62, 0x6f, 0x72, 0x64, 0x65, 0x72, 0x3a, 0x20, 0x6e, 0x6f, 0x6e
.byte 0x65, 0x3b, 0x0d, 0x0a, 0x20, 0x20, 0x63, 0x75, 0x72, 0x73, 0x6f, 0x72, 0x3a, 0x20, 0x70, 0x6f
.byte 0x69, 0x6e, 0x74, 0x65, 0x72, 0x3b, 0x0d, 0x0a, 0x20, 0x20, 0x74, 0x65, 0x78, 0x74, 0x2d, 0x64
.byte 0x65, 0x63, 0x6f, 0x72, 0x61, 0x74, 0x69, 0x6f, 0x6e, 0x3a, 0x20, 0x6e, 0x6f, 0x6e, 0x65, 0x3b
.byte 0x0d, 0x0a, 0x20, 0x20, 0x74, 0x72, 0x61, 0x6e, 0x73, 0x69, 0x74, 0x69, 0x6f, 0x6e, 0x3a, 0x20
.byte 0x6f, 0x70, 0x61, 0x63, 0x69, 0x74, 0x79, 0x20, 0x30, 0x2e, 0x31, 0x35, 0x73, 0x2c, 0x20, 0x62
.byte 0x6f, 0x78, 0x2d, 0x73, 0x68, 0x61, 0x64, 0x6f, 0x77, 0x20, 0x30, 0x2e, 0x32, 0x73, 0x3b, 0x0d
.byte 0x0a, 0x20, 0x20, 0x62, 0x6f, 0x78, 0x2d, 0x73, 0x68, 0x61, 0x64, 0x6f, 0x77, 0x3a, 0x20, 0x30
.byte 0x20, 0x30, 0x20, 0x32, 0x30, 0x70, 0x78, 0x20, 0x72, 0x67, 0x62, 0x61, 0x28, 0x32, 0x33, 0x32
.byte 0x2c, 0x20, 0x35, 0x34, 0x2c, 0x20, 0x34, 0x35, 0x2c, 0x20, 0x30, 0x2e, 0x31, 0x29, 0x3b, 0x0d
.byte 0x0a, 0x20, 0x20, 0x77, 0x68, 0x69, 0x74, 0x65, 0x2d, 0x73, 0x70, 0x61, 0x63, 0x65, 0x3a, 0x20
.byte 0x6e, 0x6f, 0x77, 0x72, 0x61, 0x70, 0x3b, 0x0d, 0x0a, 0x7d, 0x0d, 0x0a, 0x0d, 0x0a, 0x2e, 0x62
.byte 0x74, 0x6e, 0x2d, 0x70, 0x72, 0x69, 0x6d, 0x61, 0x72, 0x79, 0x3a, 0x68, 0x6f, 0x76, 0x65, 0x72
.byte 0x3a, 0x6e, 0x6f, 0x74, 0x28, 0x3a, 0x64, 0x69, 0x73, 0x61, 0x62, 0x6c, 0x65, 0x64, 0x29, 0x20
.byte 0x7b, 0x0d, 0x0a, 0x20, 0x20, 0x6f, 0x70, 0x61, 0x63, 0x69, 0x74, 0x79, 0x3a, 0x20, 0x30, 0x2e
.byte 0x39, 0x3b, 0x0d, 0x0a, 0x20, 0x20, 0x62, 0x6f, 0x78, 0x2d, 0x73, 0x68, 0x61, 0x64, 0x6f, 0x77
.byte 0x3a, 0x20, 0x30, 0x20, 0x30, 0x20, 0x32, 0x38, 0x70, 0x78, 0x20, 0x72, 0x67, 0x62, 0x61, 0x28
.byte 0x32, 0x33, 0x32, 0x2c, 0x20, 0x35, 0x34, 0x2c, 0x20, 0x34, 0x35, 0x2c, 0x20, 0x30, 0x2e, 0x31
.byte 0x35, 0x29, 0x3b, 0x0d, 0x0a, 0x7d, 0x0d, 0x0a, 0x0d, 0x0a, 0x2e, 0x62, 0x74, 0x6e, 0x2d, 0x70
.byte 0x72, 0x69, 0x6d, 0x61, 0x72, 0x79, 0x3a, 0x64, 0x69, 0x73, 0x61, 0x62, 0x6c, 0x65, 0x64, 0x20
.byte 0x7b, 0x0d, 0x0a, 0x20, 0x20, 0x6f, 0x70, 0x61, 0x63, 0x69, 0x74, 0x79, 0x3a, 0x20, 0x30, 0x2e
.byte 0x34, 0x35, 0x3b, 0x0d, 0x0a, 0x20, 0x20, 0x63, 0x75, 0x72, 0x73, 0x6f, 0x72, 0x3a, 0x20, 0x6e
.byte 0x6f, 0x74, 0x2d, 0x61, 0x6c, 0x6c, 0x6f, 0x77, 0x65, 0x64, 0x3b, 0x0d, 0x0a, 0x7d, 0x0d, 0x0a
.byte 0x0d, 0x0a, 0x2e, 0x62, 0x74, 0x6e, 0x2d, 0x73, 0x65, 0x63, 0x6f, 0x6e, 0x64, 0x61, 0x72, 0x79
.byte 0x20, 0x7b, 0x0d, 0x0a, 0x20, 0x20, 0x64, 0x69, 0x73, 0x70, 0x6c, 0x61, 0x79, 0x3a, 0x20, 0x69
.byte 0x6e, 0x6c, 0x69, 0x6e, 0x65, 0x2d, 0x66, 0x6c, 0x65, 0x78, 0x3b, 0x0d, 0x0a, 0x20, 0x20, 0x61
.byte 0x6c, 0x69, 0x67, 0x6e, 0x2d, 0x69, 0x74, 0x65, 0x6d, 0x73, 0x3a, 0x20, 0x63, 0x65, 0x6e, 0x74
.byte 0x65, 0x72, 0x3b, 0x0d, 0x0a, 0x20, 0x20, 0x67, 0x61, 0x70, 0x3a, 0x20, 0x30, 0x2e, 0x35, 0x72
.byte 0x65, 0x6d, 0x3b, 0x0d, 0x0a, 0x20, 0x20, 0x63, 0x6f, 0x6c, 0x6f, 0x72, 0x3a, 0x20, 0x76, 0x61
.byte 0x72, 0x28, 0x2d, 0x2d, 0x74, 0x65, 0x78, 0x74, 0x2d, 0x73, 0x65, 0x63, 0x6f, 0x6e, 0x64, 0x61
.byte 0x72, 0x79, 0x29, 0x3b, 0x0d, 0x0a, 0x20, 0x20, 0x66, 0x6f, 0x6e, 0x74, 0x2d, 0x73, 0x69, 0x7a
.byte 0x65, 0x3a, 0x20, 0x30, 0x2e, 0x39, 0x72, 0x65, 0x6d, 0x3b, 0x0d, 0x0a, 0x20, 0x20, 0x66, 0x6f
.byte 0x6e, 0x74, 0x2d, 0x66, 0x61, 0x6d, 0x69, 0x6c, 0x79, 0x3a, 0x20, 0x69, 0x6e, 0x68, 0x65, 0x72
.byte 0x69, 0x74, 0x3b, 0x0d, 0x0a, 0x20, 0x20, 0x70, 0x61, 0x64, 0x64, 0x69, 0x6e, 0x67, 0x3a, 0x20
.byte 0x30, 0x2e, 0x36, 0x72, 0x65, 0x6d, 0x20, 0x31, 0x2e, 0x32, 0x72, 0x65, 0x6d, 0x3b, 0x0d, 0x0a
.byte 0x20, 0x20, 0x62, 0x6f, 0x72, 0x64, 0x65, 0x72, 0x2d, 0x72, 0x61, 0x64, 0x69, 0x75, 0x73, 0x3a
.byte 0x20, 0x76, 0x61, 0x72, 0x28, 0x2d, 0x2d, 0x72, 0x61, 0x64, 0x69, 0x75, 0x73, 0x2d, 0x73, 0x6d
.byte 0x29, 0x3b, 0x0d, 0x0a, 0x20, 0x20, 0x62, 0x6f, 0x72, 0x64, 0x65, 0x72, 0x3a, 0x20, 0x31, 0x70
.byte 0x78, 0x20, 0x73, 0x6f, 0x6c, 0x69, 0x64, 0x20, 0x76, 0x61, 0x72, 0x28, 0x2d, 0x2d, 0x62, 0x6f
.byte 0x72, 0x64, 0x65, 0x72, 0x2d, 0x62, 0x74, 0x6e, 0x2d, 0x73, 0x65, 0x63, 0x6f, 0x6e, 0x64, 0x61
.byte 0x72, 0x79, 0x29, 0x3b, 0x0d, 0x0a, 0x20, 0x20, 0x62, 0x61, 0x63, 0x6b, 0x67, 0x72, 0x6f, 0x75
.byte 0x6e, 0x64, 0x3a, 0x20, 0x74, 0x72, 0x61, 0x6e, 0x73, 0x70, 0x61, 0x72, 0x65, 0x6e, 0x74, 0x3b
.byte 0x0d, 0x0a, 0x20, 0x20, 0x63, 0x75, 0x72, 0x73, 0x6f, 0x72, 0x3a, 0x20, 0x70, 0x6f, 0x69, 0x6e
.byte 0x74, 0x65, 0x72, 0x3b, 0x0d, 0x0a, 0x20, 0x20, 0x74, 0x65, 0x78, 0x74, 0x2d, 0x64, 0x65, 0x63
.byte 0x6f, 0x72, 0x61, 0x74, 0x69, 0x6f, 0x6e, 0x3a, 0x20, 0x6e, 0x6f, 0x6e, 0x65, 0x3b, 0x0d, 0x0a
.byte 0x20, 0x20, 0x74, 0x72, 0x61, 0x6e, 0x73, 0x69, 0x74, 0x69, 0x6f, 0x6e, 0x3a, 0x20, 0x62, 0x61
.byte 0x63, 0x6b, 0x67, 0x72, 0x6f, 0x75, 0x6e, 0x64, 0x20, 0x30, 0x2e, 0x31, 0x35, 0x73, 0x2c, 0x20
.byte 0x62, 0x6f, 0x72, 0x64, 0x65, 0x72, 0x2d, 0x63, 0x6f, 0x6c, 0x6f, 0x72, 0x20, 0x30, 0x2e, 0x31
.byte 0x35, 0x73, 0x2c, 0x20, 0x63, 0x6f, 0x6c, 0x6f, 0x72, 0x20, 0x30, 0x2e, 0x31, 0x35, 0x73, 0x3b
.byte 0x0d, 0x0a, 0x20, 0x20, 0x77, 0x68, 0x69, 0x74, 0x65, 0x2d, 0x73, 0x70, 0x61, 0x63, 0x65, 0x3a
.byte 0x20, 0x6e, 0x6f, 0x77, 0x72, 0x61, 0x70, 0x3b, 0x0d, 0x0a, 0x7d, 0x0d, 0x0a, 0x0d, 0x0a, 0x2e
.byte 0x62, 0x74, 0x6e, 0x2d, 0x73, 0x65, 0x63, 0x6f, 0x6e, 0x64, 0x61, 0x72, 0x79, 0x3a, 0x68, 0x6f
.byte 0x76, 0x65, 0x72, 0x3a, 0x6e, 0x6f, 0x74, 0x28, 0x3a, 0x64, 0x69, 0x73, 0x61, 0x62, 0x6c, 0x65
.byte 0x64, 0x29, 0x20, 0x7b, 0x0d, 0x0a, 0x20, 0x20, 0x62, 0x61, 0x63, 0x6b, 0x67, 0x72, 0x6f, 0x75
.byte 0x6e, 0x64, 0x3a, 0x20, 0x72, 0x67, 0x62, 0x61, 0x28, 0x32, 0x35, 0x35, 0x2c, 0x20, 0x32, 0x35
.byte 0x35, 0x2c, 0x20, 0x32, 0x35, 0x35, 0x2c, 0x20, 0x30, 0x2e, 0x30, 0x34, 0x29, 0x3b, 0x0d, 0x0a
.byte 0x20, 0x20, 0x62, 0x6f, 0x72, 0x64, 0x65, 0x72, 0x2d, 0x63, 0x6f, 0x6c, 0x6f, 0x72, 0x3a, 0x20
.byte 0x72, 0x67, 0x62, 0x61, 0x28, 0x32, 0x35, 0x35, 0x2c, 0x20, 0x32, 0x35, 0x35, 0x2c, 0x20, 0x32
.byte 0x35, 0x35, 0x2c, 0x20, 0x30, 0x2e, 0x31, 0x34, 0x29, 0x3b, 0x0d, 0x0a, 0x20, 0x20, 0x63, 0x6f
.byte 0x6c, 0x6f, 0x72, 0x3a, 0x20, 0x76, 0x61, 0x72, 0x28, 0x2d, 0x2d, 0x74, 0x65, 0x78, 0x74, 0x2d
.byte 0x70, 0x72, 0x69, 0x6d, 0x61, 0x72, 0x79, 0x29, 0x3b, 0x0d, 0x0a, 0x7d, 0x0d, 0x0a, 0x0d, 0x0a
.byte 0x2e, 0x62, 0x74, 0x6e, 0x2d, 0x73, 0x65, 0x63, 0x6f, 0x6e, 0x64, 0x61, 0x72, 0x79, 0x3a, 0x64
.byte 0x69, 0x73, 0x61, 0x62, 0x6c, 0x65, 0x64, 0x20, 0x7b, 0x0d, 0x0a, 0x20, 0x20, 0x6f, 0x70, 0x61
.byte 0x63, 0x69, 0x74, 0x79, 0x3a, 0x20, 0x30, 0x2e, 0x34, 0x3b, 0x0d, 0x0a, 0x20, 0x20, 0x63, 0x75
.byte 0x72, 0x73, 0x6f, 0x72, 0x3a, 0x20, 0x6e, 0x6f, 0x74, 0x2d, 0x61, 0x6c, 0x6c, 0x6f, 0x77, 0x65
.byte 0x64, 0x3b, 0x0d, 0x0a, 0x7d, 0x0d, 0x0a, 0x0d, 0x0a, 0x2e, 0x62, 0x74, 0x6e, 0x2d, 0x73, 0x6d
.byte 0x20, 0x7b, 0x0d, 0x0a, 0x20, 0x20, 0x70, 0x61, 0x64, 0x64, 0x69, 0x6e, 0x67, 0x3a, 0x20, 0x30
.byte 0x2e, 0x33, 0x72, 0x65, 0x6d, 0x20, 0x30, 0x2e, 0x37, 0x35, 0x72, 0x65, 0x6d, 0x3b, 0x0d, 0x0a
.byte 0x20, 0x20, 0x66, 0x6f, 0x6e, 0x74, 0x2d, 0x73, 0x69, 0x7a, 0x65, 0x3a, 0x20, 0x30, 0x2e, 0x38
.byte 0x72, 0x65, 0x6d, 0x3b, 0x0d, 0x0a, 0x7d, 0x0d, 0x0a, 0x0d, 0x0a, 0x2e, 0x62, 0x74, 0x6e, 0x2d
.byte 0x67, 0x68, 0x6f, 0x73, 0x74, 0x20, 0x7b, 0x0d, 0x0a, 0x20, 0x20, 0x64, 0x69, 0x73, 0x70, 0x6c
.byte 0x61, 0x79, 0x3a, 0x20, 0x69, 0x6e, 0x6c, 0x69, 0x6e, 0x65, 0x2d, 0x66, 0x6c, 0x65, 0x78, 0x3b
.byte 0x0d, 0x0a, 0x20, 0x20, 0x61, 0x6c, 0x69, 0x67, 0x6e, 0x2d, 0x69, 0x74, 0x65, 0x6d, 0x73, 0x3a
.byte 0x20, 0x63, 0x65, 0x6e, 0x74, 0x65, 0x72, 0x3b, 0x0d, 0x0a, 0x20, 0x20, 0x67, 0x61, 0x70, 0x3a
.byte 0x20, 0x30, 0x2e, 0x34, 0x72, 0x65, 0x6d, 0x3b, 0x0d, 0x0a, 0x20, 0x20, 0x62, 0x61, 0x63, 0x6b
.byte 0x67, 0x72, 0x6f, 0x75, 0x6e, 0x64, 0x3a, 0x20, 0x6e, 0x6f, 0x6e, 0x65, 0x3b, 0x0d, 0x0a, 0x20
.byte 0x20, 0x62, 0x6f, 0x72, 0x64, 0x65, 0x72, 0x3a, 0x20, 0x6e, 0x6f, 0x6e, 0x65, 0x3b, 0x0d, 0x0a
.byte 0x20, 0x20, 0x63, 0x6f, 0x6c, 0x6f, 0x72, 0x3a, 0x20, 0x76, 0x61, 0x72, 0x28, 0x2d, 0x2d, 0x74
.byte 0x65, 0x78, 0x74, 0x2d, 0x73, 0x65, 0x63, 0x6f, 0x6e, 0x64, 0x61, 0x72, 0x79, 0x29, 0x3b, 0x0d
.byte 0x0a, 0x20, 0x20, 0x66, 0x6f, 0x6e, 0x74, 0x2d, 0x73, 0x69, 0x7a, 0x65, 0x3a, 0x20, 0x30, 0x2e
.byte 0x38, 0x32, 0x72, 0x65, 0x6d, 0x3b, 0x0d, 0x0a, 0x20, 0x20, 0x66, 0x6f, 0x6e, 0x74, 0x2d, 0x66
.byte 0x61, 0x6d, 0x69, 0x6c, 0x79, 0x3a, 0x20, 0x69, 0x6e, 0x68, 0x65, 0x72, 0x69, 0x74, 0x3b, 0x0d
.byte 0x0a, 0x20, 0x20, 0x66, 0x6f, 0x6e, 0x74, 0x2d, 0x77, 0x65, 0x69, 0x67, 0x68, 0x74, 0x3a, 0x20
.byte 0x36, 0x30, 0x30, 0x3b, 0x0d, 0x0a, 0x20, 0x20, 0x63, 0x75, 0x72, 0x73, 0x6f, 0x72, 0x3a, 0x20
.byte 0x70, 0x6f, 0x69, 0x6e, 0x74, 0x65, 0x72, 0x3b, 0x0d, 0x0a, 0x20, 0x20, 0x70, 0x61, 0x64, 0x64
.byte 0x69, 0x6e, 0x67, 0x3a, 0x20, 0x30, 0x2e, 0x33, 0x35, 0x72, 0x65, 0x6d, 0x20, 0x30, 0x2e, 0x36
.byte 0x72, 0x65, 0x6d, 0x3b, 0x0d, 0x0a, 0x20, 0x20, 0x62, 0x6f, 0x72, 0x64, 0x65, 0x72, 0x2d, 0x72
.byte 0x61, 0x64, 0x69, 0x75, 0x73, 0x3a, 0x20, 0x76, 0x61, 0x72, 0x28, 0x2d, 0x2d, 0x72, 0x61, 0x64
.byte 0x69, 0x75, 0x73, 0x2d, 0x73, 0x6d, 0x29, 0x3b, 0x0d, 0x0a, 0x20, 0x20, 0x74, 0x72, 0x61, 0x6e
.byte 0x73, 0x69, 0x74, 0x69, 0x6f, 0x6e, 0x3a, 0x20, 0x63, 0x6f, 0x6c, 0x6f, 0x72, 0x20, 0x30, 0x2e
.byte 0x31, 0x35, 0x73, 0x2c, 0x20, 0x62, 0x61, 0x63, 0x6b, 0x67, 0x72, 0x6f, 0x75, 0x6e, 0x64, 0x20
.byte 0x30, 0x2e, 0x31, 0x35, 0x73, 0x3b, 0x0d, 0x0a, 0x7d, 0x0d, 0x0a, 0x0d, 0x0a, 0x2e, 0x62, 0x74
.byte 0x6e, 0x2d, 0x67, 0x68, 0x6f, 0x73, 0x74, 0x3a, 0x68, 0x6f, 0x76, 0x65, 0x72, 0x20, 0x7b, 0x0d
.byte 0x0a, 0x20, 0x20, 0x63, 0x6f, 0x6c, 0x6f, 0x72, 0x3a, 0x20, 0x76, 0x61, 0x72, 0x28, 0x2d, 0x2d
.byte 0x74, 0x65, 0x78, 0x74, 0x2d, 0x70, 0x72, 0x69, 0x6d, 0x61, 0x72, 0x79, 0x29, 0x3b, 0x0d, 0x0a
.byte 0x20, 0x20, 0x62, 0x61, 0x63, 0x6b, 0x67, 0x72, 0x6f, 0x75, 0x6e, 0x64, 0x3a, 0x20, 0x72, 0x67
.byte 0x62, 0x61, 0x28, 0x32, 0x35, 0x35, 0x2c, 0x20, 0x32, 0x35, 0x35, 0x2c, 0x20, 0x32, 0x35, 0x35
.byte 0x2c, 0x20, 0x30, 0x2e, 0x30, 0x34, 0x29, 0x3b, 0x0d, 0x0a, 0x7d, 0x0d, 0x0a, 0x0d, 0x0a, 0x2e
.byte 0x62, 0x74, 0x6e, 0x2d, 0x64, 0x61, 0x6e, 0x67, 0x65, 0x72, 0x2d, 0x67, 0x68, 0x6f, 0x73, 0x74
.byte 0x20, 0x7b, 0x0d, 0x0a, 0x20, 0x20, 0x63, 0x6f, 0x6c, 0x6f, 0x72, 0x3a, 0x20, 0x76, 0x61, 0x72
.byte 0x28, 0x2d, 0x2d, 0x74, 0x65, 0x78, 0x74, 0x2d, 0x6d, 0x75, 0x74, 0x65, 0x64, 0x29, 0x3b, 0x0d
.byte 0x0a, 0x7d, 0x0d, 0x0a, 0x0d, 0x0a, 0x2e, 0x62, 0x74, 0x6e, 0x2d, 0x64, 0x61, 0x6e, 0x67, 0x65
.byte 0x72, 0x2d, 0x67, 0x68, 0x6f, 0x73, 0x74, 0x3a, 0x68, 0x6f, 0x76, 0x65, 0x72, 0x20, 0x7b, 0x0d
.byte 0x0a, 0x20, 0x20, 0x63, 0x6f, 0x6c, 0x6f, 0x72, 0x3a, 0x20, 0x76, 0x61, 0x72, 0x28, 0x2d, 0x2d
.byte 0x64, 0x61, 0x6e, 0x67, 0x65, 0x72, 0x29, 0x3b, 0x0d, 0x0a, 0x20, 0x20, 0x62, 0x61, 0x63, 0x6b
.byte 0x67, 0x72, 0x6f, 0x75, 0x6e, 0x64, 0x3a, 0x20, 0x72, 0x67, 0x62, 0x61, 0x28, 0x32, 0x34, 0x38
.byte 0x2c, 0x20, 0x31, 0x31, 0x33, 0x2c, 0x20, 0x31, 0x31, 0x33, 0x2c, 0x20, 0x30, 0x2e, 0x30, 0x38
.byte 0x29, 0x3b, 0x0d, 0x0a, 0x7d, 0x0d, 0x0a, 0x0d, 0x0a, 0x2f, 0x2a, 0x20, 0xe2, 0x94, 0x80, 0xe2
.byte 0x94, 0x80, 0x20, 0x42, 0x61, 0x6e, 0x6e, 0x65, 0x72, 0x73, 0x20, 0xe2, 0x94, 0x80, 0xe2, 0x94
.byte 0x80, 0x20, 0x2a, 0x2f, 0x0d, 0x0a, 0x2e, 0x62, 0x61, 0x6e, 0x6e, 0x65, 0x72, 0x20, 0x7b, 0x0d
.byte 0x0a, 0x20, 0x20, 0x70, 0x61, 0x64, 0x64, 0x69, 0x6e, 0x67, 0x3a, 0x20, 0x30, 0x2e, 0x37, 0x35
.byte 0x72, 0x65, 0x6d, 0x20, 0x31, 0x72, 0x65, 0x6d, 0x3b, 0x0d, 0x0a, 0x20, 0x20, 0x6d, 0x61, 0x72
.byte 0x67, 0x69, 0x6e, 0x2d, 0x62, 0x6f, 0x74, 0x74, 0x6f, 0x6d, 0x3a, 0x20, 0x31, 0x72, 0x65, 0x6d
.byte 0x3b, 0x0d, 0x0a, 0x20, 0x20, 0x62, 0x6f, 0x72, 0x64, 0x65, 0x72, 0x2d, 0x72, 0x61, 0x64, 0x69
.byte 0x75, 0x73, 0x3a, 0x20, 0x76, 0x61, 0x72, 0x28, 0x2d, 0x2d, 0x72, 0x61, 0x64, 0x69, 0x75, 0x73
.byte 0x2d, 0x6d, 0x64, 0x29, 0x3b, 0x0d, 0x0a, 0x20, 0x20, 0x66, 0x6f, 0x6e, 0x74, 0x2d, 0x73, 0x69
.byte 0x7a, 0x65, 0x3a, 0x20, 0x30, 0x2e, 0x38, 0x35, 0x72, 0x65, 0x6d, 0x3b, 0x0d, 0x0a, 0x20, 0x20
.byte 0x64, 0x69, 0x73, 0x70, 0x6c, 0x61, 0x79, 0x3a, 0x20, 0x6e, 0x6f, 0x6e, 0x65, 0x3b, 0x0d, 0x0a
.byte 0x7d, 0x0d, 0x0a, 0x0d, 0x0a, 0x2e, 0x62, 0x61, 0x6e, 0x6e, 0x65, 0x72, 0x2e, 0x76, 0x69, 0x73
.byte 0x69, 0x62, 0x6c, 0x65, 0x20, 0x7b, 0x0d, 0x0a, 0x20, 0x20, 0x64, 0x69, 0x73, 0x70, 0x6c, 0x61
.byte 0x79, 0x3a, 0x20, 0x62, 0x6c, 0x6f, 0x63, 0x6b, 0x3b, 0x0d, 0x0a, 0x7d, 0x0d, 0x0a, 0x0d, 0x0a
.byte 0x2e, 0x62, 0x61, 0x6e, 0x6e, 0x65, 0x72, 0x2e, 0x73, 0x75, 0x63, 0x63, 0x65, 0x73, 0x73, 0x20
.byte 0x7b, 0x0d, 0x0a, 0x20, 0x20, 0x62, 0x61, 0x63, 0x6b, 0x67, 0x72, 0x6f, 0x75, 0x6e, 0x64, 0x3a
.byte 0x20, 0x76, 0x61, 0x72, 0x28, 0x2d, 0x2d, 0x67, 0x72, 0x65, 0x65, 0x6e, 0x2d, 0x64, 0x69, 0x6d
.byte 0x29, 0x3b, 0x0d, 0x0a, 0x20, 0x20, 0x62, 0x6f, 0x72, 0x64, 0x65, 0x72, 0x3a, 0x20, 0x31, 0x70
.byte 0x78, 0x20, 0x73, 0x6f, 0x6c, 0x69, 0x64, 0x20, 0x72, 0x67, 0x62, 0x61, 0x28, 0x31, 0x30, 0x34
.byte 0x2c, 0x20, 0x32, 0x31, 0x31, 0x2c, 0x20, 0x31, 0x34, 0x35, 0x2c, 0x20, 0x30, 0x2e, 0x32, 0x29
.byte 0x3b, 0x0d, 0x0a, 0x20, 0x20, 0x63, 0x6f, 0x6c, 0x6f, 0x72, 0x3a, 0x20, 0x76, 0x61, 0x72, 0x28
.byte 0x2d, 0x2d, 0x67, 0x72, 0x65, 0x65, 0x6e, 0x29, 0x3b, 0x0d, 0x0a, 0x7d, 0x0d, 0x0a, 0x0d, 0x0a
.byte 0x2e, 0x62, 0x61, 0x6e, 0x6e, 0x65, 0x72, 0x2e, 0x65, 0x72, 0x72, 0x6f, 0x72, 0x20, 0x7b, 0x0d
.byte 0x0a, 0x20, 0x20, 0x62, 0x61, 0x63, 0x6b, 0x67, 0x72, 0x6f, 0x75, 0x6e, 0x64, 0x3a, 0x20, 0x76
.byte 0x61, 0x72, 0x28, 0x2d, 0x2d, 0x61, 0x63, 0x63, 0x65, 0x6e, 0x74, 0x2d, 0x64, 0x69, 0x6d, 0x29
.byte 0x3b, 0x0d, 0x0a, 0x20, 0x20, 0x62, 0x6f, 0x72, 0x64, 0x65, 0x72, 0x3a, 0x20, 0x31, 0x70, 0x78
.byte 0x20, 0x73, 0x6f, 0x6c, 0x69, 0x64, 0x20, 0x76, 0x61, 0x72, 0x28, 0x2d, 0x2d, 0x62, 0x6f, 0x72
.byte 0x64, 0x65, 0x72, 0x2d, 0x61, 0x63, 0x63, 0x65, 0x6e, 0x74, 0x29, 0x3b, 0x0d, 0x0a, 0x20, 0x20
.byte 0x63, 0x6f, 0x6c, 0x6f, 0x72, 0x3a, 0x20, 0x76, 0x61, 0x72, 0x28, 0x2d, 0x2d, 0x64, 0x61, 0x6e
.byte 0x67, 0x65, 0x72, 0x29, 0x3b, 0x0d, 0x0a, 0x7d, 0x0d, 0x0a, 0x0d, 0x0a, 0x2f, 0x2a, 0x20, 0xe2
.byte 0x94, 0x80, 0xe2, 0x94, 0x80, 0x20, 0x46, 0x69, 0x6c, 0x65, 0x20, 0x4d, 0x61, 0x6e, 0x61, 0x67
.byte 0x65, 0x72, 0x20, 0xe2, 0x94, 0x80, 0xe2, 0x94, 0x80, 0x20, 0x2a, 0x2f, 0x0d, 0x0a, 0x2e, 0x66
.byte 0x69, 0x6c, 0x65, 0x2d, 0x70, 0x61, 0x6e, 0x65, 0x6c, 0x20, 0x7b, 0x0d, 0x0a, 0x20, 0x20, 0x70
.byte 0x61, 0x64, 0x64, 0x69, 0x6e, 0x67, 0x3a, 0x20, 0x31, 0x2e, 0x35, 0x72, 0x65, 0x6d, 0x3b, 0x0d
.byte 0x0a, 0x7d, 0x0d, 0x0a, 0x0d, 0x0a, 0x2e, 0x6d, 0x65, 0x6d, 0x6f, 0x72, 0x79, 0x2d, 0x70, 0x61
.byte 0x6e, 0x65, 0x6c, 0x20, 0x7b, 0x0d, 0x0a, 0x20, 0x20, 0x70, 0x61, 0x64, 0x64, 0x69, 0x6e, 0x67
.byte 0x3a, 0x20, 0x31, 0x2e, 0x35, 0x72, 0x65, 0x6d, 0x3b, 0x0d, 0x0a, 0x7d, 0x0d, 0x0a, 0x0d, 0x0a
.byte 0x2e, 0x6d, 0x65, 0x6d, 0x6f, 0x72, 0x79, 0x2d, 0x68, 0x65, 0x61, 0x64, 0x65, 0x72, 0x20, 0x7b
.byte 0x0d, 0x0a, 0x20, 0x20, 0x64, 0x69, 0x73, 0x70, 0x6c, 0x61, 0x79, 0x3a, 0x20, 0x66, 0x6c, 0x65
.byte 0x78, 0x3b, 0x0d, 0x0a, 0x20, 0x20, 0x61, 0x6c, 0x69, 0x67, 0x6e, 0x2d, 0x69, 0x74, 0x65, 0x6d
.byte 0x73, 0x3a, 0x20, 0x66, 0x6c, 0x65, 0x78, 0x2d, 0x73, 0x74, 0x61, 0x72, 0x74, 0x3b, 0x0d, 0x0a
.byte 0x20, 0x20, 0x6a, 0x75, 0x73, 0x74, 0x69, 0x66, 0x79, 0x2d, 0x63, 0x6f, 0x6e, 0x74, 0x65, 0x6e
.byte 0x74, 0x3a, 0x20, 0x73, 0x70, 0x61, 0x63, 0x65, 0x2d, 0x62, 0x65, 0x74, 0x77, 0x65, 0x65, 0x6e
.byte 0x3b, 0x0d, 0x0a, 0x20, 0x20, 0x67, 0x61, 0x70, 0x3a, 0x20, 0x31, 0x72, 0x65, 0x6d, 0x3b, 0x0d
.byte 0x0a, 0x20, 0x20, 0x6d, 0x61, 0x72, 0x67, 0x69, 0x6e, 0x2d, 0x62, 0x6f, 0x74, 0x74, 0x6f, 0x6d
.byte 0x3a, 0x20, 0x31, 0x72, 0x65, 0x6d, 0x3b, 0x0d, 0x0a, 0x20, 0x20, 0x66, 0x6c, 0x65, 0x78, 0x2d
.byte 0x77, 0x72, 0x61, 0x70, 0x3a, 0x20, 0x77, 0x72, 0x61, 0x70, 0x3b, 0x0d, 0x0a, 0x7d, 0x0d, 0x0a
.byte 0x0d, 0x0a, 0x2e, 0x6d, 0x65, 0x6d, 0x6f, 0x72, 0x79, 0x2d, 0x74, 0x6f, 0x6f, 0x6c, 0x62, 0x61
.byte 0x72, 0x20, 0x7b, 0x0d, 0x0a, 0x20, 0x20, 0x64, 0x69, 0x73, 0x70, 0x6c, 0x61, 0x79, 0x3a, 0x20
.byte 0x66, 0x6c, 0x65, 0x78, 0x3b, 0x0d, 0x0a, 0x20, 0x20, 0x61, 0x6c, 0x69, 0x67, 0x6e, 0x2d, 0x69
.byte 0x74, 0x65, 0x6d, 0x73, 0x3a, 0x20, 0x63, 0x65, 0x6e, 0x74, 0x65, 0x72, 0x3b, 0x0d, 0x0a, 0x20
.byte 0x20, 0x67, 0x61, 0x70, 0x3a, 0x20, 0x30, 0x2e, 0x37, 0x35, 0x72, 0x65, 0x6d, 0x3b, 0x0d, 0x0a
.byte 0x20, 0x20, 0x66, 0x6c, 0x65, 0x78, 0x2d, 0x77, 0x72, 0x61, 0x70, 0x3a, 0x20, 0x77, 0x72, 0x61
.byte 0x70, 0x3b, 0x0d, 0x0a, 0x7d, 0x0d, 0x0a, 0x0d, 0x0a, 0x2e, 0x6d, 0x65, 0x6d, 0x6f, 0x72, 0x79
.byte 0x2d, 0x74, 0x69, 0x74, 0x6c, 0x65, 0x20, 0x7b, 0x0d, 0x0a, 0x20, 0x20, 0x6d, 0x61, 0x72, 0x67
.byte 0x69, 0x6e, 0x3a, 0x20, 0x30, 0x20, 0x30, 0x20, 0x30, 0x2e, 0x33, 0x35, 0x72, 0x65, 0x6d, 0x3b
.byte 0x0d, 0x0a, 0x20, 0x20, 0x66, 0x6f, 0x6e, 0x74, 0x2d, 0x73, 0x69, 0x7a, 0x65, 0x3a, 0x20, 0x31
.byte 0x72, 0x65, 0x6d, 0x3b, 0x0d, 0x0a, 0x20, 0x20, 0x66, 0x6f, 0x6e, 0x74, 0x2d, 0x77, 0x65, 0x69
.byte 0x67, 0x68, 0x74, 0x3a, 0x20, 0x37, 0x30, 0x30, 0x3b, 0x0d, 0x0a, 0x20, 0x20, 0x63, 0x6f, 0x6c
.byte 0x6f, 0x72, 0x3a, 0x20, 0x76, 0x61, 0x72, 0x28, 0x2d, 0x2d, 0x74, 0x65, 0x78, 0x74, 0x2d, 0x70
.byte 0x72, 0x69, 0x6d, 0x61, 0x72, 0x79, 0x29, 0x3b, 0x0d, 0x0a, 0x7d, 0x0d, 0x0a, 0x0d, 0x0a, 0x2e
.byte 0x6d, 0x65, 0x6d, 0x6f, 0x72, 0x79, 0x2d, 0x6e, 0x6f, 0x74, 0x65, 0x20, 0x7b, 0x0d, 0x0a, 0x20
.byte 0x20, 0x6d, 0x61, 0x72, 0x67, 0x69, 0x6e, 0x3a, 0x20, 0x30, 0x3b, 0x0d, 0x0a, 0x20, 0x20, 0x66
.byte 0x6f, 0x6e, 0x74, 0x2d, 0x73, 0x69, 0x7a, 0x65, 0x3a, 0x20, 0x30, 0x2e, 0x38, 0x32, 0x72, 0x65
.byte 0x6d, 0x3b, 0x0d, 0x0a, 0x20, 0x20, 0x63, 0x6f, 0x6c, 0x6f, 0x72, 0x3a, 0x20, 0x76, 0x61, 0x72
.byte 0x28, 0x2d, 0x2d, 0x74, 0x65, 0x78, 0x74, 0x2d, 0x6d, 0x75, 0x74, 0x65, 0x64, 0x29, 0x3b, 0x0d
.byte 0x0a, 0x20, 0x20, 0x6c, 0x69, 0x6e, 0x65, 0x2d, 0x68, 0x65, 0x69, 0x67, 0x68, 0x74, 0x3a, 0x20
.byte 0x31, 0x2e, 0x36, 0x3b, 0x0d, 0x0a, 0x7d, 0x0d, 0x0a, 0x0d, 0x0a, 0x2e, 0x6d, 0x65, 0x6d, 0x6f
.byte 0x72, 0x79, 0x2d, 0x65, 0x6d, 0x70, 0x74, 0x79, 0x20, 0x7b, 0x0d, 0x0a, 0x20, 0x20, 0x62, 0x6f
.byte 0x72, 0x64, 0x65, 0x72, 0x3a, 0x20, 0x31, 0x70, 0x78, 0x20, 0x64, 0x61, 0x73, 0x68, 0x65, 0x64
.byte 0x20, 0x76, 0x61, 0x72, 0x28, 0x2d, 0x2d, 0x62, 0x6f, 0x72, 0x64, 0x65, 0x72, 0x29, 0x3b, 0x0d
.byte 0x0a, 0x20, 0x20, 0x62, 0x6f, 0x72, 0x64, 0x65, 0x72, 0x2d, 0x72, 0x61, 0x64, 0x69, 0x75, 0x73
.byte 0x3a, 0x20, 0x76, 0x61, 0x72, 0x28, 0x2d, 0x2d, 0x72, 0x61, 0x64, 0x69, 0x75, 0x73, 0x2d, 0x6d
.byte 0x64, 0x29, 0x3b, 0x0d, 0x0a, 0x20, 0x20, 0x62, 0x61, 0x63, 0x6b, 0x67, 0x72, 0x6f, 0x75, 0x6e
.byte 0x64, 0x3a, 0x20, 0x76, 0x61, 0x72, 0x28, 0x2d, 0x2d, 0x62, 0x67, 0x2d, 0x73, 0x75, 0x72, 0x66
.byte 0x61, 0x63, 0x65, 0x29, 0x3b, 0x0d, 0x0a, 0x20, 0x20, 0x70, 0x61, 0x64, 0x64, 0x69, 0x6e, 0x67
.byte 0x3a, 0x20, 0x31, 0x72, 0x65, 0x6d, 0x3b, 0x0d, 0x0a, 0x20, 0x20, 0x64, 0x69, 0x73, 0x70, 0x6c
.byte 0x61, 0x79, 0x3a, 0x20, 0x66, 0x6c, 0x65, 0x78, 0x3b, 0x0d, 0x0a, 0x20, 0x20, 0x61, 0x6c, 0x69
.byte 0x67, 0x6e, 0x2d, 0x69, 0x74, 0x65, 0x6d, 0x73, 0x3a, 0x20, 0x63, 0x65, 0x6e, 0x74, 0x65, 0x72
.byte 0x3b, 0x0d, 0x0a, 0x20, 0x20, 0x6a, 0x75, 0x73, 0x74, 0x69, 0x66, 0x79, 0x2d, 0x63, 0x6f, 0x6e
.byte 0x74, 0x65, 0x6e, 0x74, 0x3a, 0x20, 0x73, 0x70, 0x61, 0x63, 0x65, 0x2d, 0x62, 0x65, 0x74, 0x77
.byte 0x65, 0x65, 0x6e, 0x3b, 0x0d, 0x0a, 0x20, 0x20, 0x67, 0x61, 0x70, 0x3a, 0x20, 0x31, 0x72, 0x65
.byte 0x6d, 0x3b, 0x0d, 0x0a, 0x20, 0x20, 0x66, 0x6c, 0x65, 0x78, 0x2d, 0x77, 0x72, 0x61, 0x70, 0x3a
.byte 0x20, 0x77, 0x72, 0x61, 0x70, 0x3b, 0x0d, 0x0a, 0x7d, 0x0d, 0x0a, 0x0d, 0x0a, 0x2e, 0x6d, 0x65
.byte 0x6d, 0x6f, 0x72, 0x79, 0x2d, 0x67, 0x72, 0x69, 0x64, 0x20, 0x7b, 0x0d, 0x0a, 0x20, 0x20, 0x64
.byte 0x69, 0x73, 0x70, 0x6c, 0x61, 0x79, 0x3a, 0x20, 0x67, 0x72, 0x69, 0x64, 0x3b, 0x0d, 0x0a, 0x20
.byte 0x20, 0x67, 0x72, 0x69, 0x64, 0x2d, 0x74, 0x65, 0x6d, 0x70, 0x6c, 0x61, 0x74, 0x65, 0x2d, 0x63
.byte 0x6f, 0x6c, 0x75, 0x6d, 0x6e, 0x73, 0x3a, 0x20, 0x31, 0x66, 0x72, 0x3b, 0x0d, 0x0a, 0x20, 0x20
.byte 0x67, 0x61, 0x70, 0x3a, 0x20, 0x31, 0x72, 0x65, 0x6d, 0x3b, 0x0d, 0x0a, 0x7d, 0x0d, 0x0a, 0x0d
.byte 0x0a, 0x2e, 0x6d, 0x65, 0x6d, 0x6f, 0x72, 0x79, 0x2d, 0x63, 0x61, 0x72, 0x64, 0x20, 0x7b, 0x0d
.byte 0x0a, 0x20, 0x20, 0x62, 0x6f, 0x72, 0x64, 0x65, 0x72, 0x3a, 0x20, 0x31, 0x70, 0x78, 0x20, 0x73
.byte 0x6f, 0x6c, 0x69, 0x64, 0x20, 0x76, 0x61, 0x72, 0x28, 0x2d, 0x2d, 0x62, 0x6f, 0x72, 0x64, 0x65
.byte 0x72, 0x29, 0x3b, 0x0d, 0x0a, 0x20, 0x20, 0x62, 0x6f, 0x72, 0x64, 0x65, 0x72, 0x2d, 0x72, 0x61
.byte 0x64, 0x69, 0x75, 0x73, 0x3a, 0x20, 0x76, 0x61, 0x72, 0x28, 0x2d, 0x2d, 0x72, 0x61, 0x64, 0x69
.byte 0x75, 0x73, 0x2d, 0x6d, 0x64, 0x29, 0x3b, 0x0d, 0x0a, 0x20, 0x20, 0x62, 0x61, 0x63, 0x6b, 0x67
.byte 0x72, 0x6f, 0x75, 0x6e, 0x64, 0x3a, 0x20, 0x76, 0x61, 0x72, 0x28, 0x2d, 0x2d, 0x62, 0x67, 0x2d
.byte 0x73, 0x75, 0x72, 0x66, 0x61, 0x63, 0x65, 0x29, 0x3b, 0x0d, 0x0a, 0x20, 0x20, 0x70, 0x61, 0x64
.byte 0x64, 0x69, 0x6e, 0x67, 0x3a, 0x20, 0x31, 0x72, 0x65, 0x6d, 0x3b, 0x0d, 0x0a, 0x7d, 0x0d, 0x0a
.byte 0x0d, 0x0a, 0x2e, 0x6d, 0x65, 0x6d, 0x6f, 0x72, 0x79, 0x2d, 0x63, 0x61, 0x72, 0x64, 0x2d, 0x68
.byte 0x65, 0x61, 0x64, 0x65, 0x72, 0x20, 0x7b, 0x0d, 0x0a, 0x20, 0x20, 0x64, 0x69, 0x73, 0x70, 0x6c
.byte 0x61, 0x79, 0x3a, 0x20, 0x66, 0x6c, 0x65, 0x78, 0x3b, 0x0d, 0x0a, 0x20, 0x20, 0x61, 0x6c, 0x69
.byte 0x67, 0x6e, 0x2d, 0x69, 0x74, 0x65, 0x6d, 0x73, 0x3a, 0x20, 0x63, 0x65, 0x6e, 0x74, 0x65, 0x72
.byte 0x3b, 0x0d, 0x0a, 0x20, 0x20, 0x6a, 0x75, 0x73, 0x74, 0x69, 0x66, 0x79, 0x2d, 0x63, 0x6f, 0x6e
.byte 0x74, 0x65, 0x6e, 0x74, 0x3a, 0x20, 0x73, 0x70, 0x61, 0x63, 0x65, 0x2d, 0x62, 0x65, 0x74, 0x77
.byte 0x65, 0x65, 0x6e, 0x3b, 0x0d, 0x0a, 0x20, 0x20, 0x67, 0x61, 0x70, 0x3a, 0x20, 0x30, 0x2e, 0x37
.byte 0x35, 0x72, 0x65, 0x6d, 0x3b, 0x0d, 0x0a, 0x20, 0x20, 0x6d, 0x61, 0x72, 0x67, 0x69, 0x6e, 0x2d
.byte 0x62, 0x6f, 0x74, 0x74, 0x6f, 0x6d, 0x3a, 0x20, 0x30, 0x2e, 0x37, 0x35, 0x72, 0x65, 0x6d, 0x3b
.byte 0x0d, 0x0a, 0x20, 0x20, 0x66, 0x6c, 0x65, 0x78, 0x2d, 0x77, 0x72, 0x61, 0x70, 0x3a, 0x20, 0x77
.byte 0x72, 0x61, 0x70, 0x3b, 0x0d, 0x0a, 0x7d, 0x0d, 0x0a, 0x0d, 0x0a, 0x2e, 0x6d, 0x65, 0x6d, 0x6f
.byte 0x72, 0x79, 0x2d, 0x63, 0x61, 0x72, 0x64, 0x2d, 0x74, 0x69, 0x74, 0x6c, 0x65, 0x20, 0x7b, 0x0d
.byte 0x0a, 0x20, 0x20, 0x6d, 0x61, 0x72, 0x67, 0x69, 0x6e, 0x3a, 0x20, 0x30, 0x3b, 0x0d, 0x0a, 0x20
.byte 0x20, 0x66, 0x6f, 0x6e, 0x74, 0x2d, 0x73, 0x69, 0x7a, 0x65, 0x3a, 0x20, 0x30, 0x2e, 0x39, 0x72
.byte 0x65, 0x6d, 0x3b, 0x0d, 0x0a, 0x20, 0x20, 0x66, 0x6f, 0x6e, 0x74, 0x2d, 0x77, 0x65, 0x69, 0x67
.byte 0x68, 0x74, 0x3a, 0x20, 0x37, 0x30, 0x30, 0x3b, 0x0d, 0x0a, 0x20, 0x20, 0x63, 0x6f, 0x6c, 0x6f
.byte 0x72, 0x3a, 0x20, 0x76, 0x61, 0x72, 0x28, 0x2d, 0x2d, 0x74, 0x65, 0x78, 0x74, 0x2d, 0x70, 0x72
.byte 0x69, 0x6d, 0x61, 0x72, 0x79, 0x29, 0x3b, 0x0d, 0x0a, 0x7d, 0x0d, 0x0a, 0x0d, 0x0a, 0x2e, 0x6d
.byte 0x65, 0x6d, 0x6f, 0x72, 0x79, 0x2d, 0x63, 0x61, 0x72, 0x64, 0x2d, 0x61, 0x63, 0x74, 0x69, 0x6f
.byte 0x6e, 0x73, 0x20, 0x7b, 0x0d, 0x0a, 0x20, 0x20, 0x64, 0x69, 0x73, 0x70, 0x6c, 0x61, 0x79, 0x3a
.byte 0x20, 0x66, 0x6c, 0x65, 0x78, 0x3b, 0x0d, 0x0a, 0x20, 0x20, 0x61, 0x6c, 0x69, 0x67, 0x6e, 0x2d
.byte 0x69, 0x74, 0x65, 0x6d, 0x73, 0x3a, 0x20, 0x63, 0x65, 0x6e, 0x74, 0x65, 0x72, 0x3b, 0x0d, 0x0a
.byte 0x20, 0x20, 0x67, 0x61, 0x70, 0x3a, 0x20, 0x30, 0x2e, 0x35, 0x72, 0x65, 0x6d, 0x3b, 0x0d, 0x0a
.byte 0x20, 0x20, 0x66, 0x6c, 0x65, 0x78, 0x2d, 0x77, 0x72, 0x61, 0x70, 0x3a, 0x20, 0x77, 0x72, 0x61
.byte 0x70, 0x3b, 0x0d, 0x0a, 0x7d, 0x0d, 0x0a, 0x0d, 0x0a, 0x2e, 0x6d, 0x65, 0x6d, 0x6f, 0x72, 0x79
.byte 0x2d, 0x69, 0x6e, 0x6c, 0x69, 0x6e, 0x65, 0x2d, 0x65, 0x6d, 0x70, 0x74, 0x79, 0x20, 0x7b, 0x0d
.byte 0x0a, 0x20, 0x20, 0x62, 0x6f, 0x72, 0x64, 0x65, 0x72, 0x3a, 0x20, 0x31, 0x70, 0x78, 0x20, 0x64
.byte 0x61, 0x73, 0x68, 0x65, 0x64, 0x20, 0x76, 0x61, 0x72, 0x28, 0x2d, 0x2d, 0x62, 0x6f, 0x72, 0x64
.byte 0x65, 0x72, 0x29, 0x3b, 0x0d, 0x0a, 0x20, 0x20, 0x62, 0x6f, 0x72, 0x64, 0x65, 0x72, 0x2d, 0x72
.byte 0x61, 0x64, 0x69, 0x75, 0x73, 0x3a, 0x20, 0x76, 0x61, 0x72, 0x28, 0x2d, 0x2d, 0x72, 0x61, 0x64
.byte 0x69, 0x75, 0x73, 0x2d, 0x73, 0x6d, 0x29, 0x3b, 0x0d, 0x0a, 0x20, 0x20, 0x62, 0x61, 0x63, 0x6b
.byte 0x67, 0x72, 0x6f, 0x75, 0x6e, 0x64, 0x3a, 0x20, 0x72, 0x67, 0x62, 0x61, 0x28, 0x32, 0x35, 0x35
.byte 0x2c, 0x20, 0x32, 0x35, 0x35, 0x2c, 0x20, 0x32, 0x35, 0x35, 0x2c, 0x20, 0x30, 0x2e, 0x30, 0x32
.byte 0x29, 0x3b, 0x0d, 0x0a, 0x20, 0x20, 0x70, 0x61, 0x64, 0x64, 0x69, 0x6e, 0x67, 0x3a, 0x20, 0x30
.byte 0x2e, 0x38, 0x35, 0x72, 0x65, 0x6d, 0x3b, 0x0d, 0x0a, 0x20, 0x20, 0x6d, 0x61, 0x72, 0x67, 0x69
.byte 0x6e, 0x2d, 0x62, 0x6f, 0x74, 0x74, 0x6f, 0x6d, 0x3a, 0x20, 0x30, 0x2e, 0x37, 0x35, 0x72, 0x65
.byte 0x6d, 0x3b, 0x0d, 0x0a, 0x20, 0x20, 0x64, 0x69, 0x73, 0x70, 0x6c, 0x61, 0x79, 0x3a, 0x20, 0x66
.byte 0x6c, 0x65, 0x78, 0x3b, 0x0d, 0x0a, 0x20, 0x20, 0x61, 0x6c, 0x69, 0x67, 0x6e, 0x2d, 0x69, 0x74
.byte 0x65, 0x6d, 0x73, 0x3a, 0x20, 0x63, 0x65, 0x6e, 0x74, 0x65, 0x72, 0x3b, 0x0d, 0x0a, 0x20, 0x20
.byte 0x6a, 0x75, 0x73, 0x74, 0x69, 0x66, 0x79, 0x2d, 0x63, 0x6f, 0x6e, 0x74, 0x65, 0x6e, 0x74, 0x3a
.byte 0x20, 0x73, 0x70, 0x61, 0x63, 0x65, 0x2d, 0x62, 0x65, 0x74, 0x77, 0x65, 0x65, 0x6e, 0x3b, 0x0d
.byte 0x0a, 0x20, 0x20, 0x67, 0x61, 0x70, 0x3a, 0x20, 0x30, 0x2e, 0x37, 0x35, 0x72, 0x65, 0x6d, 0x3b
.byte 0x0d, 0x0a, 0x20, 0x20, 0x66, 0x6c, 0x65, 0x78, 0x2d, 0x77, 0x72, 0x61, 0x70, 0x3a, 0x20, 0x77
.byte 0x72, 0x61, 0x70, 0x3b, 0x0d, 0x0a, 0x7d, 0x0d, 0x0a, 0x0d, 0x0a, 0x2e, 0x6d, 0x65, 0x6d, 0x6f
.byte 0x72, 0x79, 0x2d, 0x65, 0x64, 0x69, 0x74, 0x6f, 0x72, 0x20, 0x7b, 0x0d, 0x0a, 0x20, 0x20, 0x77
.byte 0x69, 0x64, 0x74, 0x68, 0x3a, 0x20, 0x31, 0x30, 0x30, 0x25, 0x3b, 0x0d, 0x0a, 0x20, 0x20, 0x6d
.byte 0x69, 0x6e, 0x2d, 0x68, 0x65, 0x69, 0x67, 0x68, 0x74, 0x3a, 0x20, 0x34, 0x32, 0x30, 0x70, 0x78
.byte 0x3b, 0x0d, 0x0a, 0x20, 0x20, 0x72, 0x65, 0x73, 0x69, 0x7a, 0x65, 0x3a, 0x20, 0x76, 0x65, 0x72
.byte 0x74, 0x69, 0x63, 0x61, 0x6c, 0x3b, 0x0d, 0x0a, 0x20, 0x20, 0x62, 0x61, 0x63, 0x6b, 0x67, 0x72
.byte 0x6f, 0x75, 0x6e, 0x64, 0x3a, 0x20, 0x76, 0x61, 0x72, 0x28, 0x2d, 0x2d, 0x62, 0x67, 0x2d, 0x69
.byte 0x6e, 0x70, 0x75, 0x74, 0x29, 0x3b, 0x0d, 0x0a, 0x20, 0x20, 0x62, 0x6f, 0x72, 0x64, 0x65, 0x72
.byte 0x3a, 0x20, 0x31, 0x70, 0x78, 0x20, 0x73, 0x6f, 0x6c, 0x69, 0x64, 0x20, 0x76, 0x61, 0x72, 0x28
.byte 0x2d, 0x2d, 0x62, 0x6f, 0x72, 0x64, 0x65, 0x72, 0x29, 0x3b, 0x0d, 0x0a, 0x20, 0x20, 0x63, 0x6f
.byte 0x6c, 0x6f, 0x72, 0x3a, 0x20, 0x76, 0x61, 0x72, 0x28, 0x2d, 0x2d, 0x74, 0x65, 0x78, 0x74, 0x2d
.byte 0x70, 0x72, 0x69, 0x6d, 0x61, 0x72, 0x79, 0x29, 0x3b, 0x0d, 0x0a, 0x20, 0x20, 0x62, 0x6f, 0x72
.byte 0x64, 0x65, 0x72, 0x2d, 0x72, 0x61, 0x64, 0x69, 0x75, 0x73, 0x3a, 0x20, 0x76, 0x61, 0x72, 0x28
.byte 0x2d, 0x2d, 0x72, 0x61, 0x64, 0x69, 0x75, 0x73, 0x2d, 0x6d, 0x64, 0x29, 0x3b, 0x0d, 0x0a, 0x20
.byte 0x20, 0x70, 0x61, 0x64, 0x64, 0x69, 0x6e, 0x67, 0x3a, 0x20, 0x31, 0x72, 0x65, 0x6d, 0x3b, 0x0d
.byte 0x0a, 0x20, 0x20, 0x66, 0x6f, 0x6e, 0x74, 0x2d, 0x73, 0x69, 0x7a, 0x65, 0x3a, 0x20, 0x30, 0x2e
.byte 0x38, 0x38, 0x72, 0x65, 0x6d, 0x3b, 0x0d, 0x0a, 0x20, 0x20, 0x6c, 0x69, 0x6e, 0x65, 0x2d, 0x68
.byte 0x65, 0x69, 0x67, 0x68, 0x74, 0x3a, 0x20, 0x31, 0x2e, 0x36, 0x3b, 0x0d, 0x0a, 0x20, 0x20, 0x66
.byte 0x6f, 0x6e, 0x74, 0x2d, 0x66, 0x61, 0x6d, 0x69, 0x6c, 0x79, 0x3a, 0x20, 0x22, 0x4a, 0x65, 0x74
.byte 0x42, 0x72, 0x61, 0x69, 0x6e, 0x73, 0x20, 0x4d, 0x6f, 0x6e, 0x6f, 0x22, 0x2c, 0x20, 0x22, 0x46
.byte 0x69, 0x72, 0x61, 0x20, 0x43, 0x6f, 0x64, 0x65, 0x22, 0x2c, 0x20, 0x6d, 0x6f, 0x6e, 0x6f, 0x73
.byte 0x70, 0x61, 0x63, 0x65, 0x3b, 0x0d, 0x0a, 0x20, 0x20, 0x62, 0x6f, 0x78, 0x2d, 0x73, 0x69, 0x7a
.byte 0x69, 0x6e, 0x67, 0x3a, 0x20, 0x62, 0x6f, 0x72, 0x64, 0x65, 0x72, 0x2d, 0x62, 0x6f, 0x78, 0x3b
.byte 0x0d, 0x0a, 0x7d, 0x0d, 0x0a, 0x0d, 0x0a, 0x2e, 0x6d, 0x65, 0x6d, 0x6f, 0x72, 0x79, 0x2d, 0x65
.byte 0x64, 0x69, 0x74, 0x6f, 0x72, 0x2d, 0x73, 0x6d, 0x20, 0x7b, 0x0d, 0x0a, 0x20, 0x20, 0x6d, 0x69
.byte 0x6e, 0x2d, 0x68, 0x65, 0x69, 0x67, 0x68, 0x74, 0x3a, 0x20, 0x32, 0x32, 0x30, 0x70, 0x78, 0x3b
.byte 0x0d, 0x0a, 0x7d, 0x0d, 0x0a, 0x0d, 0x0a, 0x2e, 0x6d, 0x65, 0x6d, 0x6f, 0x72, 0x79, 0x2d, 0x65
.byte 0x64, 0x69, 0x74, 0x6f, 0x72, 0x3a, 0x66, 0x6f, 0x63, 0x75, 0x73, 0x20, 0x7b, 0x0d, 0x0a, 0x20
.byte 0x20, 0x6f, 0x75, 0x74, 0x6c, 0x69, 0x6e, 0x65, 0x3a, 0x20, 0x6e, 0x6f, 0x6e, 0x65, 0x3b, 0x0d
.byte 0x0a, 0x20, 0x20, 0x62, 0x6f, 0x72, 0x64, 0x65, 0x72, 0x2d, 0x63, 0x6f, 0x6c, 0x6f, 0x72, 0x3a
.byte 0x20, 0x72, 0x67, 0x62, 0x61, 0x28, 0x32, 0x33, 0x32, 0x2c, 0x20, 0x35, 0x34, 0x2c, 0x20, 0x34
.byte 0x35, 0x2c, 0x20, 0x30, 0x2e, 0x34, 0x29, 0x3b, 0x0d, 0x0a, 0x7d, 0x0d, 0x0a, 0x0d, 0x0a, 0x2e
.byte 0x6d, 0x65, 0x6d, 0x6f, 0x72, 0x79, 0x2d, 0x61, 0x63, 0x74, 0x69, 0x6f, 0x6e, 0x73, 0x20, 0x7b
.byte 0x0d, 0x0a, 0x20, 0x20, 0x64, 0x69, 0x73, 0x70, 0x6c, 0x61, 0x79, 0x3a, 0x20, 0x66, 0x6c, 0x65
.byte 0x78, 0x3b, 0x0d, 0x0a, 0x20, 0x20, 0x6a, 0x75, 0x73, 0x74, 0x69, 0x66, 0x79, 0x2d, 0x63, 0x6f
.byte 0x6e, 0x74, 0x65, 0x6e, 0x74, 0x3a, 0x20, 0x66, 0x6c, 0x65, 0x78, 0x2d, 0x65, 0x6e, 0x64, 0x3b
.byte 0x0d, 0x0a, 0x20, 0x20, 0x6d, 0x61, 0x72, 0x67, 0x69, 0x6e, 0x2d, 0x74, 0x6f, 0x70, 0x3a, 0x20
.byte 0x31, 0x72, 0x65, 0x6d, 0x3b, 0x0d, 0x0a, 0x7d, 0x0d, 0x0a, 0x0d, 0x0a, 0x2e, 0x66, 0x69, 0x6c
.byte 0x65, 0x2d, 0x74, 0x6f, 0x6f, 0x6c, 0x62, 0x61, 0x72, 0x20, 0x7b, 0x0d, 0x0a, 0x20, 0x20, 0x64
.byte 0x69, 0x73, 0x70, 0x6c, 0x61, 0x79, 0x3a, 0x20, 0x66, 0x6c, 0x65, 0x78, 0x3b, 0x0d, 0x0a, 0x20
.byte 0x20, 0x61, 0x6c, 0x69, 0x67, 0x6e, 0x2d, 0x69, 0x74, 0x65, 0x6d, 0x73, 0x3a, 0x20, 0x63, 0x65
.byte 0x6e, 0x74, 0x65, 0x72, 0x3b, 0x0d, 0x0a, 0x20, 0x20, 0x67, 0x61, 0x70, 0x3a, 0x20, 0x30, 0x2e
.byte 0x37, 0x35, 0x72, 0x65, 0x6d, 0x3b, 0x0d, 0x0a, 0x20, 0x20, 0x6d, 0x61, 0x72, 0x67, 0x69, 0x6e
.byte 0x2d, 0x62, 0x6f, 0x74, 0x74, 0x6f, 0x6d, 0x3a, 0x20, 0x31, 0x72, 0x65, 0x6d, 0x3b, 0x0d, 0x0a
.byte 0x20, 0x20, 0x66, 0x6c, 0x65, 0x78, 0x2d, 0x77, 0x72, 0x61, 0x70, 0x3a, 0x20, 0x77, 0x72, 0x61
.byte 0x70, 0x3b, 0x0d, 0x0a, 0x7d, 0x0d, 0x0a, 0x0d, 0x0a, 0x2e, 0x66, 0x69, 0x6c, 0x65, 0x2d, 0x74
.byte 0x6f, 0x6f, 0x6c, 0x62, 0x61, 0x72, 0x2d, 0x72, 0x69, 0x67, 0x68, 0x74, 0x20, 0x7b, 0x0d, 0x0a
.byte 0x20, 0x20, 0x6d, 0x61, 0x72, 0x67, 0x69, 0x6e, 0x2d, 0x6c, 0x65, 0x66, 0x74, 0x3a, 0x20, 0x61
.byte 0x75, 0x74, 0x6f, 0x3b, 0x0d, 0x0a, 0x20, 0x20, 0x64, 0x69, 0x73, 0x70, 0x6c, 0x61, 0x79, 0x3a
.byte 0x20, 0x69, 0x6e, 0x6c, 0x69, 0x6e, 0x65, 0x2d, 0x66, 0x6c, 0x65, 0x78, 0x3b, 0x0d, 0x0a, 0x20
.byte 0x20, 0x61, 0x6c, 0x69, 0x67, 0x6e, 0x2d, 0x69, 0x74, 0x65, 0x6d, 0x73, 0x3a, 0x20, 0x63, 0x65
.byte 0x6e, 0x74, 0x65, 0x72, 0x3b, 0x0d, 0x0a, 0x20, 0x20, 0x67, 0x61, 0x70, 0x3a, 0x20, 0x30, 0x2e
.byte 0x35, 0x72, 0x65, 0x6d, 0x3b, 0x0d, 0x0a, 0x7d, 0x0d, 0x0a, 0x0d, 0x0a, 0x2e, 0x66, 0x69, 0x6c
.byte 0x65, 0x2d, 0x70, 0x61, 0x74, 0x68, 0x20, 0x7b, 0x0d, 0x0a, 0x20, 0x20, 0x64, 0x69, 0x73, 0x70
.byte 0x6c, 0x61, 0x79, 0x3a, 0x20, 0x69, 0x6e, 0x6c, 0x69, 0x6e, 0x65, 0x2d, 0x66, 0x6c, 0x65, 0x78
.byte 0x3b, 0x0d, 0x0a, 0x20, 0x20, 0x61, 0x6c, 0x69, 0x67, 0x6e, 0x2d, 0x69, 0x74, 0x65, 0x6d, 0x73
.byte 0x3a, 0x20, 0x63, 0x65, 0x6e, 0x74, 0x65, 0x72, 0x3b, 0x0d, 0x0a, 0x20, 0x20, 0x68, 0x65, 0x69
.byte 0x67, 0x68, 0x74, 0x3a, 0x20, 0x32, 0x2e, 0x31, 0x35, 0x72, 0x65, 0x6d, 0x3b, 0x0d, 0x0a, 0x20
.byte 0x20, 0x70, 0x61, 0x64, 0x64, 0x69, 0x6e, 0x67, 0x3a, 0x20, 0x30, 0x20, 0x30, 0x2e, 0x36, 0x72
.byte 0x65, 0x6d, 0x3b, 0x0d, 0x0a, 0x20, 0x20, 0x62, 0x6f, 0x72, 0x64, 0x65, 0x72, 0x2d, 0x72, 0x61
.byte 0x64, 0x69, 0x75, 0x73, 0x3a, 0x20, 0x76, 0x61, 0x72, 0x28, 0x2d, 0x2d, 0x72, 0x61, 0x64, 0x69
.byte 0x75, 0x73, 0x2d, 0x73, 0x6d, 0x29, 0x3b, 0x0d, 0x0a, 0x20, 0x20, 0x62, 0x61, 0x63, 0x6b, 0x67
.byte 0x72, 0x6f, 0x75, 0x6e, 0x64, 0x3a, 0x20, 0x76, 0x61, 0x72, 0x28, 0x2d, 0x2d, 0x62, 0x67, 0x2d
.byte 0x73, 0x75, 0x72, 0x66, 0x61, 0x63, 0x65, 0x29, 0x3b, 0x0d, 0x0a, 0x20, 0x20, 0x62, 0x6f, 0x72
.byte 0x64, 0x65, 0x72, 0x3a, 0x20, 0x31, 0x70, 0x78, 0x20, 0x73, 0x6f, 0x6c, 0x69, 0x64, 0x20, 0x76
.byte 0x61, 0x72, 0x28, 0x2d, 0x2d, 0x62, 0x6f, 0x72, 0x64, 0x65, 0x72, 0x29, 0x3b, 0x0d, 0x0a, 0x20
.byte 0x20, 0x66, 0x6f, 0x6e, 0x74, 0x2d, 0x66, 0x61, 0x6d, 0x69, 0x6c, 0x79, 0x3a, 0x20, 0x22, 0x4a
.byte 0x65, 0x74, 0x42, 0x72, 0x61, 0x69, 0x6e, 0x73, 0x20, 0x4d, 0x6f, 0x6e, 0x6f, 0x22, 0x2c, 0x20
.byte 0x22, 0x46, 0x69, 0x72, 0x61, 0x20, 0x43, 0x6f, 0x64, 0x65, 0x22, 0x2c, 0x20, 0x6d, 0x6f, 0x6e
.byte 0x6f, 0x73, 0x70, 0x61, 0x63, 0x65, 0x3b, 0x0d, 0x0a, 0x20, 0x20, 0x66, 0x6f, 0x6e, 0x74, 0x2d
.byte 0x73, 0x69, 0x7a, 0x65, 0x3a, 0x20, 0x30, 0x2e, 0x38, 0x32, 0x72, 0x65, 0x6d, 0x3b, 0x0d, 0x0a
.byte 0x20, 0x20, 0x63, 0x6f, 0x6c, 0x6f, 0x72, 0x3a, 0x20, 0x76, 0x61, 0x72, 0x28, 0x2d, 0x2d, 0x74
.byte 0x65, 0x78, 0x74, 0x2d, 0x73, 0x65, 0x63, 0x6f, 0x6e, 0x64, 0x61, 0x72, 0x79, 0x29, 0x3b, 0x0d
.byte 0x0a, 0x7d, 0x0d, 0x0a, 0x0d, 0x0a, 0x2e, 0x66, 0x69, 0x6c, 0x65, 0x2d, 0x63, 0x72, 0x65, 0x61
.byte 0x74, 0x65, 0x2d, 0x72, 0x6f, 0x77, 0x2c, 0x0d, 0x0a, 0x2e, 0x66, 0x69, 0x6c, 0x65, 0x2d, 0x75
.byte 0x70, 0x6c, 0x6f, 0x61, 0x64, 0x2d, 0x72, 0x6f, 0x77, 0x20, 0x7b, 0x0d, 0x0a, 0x20, 0x20, 0x64
.byte 0x69, 0x73, 0x70, 0x6c, 0x61, 0x79, 0x3a, 0x20, 0x66, 0x6c, 0x65, 0x78, 0x3b, 0x0d, 0x0a, 0x20
.byte 0x20, 0x61, 0x6c, 0x69, 0x67, 0x6e, 0x2d, 0x69, 0x74, 0x65, 0x6d, 0x73, 0x3a, 0x20, 0x63, 0x65
.byte 0x6e, 0x74, 0x65, 0x72, 0x3b, 0x0d, 0x0a, 0x20, 0x20, 0x67, 0x61, 0x70, 0x3a, 0x20, 0x30, 0x2e
.byte 0x35, 0x72, 0x65, 0x6d, 0x3b, 0x0d, 0x0a, 0x20, 0x20, 0x6d, 0x61, 0x72, 0x67, 0x69, 0x6e, 0x2d
.byte 0x62, 0x6f, 0x74, 0x74, 0x6f, 0x6d, 0x3a, 0x20, 0x31, 0x72, 0x65, 0x6d, 0x3b, 0x0d, 0x0a, 0x20
.byte 0x20, 0x66, 0x6c, 0x65, 0x78, 0x2d, 0x77, 0x72, 0x61, 0x70, 0x3a, 0x20, 0x77, 0x72, 0x61, 0x70
.byte 0x3b, 0x0d, 0x0a, 0x7d, 0x0d, 0x0a, 0x0d, 0x0a, 0x2e, 0x66, 0x69, 0x6c, 0x65, 0x2d, 0x70, 0x61
.byte 0x6e, 0x65, 0x6c, 0x20, 0x69, 0x6e, 0x70, 0x75, 0x74, 0x2c, 0x0d, 0x0a, 0x2e, 0x66, 0x69, 0x6c
.byte 0x65, 0x2d, 0x70, 0x61, 0x6e, 0x65, 0x6c, 0x20, 0x2e, 0x62, 0x74, 0x6e, 0x2d, 0x73, 0x6d, 0x2c
.byte 0x0d, 0x0a, 0x2e, 0x66, 0x69, 0x6c, 0x65, 0x2d, 0x70, 0x61, 0x6e, 0x65, 0x6c, 0x20, 0x2e, 0x62
.byte 0x74, 0x6e, 0x2d, 0x67, 0x68, 0x6f, 0x73, 0x74, 0x20, 0x7b, 0x0d, 0x0a, 0x20, 0x20, 0x66, 0x6f
.byte 0x6e, 0x74, 0x2d, 0x73, 0x69, 0x7a, 0x65, 0x3a, 0x20, 0x30, 0x2e, 0x38, 0x32, 0x72, 0x65, 0x6d
.byte 0x3b, 0x0d, 0x0a, 0x20, 0x20, 0x70, 0x61, 0x64, 0x64, 0x69, 0x6e, 0x67, 0x3a, 0x20, 0x30, 0x2e
.byte 0x34, 0x35, 0x72, 0x65, 0x6d, 0x20, 0x30, 0x2e, 0x37, 0x35, 0x72, 0x65, 0x6d, 0x3b, 0x0d, 0x0a
.byte 0x20, 0x20, 0x68, 0x65, 0x69, 0x67, 0x68, 0x74, 0x3a, 0x20, 0x32, 0x2e, 0x31, 0x35, 0x72, 0x65
.byte 0x6d, 0x3b, 0x0d, 0x0a, 0x20, 0x20, 0x62, 0x6f, 0x78, 0x2d, 0x73, 0x69, 0x7a, 0x69, 0x6e, 0x67
.byte 0x3a, 0x20, 0x62, 0x6f, 0x72, 0x64, 0x65, 0x72, 0x2d, 0x62, 0x6f, 0x78, 0x3b, 0x0d, 0x0a, 0x7d
.byte 0x0d, 0x0a, 0x0d, 0x0a, 0x2e, 0x66, 0x69, 0x6c, 0x65, 0x2d, 0x63, 0x72, 0x65, 0x61, 0x74, 0x65
.byte 0x2d, 0x72, 0x6f, 0x77, 0x20, 0x69, 0x6e, 0x70, 0x75, 0x74, 0x2c, 0x0d, 0x0a, 0x2e, 0x66, 0x69
.byte 0x6c, 0x65, 0x2d, 0x75, 0x70, 0x6c, 0x6f, 0x61, 0x64, 0x2d, 0x72, 0x6f, 0x77, 0x20, 0x69, 0x6e
.byte 0x70, 0x75, 0x74, 0x5b, 0x74, 0x79, 0x70, 0x65, 0x3d, 0x22, 0x74, 0x65, 0x78, 0x74, 0x22, 0x5d
.byte 0x20, 0x7b, 0x0d, 0x0a, 0x20, 0x20, 0x66, 0x6c, 0x65, 0x78, 0x3a, 0x20, 0x31, 0x3b, 0x0d, 0x0a
.byte 0x20, 0x20, 0x6d, 0x69, 0x6e, 0x2d, 0x77, 0x69, 0x64, 0x74, 0x68, 0x3a, 0x20, 0x31, 0x35, 0x30
.byte 0x70, 0x78, 0x3b, 0x0d, 0x0a, 0x7d, 0x0d, 0x0a, 0x0d, 0x0a, 0x2e, 0x66, 0x69, 0x6c, 0x65, 0x2d
.byte 0x70, 0x69, 0x63, 0x6b, 0x65, 0x72, 0x20, 0x7b, 0x0d, 0x0a, 0x20, 0x20, 0x64, 0x69, 0x73, 0x70
.byte 0x6c, 0x61, 0x79, 0x3a, 0x20, 0x66, 0x6c, 0x65, 0x78, 0x3b, 0x0d, 0x0a, 0x20, 0x20, 0x61, 0x6c
.byte 0x69, 0x67, 0x6e, 0x2d, 0x69, 0x74, 0x65, 0x6d, 0x73, 0x3a, 0x20, 0x63, 0x65, 0x6e, 0x74, 0x65
.byte 0x72, 0x3b, 0x0d, 0x0a, 0x20, 0x20, 0x67, 0x61, 0x70, 0x3a, 0x20, 0x30, 0x2e, 0x35, 0x72, 0x65
.byte 0x6d, 0x3b, 0x0d, 0x0a, 0x20, 0x20, 0x66, 0x6c, 0x65, 0x78, 0x3a, 0x20, 0x31, 0x3b, 0x0d, 0x0a
.byte 0x20, 0x20, 0x6d, 0x69, 0x6e, 0x2d, 0x77, 0x69, 0x64, 0x74, 0x68, 0x3a, 0x20, 0x31, 0x38, 0x30
.byte 0x70, 0x78, 0x3b, 0x0d, 0x0a, 0x20, 0x20, 0x68, 0x65, 0x69, 0x67, 0x68, 0x74, 0x3a, 0x20, 0x32
.byte 0x2e, 0x31, 0x35, 0x72, 0x65, 0x6d, 0x3b, 0x0d, 0x0a, 0x20, 0x20, 0x70, 0x61, 0x64, 0x64, 0x69
.byte 0x6e, 0x67, 0x3a, 0x20, 0x30, 0x20, 0x30, 0x2e, 0x36, 0x72, 0x65, 0x6d, 0x3b, 0x0d, 0x0a, 0x20
.byte 0x20, 0x62, 0x6f, 0x72, 0x64, 0x65, 0x72, 0x3a, 0x20, 0x31, 0x70, 0x78, 0x20, 0x73, 0x6f, 0x6c
.byte 0x69, 0x64, 0x20, 0x76, 0x61, 0x72, 0x28, 0x2d, 0x2d, 0x62, 0x6f, 0x72, 0x64, 0x65, 0x72, 0x29
.byte 0x3b, 0x0d, 0x0a, 0x20, 0x20, 0x62, 0x6f, 0x72, 0x64, 0x65, 0x72, 0x2d, 0x72, 0x61, 0x64, 0x69
.byte 0x75, 0x73, 0x3a, 0x20, 0x76, 0x61, 0x72, 0x28, 0x2d, 0x2d, 0x72, 0x61, 0x64, 0x69, 0x75, 0x73
.byte 0x2d, 0x73, 0x6d, 0x29, 0x3b, 0x0d, 0x0a, 0x20, 0x20, 0x62, 0x61, 0x63, 0x6b, 0x67, 0x72, 0x6f
.byte 0x75, 0x6e, 0x64, 0x3a, 0x20, 0x76, 0x61, 0x72, 0x28, 0x2d, 0x2d, 0x62, 0x67, 0x2d, 0x69, 0x6e
.byte 0x70, 0x75, 0x74, 0x29, 0x3b, 0x0d, 0x0a, 0x7d, 0x0d, 0x0a, 0x0d, 0x0a, 0x2e, 0x66, 0x69, 0x6c
.byte 0x65, 0x2d, 0x70, 0x69, 0x63, 0x6b, 0x65, 0x72, 0x20, 0x2e, 0x62, 0x74, 0x6e, 0x2d, 0x67, 0x68
.byte 0x6f, 0x73, 0x74, 0x20, 0x7b, 0x0d, 0x0a, 0x20, 0x20, 0x68, 0x65, 0x69, 0x67, 0x68, 0x74, 0x3a
.byte 0x20, 0x61, 0x75, 0x74, 0x6f, 0x3b, 0x0d, 0x0a, 0x20, 0x20, 0x70, 0x61, 0x64, 0x64, 0x69, 0x6e
.byte 0x67, 0x3a, 0x20, 0x30, 0x3b, 0x0d, 0x0a, 0x7d, 0x0d, 0x0a, 0x0d, 0x0a, 0x2e, 0x66, 0x69, 0x6c
.byte 0x65, 0x2d, 0x70, 0x69, 0x63, 0x6b, 0x65, 0x72, 0x20, 0x69, 0x6e, 0x70, 0x75, 0x74, 0x5b, 0x74
.byte 0x79, 0x70, 0x65, 0x3d, 0x22, 0x66, 0x69, 0x6c, 0x65, 0x22, 0x5d, 0x20, 0x7b, 0x0d, 0x0a, 0x20
.byte 0x20, 0x64, 0x69, 0x73, 0x70, 0x6c, 0x61, 0x79, 0x3a, 0x20, 0x6e, 0x6f, 0x6e, 0x65, 0x3b, 0x0d
.byte 0x0a, 0x7d, 0x0d, 0x0a, 0x0d, 0x0a, 0x2e, 0x66, 0x69, 0x6c, 0x65, 0x2d, 0x6e, 0x61, 0x6d, 0x65
.byte 0x20, 0x7b, 0x0d, 0x0a, 0x20, 0x20, 0x66, 0x6f, 0x6e, 0x74, 0x2d, 0x73, 0x69, 0x7a, 0x65, 0x3a
.byte 0x20, 0x30, 0x2e, 0x38, 0x32, 0x72, 0x65, 0x6d, 0x3b, 0x0d, 0x0a, 0x20, 0x20, 0x63, 0x6f, 0x6c
.byte 0x6f, 0x72, 0x3a, 0x20, 0x76, 0x61, 0x72, 0x28, 0x2d, 0x2d, 0x74, 0x65, 0x78, 0x74, 0x2d, 0x6d
.byte 0x75, 0x74, 0x65, 0x64, 0x29, 0x3b, 0x0d, 0x0a, 0x20, 0x20, 0x6f, 0x76, 0x65, 0x72, 0x66, 0x6c
.byte 0x6f, 0x77, 0x3a, 0x20, 0x68, 0x69, 0x64, 0x64, 0x65, 0x6e, 0x3b, 0x0d, 0x0a, 0x20, 0x20, 0x74
.byte 0x65, 0x78, 0x74, 0x2d, 0x6f, 0x76, 0x65, 0x72, 0x66, 0x6c, 0x6f, 0x77, 0x3a, 0x20, 0x65, 0x6c
.byte 0x6c, 0x69, 0x70, 0x73, 0x69, 0x73, 0x3b, 0x0d, 0x0a, 0x20, 0x20, 0x77, 0x68, 0x69, 0x74, 0x65
.byte 0x2d, 0x73, 0x70, 0x61, 0x63, 0x65, 0x3a, 0x20, 0x6e, 0x6f, 0x77, 0x72, 0x61, 0x70, 0x3b, 0x0d
.byte 0x0a, 0x20, 0x20, 0x66, 0x6c, 0x65, 0x78, 0x3a, 0x20, 0x31, 0x3b, 0x0d, 0x0a, 0x7d, 0x0d, 0x0a
.byte 0x0d, 0x0a, 0x2f, 0x2a, 0x20, 0xe2, 0x94, 0x80, 0xe2, 0x94, 0x80, 0x20, 0x46, 0x69, 0x6c, 0x65
.byte 0x20, 0x54, 0x61, 0x62, 0x6c, 0x65, 0x20, 0xe2, 0x94, 0x80, 0xe2, 0x94, 0x80, 0x20, 0x2a, 0x2f
.byte 0x0d, 0x0a, 0x2e, 0x74, 0x61, 0x62, 0x6c, 0x65, 0x2d, 0x77, 0x72, 0x61, 0x70, 0x20, 0x7b, 0x0d
.byte 0x0a, 0x20, 0x20, 0x6f, 0x76, 0x65, 0x72, 0x66, 0x6c, 0x6f, 0x77, 0x3a, 0x20, 0x61, 0x75, 0x74
.byte 0x6f, 0x3b, 0x0d, 0x0a, 0x20, 0x20, 0x62, 0x6f, 0x72, 0x64, 0x65, 0x72, 0x3a, 0x20, 0x31, 0x70
.byte 0x78, 0x20, 0x73, 0x6f, 0x6c, 0x69, 0x64, 0x20, 0x76, 0x61, 0x72, 0x28, 0x2d, 0x2d, 0x62, 0x6f
.byte 0x72, 0x64, 0x65, 0x72, 0x29, 0x3b, 0x0d, 0x0a, 0x20, 0x20, 0x62, 0x6f, 0x72, 0x64, 0x65, 0x72
.byte 0x2d, 0x72, 0x61, 0x64, 0x69, 0x75, 0x73, 0x3a, 0x20, 0x76, 0x61, 0x72, 0x28, 0x2d, 0x2d, 0x72
.byte 0x61, 0x64, 0x69, 0x75, 0x73, 0x2d, 0x6d, 0x64, 0x29, 0x3b, 0x0d, 0x0a, 0x20, 0x20, 0x62, 0x61
.byte 0x63, 0x6b, 0x67, 0x72, 0x6f, 0x75, 0x6e, 0x64, 0x3a, 0x20, 0x76, 0x61, 0x72, 0x28, 0x2d, 0x2d
.byte 0x62, 0x67, 0x2d, 0x73, 0x75, 0x72, 0x66, 0x61, 0x63, 0x65, 0x29, 0x3b, 0x0d, 0x0a, 0x7d, 0x0d
.byte 0x0a, 0x0d, 0x0a, 0x74, 0x61, 0x62, 0x6c, 0x65, 0x20, 0x7b, 0x0d, 0x0a, 0x20, 0x20, 0x77, 0x69
.byte 0x64, 0x74, 0x68, 0x3a, 0x20, 0x31, 0x30, 0x30, 0x25, 0x3b, 0x0d, 0x0a, 0x20, 0x20, 0x62, 0x6f
.byte 0x72, 0x64, 0x65, 0x72, 0x2d, 0x63, 0x6f, 0x6c, 0x6c, 0x61, 0x70, 0x73, 0x65, 0x3a, 0x20, 0x63
.byte 0x6f, 0x6c, 0x6c, 0x61, 0x70, 0x73, 0x65, 0x3b, 0x0d, 0x0a, 0x7d, 0x0d, 0x0a, 0x0d, 0x0a, 0x74
.byte 0x68, 0x2c, 0x20, 0x74, 0x64, 0x20, 0x7b, 0x0d, 0x0a, 0x20, 0x20, 0x70, 0x61, 0x64, 0x64, 0x69
.byte 0x6e, 0x67, 0x3a, 0x20, 0x30, 0x2e, 0x37, 0x35, 0x72, 0x65, 0x6d, 0x20, 0x31, 0x72, 0x65, 0x6d
.byte 0x3b, 0x0d, 0x0a, 0x20, 0x20, 0x74, 0x65, 0x78, 0x74, 0x2d, 0x61, 0x6c, 0x69, 0x67, 0x6e, 0x3a
.byte 0x20, 0x6c, 0x65, 0x66, 0x74, 0x3b, 0x0d, 0x0a, 0x20, 0x20, 0x62, 0x6f, 0x72, 0x64, 0x65, 0x72
.byte 0x2d, 0x62, 0x6f, 0x74, 0x74, 0x6f, 0x6d, 0x3a, 0x20, 0x31, 0x70, 0x78, 0x20, 0x73, 0x6f, 0x6c
.byte 0x69, 0x64, 0x20, 0x76, 0x61, 0x72, 0x28, 0x2d, 0x2d, 0x62, 0x6f, 0x72, 0x64, 0x65, 0x72, 0x29
.byte 0x3b, 0x0d, 0x0a, 0x7d, 0x0d, 0x0a, 0x0d, 0x0a, 0x74, 0x68, 0x20, 0x7b, 0x0d, 0x0a, 0x20, 0x20
.byte 0x66, 0x6f, 0x6e, 0x74, 0x2d, 0x73, 0x69, 0x7a, 0x65, 0x3a, 0x20, 0x30, 0x2e, 0x37, 0x32, 0x72
.byte 0x65, 0x6d, 0x3b, 0x0d, 0x0a, 0x20, 0x20, 0x66, 0x6f, 0x6e, 0x74, 0x2d, 0x77, 0x65, 0x69, 0x67
.byte 0x68, 0x74, 0x3a, 0x20, 0x37, 0x30, 0x30, 0x3b, 0x0d, 0x0a, 0x20, 0x20, 0x74, 0x65, 0x78, 0x74
.byte 0x2d, 0x74, 0x72, 0x61, 0x6e, 0x73, 0x66, 0x6f, 0x72, 0x6d, 0x3a, 0x20, 0x75, 0x70, 0x70, 0x65
.byte 0x72, 0x63, 0x61, 0x73, 0x65, 0x3b, 0x0d, 0x0a, 0x20, 0x20, 0x6c, 0x65, 0x74, 0x74, 0x65, 0x72
.byte 0x2d, 0x73, 0x70, 0x61, 0x63, 0x69, 0x6e, 0x67, 0x3a, 0x20, 0x30, 0x2e, 0x30, 0x38, 0x65, 0x6d
.byte 0x3b, 0x0d, 0x0a, 0x20, 0x20, 0x63, 0x6f, 0x6c, 0x6f, 0x72, 0x3a, 0x20, 0x76, 0x61, 0x72, 0x28
.byte 0x2d, 0x2d, 0x74, 0x65, 0x78, 0x74, 0x2d, 0x6d, 0x75, 0x74, 0x65, 0x64, 0x29, 0x3b, 0x0d, 0x0a
.byte 0x20, 0x20, 0x62, 0x61, 0x63, 0x6b, 0x67, 0x72, 0x6f, 0x75, 0x6e, 0x64, 0x3a, 0x20, 0x76, 0x61
.byte 0x72, 0x28, 0x2d, 0x2d, 0x62, 0x67, 0x2d, 0x63, 0x61, 0x72, 0x64, 0x29, 0x3b, 0x0d, 0x0a, 0x7d
.byte 0x0d, 0x0a, 0x0d, 0x0a, 0x74, 0x72, 0x3a, 0x6c, 0x61, 0x73, 0x74, 0x2d, 0x63, 0x68, 0x69, 0x6c
.byte 0x64, 0x20, 0x74, 0x64, 0x20, 0x7b, 0x0d, 0x0a, 0x20, 0x20, 0x62, 0x6f, 0x72, 0x64, 0x65, 0x72
.byte 0x2d, 0x62, 0x6f, 0x74, 0x74, 0x6f, 0x6d, 0x3a, 0x20, 0x6e, 0x6f, 0x6e, 0x65, 0x3b, 0x0d, 0x0a
.byte 0x7d, 0x0d, 0x0a, 0x0d, 0x0a, 0x74, 0x64, 0x20, 0x7b, 0x0d, 0x0a, 0x20, 0x20, 0x66, 0x6f, 0x6e
.byte 0x74, 0x2d, 0x73, 0x69, 0x7a, 0x65, 0x3a, 0x20, 0x30, 0x2e, 0x38, 0x37, 0x35, 0x72, 0x65, 0x6d
.byte 0x3b, 0x0d, 0x0a, 0x20, 0x20, 0x63, 0x6f, 0x6c, 0x6f, 0x72, 0x3a, 0x20, 0x76, 0x61, 0x72, 0x28
.byte 0x2d, 0x2d, 0x74, 0x65, 0x78, 0x74, 0x2d, 0x73, 0x65, 0x63, 0x6f, 0x6e, 0x64, 0x61, 0x72, 0x79
.byte 0x29, 0x3b, 0x0d, 0x0a, 0x7d, 0x0d, 0x0a, 0x0d, 0x0a, 0x74, 0x64, 0x2e, 0x61, 0x63, 0x74, 0x69
.byte 0x6f, 0x6e, 0x73, 0x20, 0x7b, 0x0d, 0x0a, 0x20, 0x20, 0x64, 0x69, 0x73, 0x70, 0x6c, 0x61, 0x79
.byte 0x3a, 0x20, 0x67, 0x72, 0x69, 0x64, 0x3b, 0x0d, 0x0a, 0x20, 0x20, 0x67, 0x72, 0x69, 0x64, 0x2d
.byte 0x74, 0x65, 0x6d, 0x70, 0x6c, 0x61, 0x74, 0x65, 0x2d, 0x63, 0x6f, 0x6c, 0x75, 0x6d, 0x6e, 0x73
.byte 0x3a, 0x20, 0x72, 0x65, 0x70, 0x65, 0x61, 0x74, 0x28, 0x33, 0x2c, 0x20, 0x6d, 0x69, 0x6e, 0x6d
.byte 0x61, 0x78, 0x28, 0x30, 0x2c, 0x20, 0x6d, 0x61, 0x78, 0x2d, 0x63, 0x6f, 0x6e, 0x74, 0x65, 0x6e
.byte 0x74, 0x29, 0x29, 0x3b, 0x0d, 0x0a, 0x20, 0x20, 0x67, 0x61, 0x70, 0x3a, 0x20, 0x30, 0x2e, 0x35
.byte 0x72, 0x65, 0x6d, 0x3b, 0x0d, 0x0a, 0x20, 0x20, 0x61, 0x6c, 0x69, 0x67, 0x6e, 0x2d, 0x69, 0x74
.byte 0x65, 0x6d, 0x73, 0x3a, 0x20, 0x63, 0x65, 0x6e, 0x74, 0x65, 0x72, 0x3b, 0x0d, 0x0a, 0x7d, 0x0d
.byte 0x0a, 0x0d, 0x0a, 0x2e, 0x6c, 0x69, 0x6e, 0x6b, 0x2d, 0x62, 0x74, 0x6e, 0x20, 0x7b, 0x0d, 0x0a
.byte 0x20, 0x20, 0x62, 0x61, 0x63, 0x6b, 0x67, 0x72, 0x6f, 0x75, 0x6e, 0x64, 0x3a, 0x20, 0x6e, 0x6f
.byte 0x6e, 0x65, 0x3b, 0x0d, 0x0a, 0x20, 0x20, 0x62, 0x6f, 0x72, 0x64, 0x65, 0x72, 0x3a, 0x20, 0x6e
.byte 0x6f, 0x6e, 0x65, 0x3b, 0x0d, 0x0a, 0x20, 0x20, 0x66, 0x6f, 0x6e, 0x74, 0x2d, 0x66, 0x61, 0x6d
.byte 0x69, 0x6c, 0x79, 0x3a, 0x20, 0x69, 0x6e, 0x68, 0x65, 0x72, 0x69, 0x74, 0x3b, 0x0d, 0x0a, 0x20
.byte 0x20, 0x66, 0x6f, 0x6e, 0x74, 0x2d, 0x73, 0x69, 0x7a, 0x65, 0x3a, 0x20, 0x30, 0x2e, 0x38, 0x32
.byte 0x72, 0x65, 0x6d, 0x3b, 0x0d, 0x0a, 0x20, 0x20, 0x66, 0x6f, 0x6e, 0x74, 0x2d, 0x77, 0x65, 0x69
.byte 0x67, 0x68, 0x74, 0x3a, 0x20, 0x36, 0x30, 0x30, 0x3b, 0x0d, 0x0a, 0x20, 0x20, 0x63, 0x6f, 0x6c
.byte 0x6f, 0x72, 0x3a, 0x20, 0x76, 0x61, 0x72, 0x28, 0x2d, 0x2d, 0x61, 0x63, 0x63, 0x65, 0x6e, 0x74
.byte 0x2d, 0x73, 0x6f, 0x66, 0x74, 0x29, 0x3b, 0x0d, 0x0a, 0x20, 0x20, 0x63, 0x75, 0x72, 0x73, 0x6f
.byte 0x72, 0x3a, 0x20, 0x70, 0x6f, 0x69, 0x6e, 0x74, 0x65, 0x72, 0x3b, 0x0d, 0x0a, 0x20, 0x20, 0x70
.byte 0x61, 0x64, 0x64, 0x69, 0x6e, 0x67, 0x3a, 0x20, 0x30, 0x2e, 0x32, 0x72, 0x65, 0x6d, 0x20, 0x30
.byte 0x2e, 0x34, 0x72, 0x65, 0x6d, 0x3b, 0x0d, 0x0a, 0x20, 0x20, 0x62, 0x6f, 0x72, 0x64, 0x65, 0x72
.byte 0x2d, 0x72, 0x61, 0x64, 0x69, 0x75, 0x73, 0x3a, 0x20, 0x76, 0x61, 0x72, 0x28, 0x2d, 0x2d, 0x72
.byte 0x61, 0x64, 0x69, 0x75, 0x73, 0x2d, 0x73, 0x6d, 0x29, 0x3b, 0x0d, 0x0a, 0x20, 0x20, 0x74, 0x72
.byte 0x61, 0x6e, 0x73, 0x69, 0x74, 0x69, 0x6f, 0x6e, 0x3a, 0x20, 0x62, 0x61, 0x63, 0x6b, 0x67, 0x72
.byte 0x6f, 0x75, 0x6e, 0x64, 0x20, 0x30, 0x2e, 0x31, 0x32, 0x73, 0x2c, 0x20, 0x63, 0x6f, 0x6c, 0x6f
.byte 0x72, 0x20, 0x30, 0x2e, 0x31, 0x32, 0x73, 0x3b, 0x0d, 0x0a, 0x20, 0x20, 0x74, 0x65, 0x78, 0x74
.byte 0x2d, 0x64, 0x65, 0x63, 0x6f, 0x72, 0x61, 0x74, 0x69, 0x6f, 0x6e, 0x3a, 0x20, 0x6e, 0x6f, 0x6e
.byte 0x65, 0x3b, 0x0d, 0x0a, 0x7d, 0x0d, 0x0a, 0x0d, 0x0a, 0x2e, 0x6c, 0x69, 0x6e, 0x6b, 0x2d, 0x62
.byte 0x74, 0x6e, 0x3a, 0x64, 0x69, 0x73, 0x61, 0x62, 0x6c, 0x65, 0x64, 0x20, 0x7b, 0x0d, 0x0a, 0x20
.byte 0x20, 0x63, 0x6f, 0x6c, 0x6f, 0x72, 0x3a, 0x20, 0x76, 0x61, 0x72, 0x28, 0x2d, 0x2d, 0x74, 0x65
.byte 0x78, 0x74, 0x2d, 0x6d, 0x75, 0x74, 0x65, 0x64, 0x29, 0x3b, 0x0d, 0x0a, 0x20, 0x20, 0x63, 0x75
.byte 0x72, 0x73, 0x6f, 0x72, 0x3a, 0x20, 0x6e, 0x6f, 0x74, 0x2d, 0x61, 0x6c, 0x6c, 0x6f, 0x77, 0x65
.byte 0x64, 0x3b, 0x0d, 0x0a, 0x20, 0x20, 0x6f, 0x70, 0x61, 0x63, 0x69, 0x74, 0x79, 0x3a, 0x20, 0x30
.byte 0x2e, 0x36, 0x35, 0x3b, 0x0d, 0x0a, 0x7d, 0x0d, 0x0a, 0x0d, 0x0a, 0x2e, 0x6c, 0x69, 0x6e, 0x6b
.byte 0x2d, 0x62, 0x74, 0x6e, 0x3a, 0x64, 0x69, 0x73, 0x61, 0x62, 0x6c, 0x65, 0x64, 0x3a, 0x68, 0x6f
.byte 0x76, 0x65, 0x72, 0x20, 0x7b, 0x0d, 0x0a, 0x20, 0x20, 0x62, 0x61, 0x63, 0x6b, 0x67, 0x72, 0x6f
.byte 0x75, 0x6e, 0x64, 0x3a, 0x20, 0x6e, 0x6f, 0x6e, 0x65, 0x3b, 0x0d, 0x0a, 0x20, 0x20, 0x63, 0x6f
.byte 0x6c, 0x6f, 0x72, 0x3a, 0x20, 0x76, 0x61, 0x72, 0x28, 0x2d, 0x2d, 0x74, 0x65, 0x78, 0x74, 0x2d
.byte 0x6d, 0x75, 0x74, 0x65, 0x64, 0x29, 0x3b, 0x0d, 0x0a, 0x7d, 0x0d, 0x0a, 0x0d, 0x0a, 0x2e, 0x61
.byte 0x63, 0x74, 0x69, 0x6f, 0x6e, 0x2d, 0x73, 0x6c, 0x6f, 0x74, 0x20, 0x7b, 0x0d, 0x0a, 0x20, 0x20
.byte 0x64, 0x69, 0x73, 0x70, 0x6c, 0x61, 0x79, 0x3a, 0x20, 0x69, 0x6e, 0x6c, 0x69, 0x6e, 0x65, 0x2d
.byte 0x66, 0x6c, 0x65, 0x78, 0x3b, 0x0d, 0x0a, 0x20, 0x20, 0x61, 0x6c, 0x69, 0x67, 0x6e, 0x2d, 0x69
.byte 0x74, 0x65, 0x6d, 0x73, 0x3a, 0x20, 0x63, 0x65, 0x6e, 0x74, 0x65, 0x72, 0x3b, 0x0d, 0x0a, 0x20
.byte 0x20, 0x6d, 0x69, 0x6e, 0x2d, 0x77, 0x69, 0x64, 0x74, 0x68, 0x3a, 0x20, 0x32, 0x2e, 0x36, 0x72
.byte 0x65, 0x6d, 0x3b, 0x0d, 0x0a, 0x7d, 0x0d, 0x0a, 0x0d, 0x0a, 0x2e, 0x61, 0x63, 0x74, 0x69, 0x6f
.byte 0x6e, 0x2d, 0x73, 0x6c, 0x6f, 0x74, 0x2e, 0x70, 0x6c, 0x61, 0x63, 0x65, 0x68, 0x6f, 0x6c, 0x64
.byte 0x65, 0x72, 0x20, 0x7b, 0x0d, 0x0a, 0x20, 0x20, 0x66, 0x6f, 0x6e, 0x74, 0x2d, 0x73, 0x69, 0x7a
.byte 0x65, 0x3a, 0x20, 0x30, 0x2e, 0x38, 0x32, 0x72, 0x65, 0x6d, 0x3b, 0x0d, 0x0a, 0x20, 0x20, 0x66
.byte 0x6f, 0x6e, 0x74, 0x2d, 0x77, 0x65, 0x69, 0x67, 0x68, 0x74, 0x3a, 0x20, 0x36, 0x30, 0x30, 0x3b
.byte 0x0d, 0x0a, 0x20, 0x20, 0x63, 0x6f, 0x6c, 0x6f, 0x72, 0x3a, 0x20, 0x76, 0x61, 0x72, 0x28, 0x2d
.byte 0x2d, 0x74, 0x65, 0x78, 0x74, 0x2d, 0x6d, 0x75, 0x74, 0x65, 0x64, 0x29, 0x3b, 0x0d, 0x0a, 0x20
.byte 0x20, 0x6f, 0x70, 0x61, 0x63, 0x69, 0x74, 0x79, 0x3a, 0x20, 0x30, 0x2e, 0x37, 0x35, 0x3b, 0x0d
.byte 0x0a, 0x20, 0x20, 0x70, 0x61, 0x64, 0x64, 0x69, 0x6e, 0x67, 0x3a, 0x20, 0x30, 0x2e, 0x32, 0x72
.byte 0x65, 0x6d, 0x20, 0x30, 0x2e, 0x34, 0x72, 0x65, 0x6d, 0x3b, 0x0d, 0x0a, 0x20, 0x20, 0x62, 0x6f
.byte 0x72, 0x64, 0x65, 0x72, 0x2d, 0x72, 0x61, 0x64, 0x69, 0x75, 0x73, 0x3a, 0x20, 0x76, 0x61, 0x72
.byte 0x28, 0x2d, 0x2d, 0x72, 0x61, 0x64, 0x69, 0x75, 0x73, 0x2d, 0x73, 0x6d, 0x29, 0x3b, 0x0d, 0x0a
.byte 0x20, 0x20, 0x63, 0x75, 0x72, 0x73, 0x6f, 0x72, 0x3a, 0x20, 0x64, 0x65, 0x66, 0x61, 0x75, 0x6c
.byte 0x74, 0x3b, 0x0d, 0x0a, 0x20, 0x20, 0x75, 0x73, 0x65, 0x72, 0x2d, 0x73, 0x65, 0x6c, 0x65, 0x63
.byte 0x74, 0x3a, 0x20, 0x6e, 0x6f, 0x6e, 0x65, 0x3b, 0x0d, 0x0a, 0x7d, 0x0d, 0x0a, 0x0d, 0x0a, 0x2e
.byte 0x6c, 0x69, 0x6e, 0x6b, 0x2d, 0x62, 0x74, 0x6e, 0x3a, 0x68, 0x6f, 0x76, 0x65, 0x72, 0x20, 0x7b
.byte 0x0d, 0x0a, 0x20, 0x20, 0x62, 0x61, 0x63, 0x6b, 0x67, 0x72, 0x6f, 0x75, 0x6e, 0x64, 0x3a, 0x20
.byte 0x72, 0x67, 0x62, 0x61, 0x28, 0x32, 0x35, 0x35, 0x2c, 0x20, 0x32, 0x35, 0x35, 0x2c, 0x20, 0x32
.byte 0x35, 0x35, 0x2c, 0x20, 0x30, 0x2e, 0x30, 0x34, 0x29, 0x3b, 0x0d, 0x0a, 0x20, 0x20, 0x63, 0x6f
.byte 0x6c, 0x6f, 0x72, 0x3a, 0x20, 0x76, 0x61, 0x72, 0x28, 0x2d, 0x2d, 0x74, 0x65, 0x78, 0x74, 0x2d
.byte 0x70, 0x72, 0x69, 0x6d, 0x61, 0x72, 0x79, 0x29, 0x3b, 0x0d, 0x0a, 0x7d, 0x0d, 0x0a, 0x0d, 0x0a
.byte 0x2e, 0x6c, 0x69, 0x6e, 0x6b, 0x2d, 0x62, 0x74, 0x6e, 0x2e, 0x64, 0x61, 0x6e, 0x67, 0x65, 0x72
.byte 0x3a, 0x68, 0x6f, 0x76, 0x65, 0x72, 0x20, 0x7b, 0x0d, 0x0a, 0x20, 0x20, 0x63, 0x6f, 0x6c, 0x6f
.byte 0x72, 0x3a, 0x20, 0x76, 0x61, 0x72, 0x28, 0x2d, 0x2d, 0x64, 0x61, 0x6e, 0x67, 0x65, 0x72, 0x29
.byte 0x3b, 0x0d, 0x0a, 0x20, 0x20, 0x62, 0x61, 0x63, 0x6b, 0x67, 0x72, 0x6f, 0x75, 0x6e, 0x64, 0x3a
.byte 0x20, 0x72, 0x67, 0x62, 0x61, 0x28, 0x32, 0x34, 0x38, 0x2c, 0x20, 0x31, 0x31, 0x33, 0x2c, 0x20
.byte 0x31, 0x31, 0x33, 0x2c, 0x20, 0x30, 0x2e, 0x30, 0x38, 0x29, 0x3b, 0x0d, 0x0a, 0x7d, 0x0d, 0x0a
.byte 0x0d, 0x0a, 0x2e, 0x6d, 0x6f, 0x64, 0x61, 0x6c, 0x2d, 0x6f, 0x76, 0x65, 0x72, 0x6c, 0x61, 0x79
.byte 0x20, 0x7b, 0x0d, 0x0a, 0x20, 0x20, 0x70, 0x6f, 0x73, 0x69, 0x74, 0x69, 0x6f, 0x6e, 0x3a, 0x20
.byte 0x66, 0x69, 0x78, 0x65, 0x64, 0x3b, 0x0d, 0x0a, 0x20, 0x20, 0x69, 0x6e, 0x73, 0x65, 0x74, 0x3a
.byte 0x20, 0x30, 0x3b, 0x0d, 0x0a, 0x20, 0x20, 0x62, 0x61, 0x63, 0x6b, 0x67, 0x72, 0x6f, 0x75, 0x6e
.byte 0x64, 0x3a, 0x20, 0x72, 0x67, 0x62, 0x61, 0x28, 0x31, 0x30, 0x2c, 0x20, 0x31, 0x32, 0x2c, 0x20
.byte 0x31, 0x36, 0x2c, 0x20, 0x30, 0x2e, 0x37, 0x29, 0x3b, 0x0d, 0x0a, 0x20, 0x20, 0x64, 0x69, 0x73
.byte 0x70, 0x6c, 0x61, 0x79, 0x3a, 0x20, 0x66, 0x6c, 0x65, 0x78, 0x3b, 0x0d, 0x0a, 0x20, 0x20, 0x61
.byte 0x6c, 0x69, 0x67, 0x6e, 0x2d, 0x69, 0x74, 0x65, 0x6d, 0x73, 0x3a, 0x20, 0x63, 0x65, 0x6e, 0x74
.byte 0x65, 0x72, 0x3b, 0x0d, 0x0a, 0x20, 0x20, 0x6a, 0x75, 0x73, 0x74, 0x69, 0x66, 0x79, 0x2d, 0x63
.byte 0x6f, 0x6e, 0x74, 0x65, 0x6e, 0x74, 0x3a, 0x20, 0x63, 0x65, 0x6e, 0x74, 0x65, 0x72, 0x3b, 0x0d
.byte 0x0a, 0x20, 0x20, 0x70, 0x61, 0x64, 0x64, 0x69, 0x6e, 0x67, 0x3a, 0x20, 0x31, 0x2e, 0x35, 0x72
.byte 0x65, 0x6d, 0x3b, 0x0d, 0x0a, 0x20, 0x20, 0x7a, 0x2d, 0x69, 0x6e, 0x64, 0x65, 0x78, 0x3a, 0x20
.byte 0x31, 0x30, 0x30, 0x30, 0x3b, 0x0d, 0x0a, 0x7d, 0x0d, 0x0a, 0x0d, 0x0a, 0x2e, 0x6d, 0x6f, 0x64
.byte 0x61, 0x6c, 0x2d, 0x64, 0x69, 0x61, 0x6c, 0x6f, 0x67, 0x20, 0x7b, 0x0d, 0x0a, 0x20, 0x20, 0x77
.byte 0x69, 0x64, 0x74, 0x68, 0x3a, 0x20, 0x6d, 0x69, 0x6e, 0x28, 0x39, 0x36, 0x30, 0x70, 0x78, 0x2c
.byte 0x20, 0x31, 0x30, 0x30, 0x25, 0x29, 0x3b, 0x0d, 0x0a, 0x20, 0x20, 0x6d, 0x61, 0x78, 0x2d, 0x68
.byte 0x65, 0x69, 0x67, 0x68, 0x74, 0x3a, 0x20, 0x63, 0x61, 0x6c, 0x63, 0x28, 0x31, 0x30, 0x30, 0x76
.byte 0x68, 0x20, 0x2d, 0x20, 0x33, 0x72, 0x65, 0x6d, 0x29, 0x3b, 0x0d, 0x0a, 0x20, 0x20, 0x64, 0x69
.byte 0x73, 0x70, 0x6c, 0x61, 0x79, 0x3a, 0x20, 0x66, 0x6c, 0x65, 0x78, 0x3b, 0x0d, 0x0a, 0x20, 0x20
.byte 0x66, 0x6c, 0x65, 0x78, 0x2d, 0x64, 0x69, 0x72, 0x65, 0x63, 0x74, 0x69, 0x6f, 0x6e, 0x3a, 0x20
.byte 0x63, 0x6f, 0x6c, 0x75, 0x6d, 0x6e, 0x3b, 0x0d, 0x0a, 0x20, 0x20, 0x62, 0x61, 0x63, 0x6b, 0x67
.byte 0x72, 0x6f, 0x75, 0x6e, 0x64, 0x3a, 0x20, 0x76, 0x61, 0x72, 0x28, 0x2d, 0x2d, 0x62, 0x67, 0x2d
.byte 0x63, 0x61, 0x72, 0x64, 0x29, 0x3b, 0x0d, 0x0a, 0x20, 0x20, 0x62, 0x6f, 0x72, 0x64, 0x65, 0x72
.byte 0x3a, 0x20, 0x31, 0x70, 0x78, 0x20, 0x73, 0x6f, 0x6c, 0x69, 0x64, 0x20, 0x76, 0x61, 0x72, 0x28
.byte 0x2d, 0x2d, 0x62, 0x6f, 0x72, 0x64, 0x65, 0x72, 0x29, 0x3b, 0x0d, 0x0a, 0x20, 0x20, 0x62, 0x6f
.byte 0x72, 0x64, 0x65, 0x72, 0x2d, 0x72, 0x61, 0x64, 0x69, 0x75, 0x73, 0x3a, 0x20, 0x76, 0x61, 0x72
.byte 0x28, 0x2d, 0x2d, 0x72, 0x61, 0x64, 0x69, 0x75, 0x73, 0x2d, 0x6c, 0x67, 0x29, 0x3b, 0x0d, 0x0a
.byte 0x20, 0x20, 0x62, 0x6f, 0x78, 0x2d, 0x73, 0x68, 0x61, 0x64, 0x6f, 0x77, 0x3a, 0x20, 0x30, 0x20
.byte 0x32, 0x34, 0x70, 0x78, 0x20, 0x36, 0x30, 0x70, 0x78, 0x20, 0x72, 0x67, 0x62, 0x61, 0x28, 0x30
.byte 0x2c, 0x20, 0x30, 0x2c, 0x20, 0x30, 0x2c, 0x20, 0x30, 0x2e, 0x33, 0x35, 0x29, 0x3b, 0x0d, 0x0a
.byte 0x20, 0x20, 0x6f, 0x76, 0x65, 0x72, 0x66, 0x6c, 0x6f, 0x77, 0x3a, 0x20, 0x68, 0x69, 0x64, 0x64
.byte 0x65, 0x6e, 0x3b, 0x0d, 0x0a, 0x7d, 0x0d, 0x0a, 0x0d, 0x0a, 0x2e, 0x6d, 0x6f, 0x64, 0x61, 0x6c
.byte 0x2d, 0x68, 0x65, 0x61, 0x64, 0x65, 0x72, 0x20, 0x7b, 0x0d, 0x0a, 0x20, 0x20, 0x64, 0x69, 0x73
.byte 0x70, 0x6c, 0x61, 0x79, 0x3a, 0x20, 0x66, 0x6c, 0x65, 0x78, 0x3b, 0x0d, 0x0a, 0x20, 0x20, 0x61
.byte 0x6c, 0x69, 0x67, 0x6e, 0x2d, 0x69, 0x74, 0x65, 0x6d, 0x73, 0x3a, 0x20, 0x66, 0x6c, 0x65, 0x78
.byte 0x2d, 0x73, 0x74, 0x61, 0x72, 0x74, 0x3b, 0x0d, 0x0a, 0x20, 0x20, 0x6a, 0x75, 0x73, 0x74, 0x69
.byte 0x66, 0x79, 0x2d, 0x63, 0x6f, 0x6e, 0x74, 0x65, 0x6e, 0x74, 0x3a, 0x20, 0x73, 0x70, 0x61, 0x63
.byte 0x65, 0x2d, 0x62, 0x65, 0x74, 0x77, 0x65, 0x65, 0x6e, 0x3b, 0x0d, 0x0a, 0x20, 0x20, 0x67, 0x61
.byte 0x70, 0x3a, 0x20, 0x31, 0x72, 0x65, 0x6d, 0x3b, 0x0d, 0x0a, 0x20, 0x20, 0x70, 0x61, 0x64, 0x64
.byte 0x69, 0x6e, 0x67, 0x3a, 0x20, 0x31, 0x2e, 0x32, 0x35, 0x72, 0x65, 0x6d, 0x20, 0x31, 0x2e, 0x32
.byte 0x35, 0x72, 0x65, 0x6d, 0x20, 0x30, 0x3b, 0x0d, 0x0a, 0x20, 0x20, 0x66, 0x6c, 0x65, 0x78, 0x2d
.byte 0x77, 0x72, 0x61, 0x70, 0x3a, 0x20, 0x77, 0x72, 0x61, 0x70, 0x3b, 0x0d, 0x0a, 0x7d, 0x0d, 0x0a
.byte 0x0d, 0x0a, 0x2e, 0x6d, 0x6f, 0x64, 0x61, 0x6c, 0x2d, 0x74, 0x69, 0x74, 0x6c, 0x65, 0x20, 0x7b
.byte 0x0d, 0x0a, 0x20, 0x20, 0x6d, 0x61, 0x72, 0x67, 0x69, 0x6e, 0x3a, 0x20, 0x30, 0x20, 0x30, 0x20
.byte 0x30, 0x2e, 0x35, 0x72, 0x65, 0x6d, 0x3b, 0x0d, 0x0a, 0x20, 0x20, 0x66, 0x6f, 0x6e, 0x74, 0x2d
.byte 0x73, 0x69, 0x7a, 0x65, 0x3a, 0x20, 0x31, 0x72, 0x65, 0x6d, 0x3b, 0x0d, 0x0a, 0x20, 0x20, 0x66
.byte 0x6f, 0x6e, 0x74, 0x2d, 0x77, 0x65, 0x69, 0x67, 0x68, 0x74, 0x3a, 0x20, 0x37, 0x30, 0x30, 0x3b
.byte 0x0d, 0x0a, 0x20, 0x20, 0x63, 0x6f, 0x6c, 0x6f, 0x72, 0x3a, 0x20, 0x76, 0x61, 0x72, 0x28, 0x2d
.byte 0x2d, 0x74, 0x65, 0x78, 0x74, 0x2d, 0x70, 0x72, 0x69, 0x6d, 0x61, 0x72, 0x79, 0x29, 0x3b, 0x0d
.byte 0x0a, 0x7d, 0x0d, 0x0a, 0x0d, 0x0a, 0x2e, 0x6d, 0x6f, 0x64, 0x61, 0x6c, 0x2d, 0x65, 0x64, 0x69
.byte 0x74, 0x6f, 0x72, 0x20, 0x7b, 0x0d, 0x0a, 0x20, 0x20, 0x77, 0x69, 0x64, 0x74, 0x68, 0x3a, 0x20
.byte 0x63, 0x61, 0x6c, 0x63, 0x28, 0x31, 0x30, 0x30, 0x25, 0x20, 0x2d, 0x20, 0x32, 0x2e, 0x35, 0x72
.byte 0x65, 0x6d, 0x29, 0x3b, 0x0d, 0x0a, 0x20, 0x20, 0x6d, 0x69, 0x6e, 0x2d, 0x68, 0x65, 0x69, 0x67
.byte 0x68, 0x74, 0x3a, 0x20, 0x34, 0x32, 0x30, 0x70, 0x78, 0x3b, 0x0d, 0x0a, 0x20, 0x20, 0x6d, 0x61
.byte 0x72, 0x67, 0x69, 0x6e, 0x3a, 0x20, 0x30, 0x20, 0x31, 0x2e, 0x32, 0x35, 0x72, 0x65, 0x6d, 0x20
.byte 0x31, 0x2e, 0x32, 0x35, 0x72, 0x65, 0x6d, 0x3b, 0x0d, 0x0a, 0x20, 0x20, 0x72, 0x65, 0x73, 0x69
.byte 0x7a, 0x65, 0x3a, 0x20, 0x76, 0x65, 0x72, 0x74, 0x69, 0x63, 0x61, 0x6c, 0x3b, 0x0d, 0x0a, 0x20
.byte 0x20, 0x62, 0x61, 0x63, 0x6b, 0x67, 0x72, 0x6f, 0x75, 0x6e, 0x64, 0x3a, 0x20, 0x76, 0x61, 0x72
.byte 0x28, 0x2d, 0x2d, 0x62, 0x67, 0x2d, 0x69, 0x6e, 0x70, 0x75, 0x74, 0x29, 0x3b, 0x0d, 0x0a, 0x20
.byte 0x20, 0x62, 0x6f, 0x72, 0x64, 0x65, 0x72, 0x3a, 0x20, 0x31, 0x70, 0x78, 0x20, 0x73, 0x6f, 0x6c
.byte 0x69, 0x64, 0x20, 0x76, 0x61, 0x72, 0x28, 0x2d, 0x2d, 0x62, 0x6f, 0x72, 0x64, 0x65, 0x72, 0x29
.byte 0x3b, 0x0d, 0x0a, 0x20, 0x20, 0x63, 0x6f, 0x6c, 0x6f, 0x72, 0x3a, 0x20, 0x76, 0x61, 0x72, 0x28
.byte 0x2d, 0x2d, 0x74, 0x65, 0x78, 0x74, 0x2d, 0x70, 0x72, 0x69, 0x6d, 0x61, 0x72, 0x79, 0x29, 0x3b
.byte 0x0d, 0x0a, 0x20, 0x20, 0x62, 0x6f, 0x72, 0x64, 0x65, 0x72, 0x2d, 0x72, 0x61, 0x64, 0x69, 0x75
.byte 0x73, 0x3a, 0x20, 0x76, 0x61, 0x72, 0x28, 0x2d, 0x2d, 0x72, 0x61, 0x64, 0x69, 0x75, 0x73, 0x2d
.byte 0x6d, 0x64, 0x29, 0x3b, 0x0d, 0x0a, 0x20, 0x20, 0x70, 0x61, 0x64, 0x64, 0x69, 0x6e, 0x67, 0x3a
.byte 0x20, 0x31, 0x72, 0x65, 0x6d, 0x3b, 0x0d, 0x0a, 0x20, 0x20, 0x66, 0x6f, 0x6e, 0x74, 0x2d, 0x73
.byte 0x69, 0x7a, 0x65, 0x3a, 0x20, 0x30, 0x2e, 0x38, 0x38, 0x72, 0x65, 0x6d, 0x3b, 0x0d, 0x0a, 0x20
.byte 0x20, 0x6c, 0x69, 0x6e, 0x65, 0x2d, 0x68, 0x65, 0x69, 0x67, 0x68, 0x74, 0x3a, 0x20, 0x31, 0x2e
.byte 0x36, 0x3b, 0x0d, 0x0a, 0x20, 0x20, 0x66, 0x6f, 0x6e, 0x74, 0x2d, 0x66, 0x61, 0x6d, 0x69, 0x6c
.byte 0x79, 0x3a, 0x20, 0x22, 0x4a, 0x65, 0x74, 0x42, 0x72, 0x61, 0x69, 0x6e, 0x73, 0x20, 0x4d, 0x6f
.byte 0x6e, 0x6f, 0x22, 0x2c, 0x20, 0x22, 0x46, 0x69, 0x72, 0x61, 0x20, 0x43, 0x6f, 0x64, 0x65, 0x22
.byte 0x2c, 0x20, 0x6d, 0x6f, 0x6e, 0x6f, 0x73, 0x70, 0x61, 0x63, 0x65, 0x3b, 0x0d, 0x0a, 0x20, 0x20
.byte 0x62, 0x6f, 0x78, 0x2d, 0x73, 0x69, 0x7a, 0x69, 0x6e, 0x67, 0x3a, 0x20, 0x62, 0x6f, 0x72, 0x64
.byte 0x65, 0x72, 0x2d, 0x62, 0x6f, 0x78, 0x3b, 0x0d, 0x0a, 0x7d, 0x0d, 0x0a, 0x0d, 0x0a, 0x2e, 0x6d
.byte 0x6f, 0x64, 0x61, 0x6c, 0x2d, 0x65, 0x64, 0x69, 0x74, 0x6f, 0x72, 0x3a, 0x66, 0x6f, 0x63, 0x75
.byte 0x73, 0x20, 0x7b, 0x0d, 0x0a, 0x20, 0x20, 0x6f, 0x75, 0x74, 0x6c, 0x69, 0x6e, 0x65, 0x3a, 0x20
.byte 0x6e, 0x6f, 0x6e, 0x65, 0x3b, 0x0d, 0x0a, 0x20, 0x20, 0x62, 0x6f, 0x72, 0x64, 0x65, 0x72, 0x2d
.byte 0x63, 0x6f, 0x6c, 0x6f, 0x72, 0x3a, 0x20, 0x72, 0x67, 0x62, 0x61, 0x28, 0x32, 0x33, 0x32, 0x2c
.byte 0x20, 0x35, 0x34, 0x2c, 0x20, 0x34, 0x35, 0x2c, 0x20, 0x30, 0x2e, 0x34, 0x29, 0x3b, 0x0d, 0x0a
.byte 0x7d, 0x0d, 0x0a, 0x0d, 0x0a, 0x2e, 0x6d, 0x6f, 0x64, 0x61, 0x6c, 0x2d, 0x61, 0x63, 0x74, 0x69
.byte 0x6f, 0x6e, 0x73, 0x20, 0x7b, 0x0d, 0x0a, 0x20, 0x20, 0x64, 0x69, 0x73, 0x70, 0x6c, 0x61, 0x79
.byte 0x3a, 0x20, 0x66, 0x6c, 0x65, 0x78, 0x3b, 0x0d, 0x0a, 0x20, 0x20, 0x6a, 0x75, 0x73, 0x74, 0x69
.byte 0x66, 0x79, 0x2d, 0x63, 0x6f, 0x6e, 0x74, 0x65, 0x6e, 0x74, 0x3a, 0x20, 0x66, 0x6c, 0x65, 0x78
.byte 0x2d, 0x65, 0x6e, 0x64, 0x3b, 0x0d, 0x0a, 0x20, 0x20, 0x67, 0x61, 0x70, 0x3a, 0x20, 0x30, 0x2e
.byte 0x37, 0x35, 0x72, 0x65, 0x6d, 0x3b, 0x0d, 0x0a, 0x20, 0x20, 0x70, 0x61, 0x64, 0x64, 0x69, 0x6e
.byte 0x67, 0x3a, 0x20, 0x30, 0x20, 0x31, 0x2e, 0x32, 0x35, 0x72, 0x65, 0x6d, 0x20, 0x31, 0x2e, 0x32
.byte 0x35, 0x72, 0x65, 0x6d, 0x3b, 0x0d, 0x0a, 0x20, 0x20, 0x66, 0x6c, 0x65, 0x78, 0x2d, 0x77, 0x72
.byte 0x61, 0x70, 0x3a, 0x20, 0x77, 0x72, 0x61, 0x70, 0x3b, 0x0d, 0x0a, 0x7d, 0x0d, 0x0a, 0x0d, 0x0a
.byte 0x2f, 0x2a, 0x20, 0xe2, 0x94, 0x80, 0xe2, 0x94, 0x80, 0x20, 0x46, 0x6f, 0x6f, 0x74, 0x65, 0x72
.byte 0x20, 0xe2, 0x94, 0x80, 0xe2, 0x94, 0x80, 0x20, 0x2a, 0x2f, 0x0d, 0x0a, 0x66, 0x6f, 0x6f, 0x74
.byte 0x65, 0x72, 0x20, 0x7b, 0x0d, 0x0a, 0x20, 0x20, 0x64, 0x69, 0x73, 0x70, 0x6c, 0x61, 0x79, 0x3a
.byte 0x20, 0x66, 0x6c, 0x65, 0x78, 0x3b, 0x0d, 0x0a, 0x20, 0x20, 0x61, 0x6c, 0x69, 0x67, 0x6e, 0x2d
.byte 0x69, 0x74, 0x65, 0x6d, 0x73, 0x3a, 0x20, 0x63, 0x65, 0x6e, 0x74, 0x65, 0x72, 0x3b, 0x0d, 0x0a
.byte 0x20, 0x20, 0x6a, 0x75, 0x73, 0x74, 0x69, 0x66, 0x79, 0x2d, 0x63, 0x6f, 0x6e, 0x74, 0x65, 0x6e
.byte 0x74, 0x3a, 0x20, 0x73, 0x70, 0x61, 0x63, 0x65, 0x2d, 0x62, 0x65, 0x74, 0x77, 0x65, 0x65, 0x6e
.byte 0x3b, 0x0d, 0x0a, 0x20, 0x20, 0x70, 0x61, 0x64, 0x64, 0x69, 0x6e, 0x67, 0x3a, 0x20, 0x31, 0x2e
.byte 0x32, 0x35, 0x72, 0x65, 0x6d, 0x20, 0x32, 0x72, 0x65, 0x6d, 0x3b, 0x0d, 0x0a, 0x20, 0x20, 0x62
.byte 0x6f, 0x72, 0x64, 0x65, 0x72, 0x2d, 0x74, 0x6f, 0x70, 0x3a, 0x20, 0x31, 0x70, 0x78, 0x20, 0x73
.byte 0x6f, 0x6c, 0x69, 0x64, 0x20, 0x76, 0x61, 0x72, 0x28, 0x2d, 0x2d, 0x62, 0x6f, 0x72, 0x64, 0x65
.byte 0x72, 0x29, 0x3b, 0x0d, 0x0a, 0x7d, 0x0d, 0x0a, 0x0d, 0x0a, 0x2e, 0x66, 0x6f, 0x6f, 0x74, 0x65
.byte 0x72, 0x2d, 0x74, 0x65, 0x78, 0x74, 0x20, 0x7b, 0x0d, 0x0a, 0x20, 0x20, 0x66, 0x6f, 0x6e, 0x74
.byte 0x2d, 0x73, 0x69, 0x7a, 0x65, 0x3a, 0x20, 0x30, 0x2e, 0x38, 0x72, 0x65, 0x6d, 0x3b, 0x0d, 0x0a
.byte 0x20, 0x20, 0x63, 0x6f, 0x6c, 0x6f, 0x72, 0x3a, 0x20, 0x76, 0x61, 0x72, 0x28, 0x2d, 0x2d, 0x74
.byte 0x65, 0x78, 0x74, 0x2d, 0x6d, 0x75, 0x74, 0x65, 0x64, 0x29, 0x3b, 0x0d, 0x0a, 0x7d, 0x0d, 0x0a
.byte 0x0d, 0x0a, 0x2e, 0x66, 0x6f, 0x6f, 0x74, 0x65, 0x72, 0x2d, 0x74, 0x65, 0x78, 0x74, 0x20, 0x61
.byte 0x20, 0x7b, 0x0d, 0x0a, 0x20, 0x20, 0x63, 0x6f, 0x6c, 0x6f, 0x72, 0x3a, 0x20, 0x76, 0x61, 0x72
.byte 0x28, 0x2d, 0x2d, 0x74, 0x65, 0x78, 0x74, 0x2d, 0x6d, 0x75, 0x74, 0x65, 0x64, 0x29, 0x3b, 0x0d
.byte 0x0a, 0x20, 0x20, 0x74, 0x65, 0x78, 0x74, 0x2d, 0x64, 0x65, 0x63, 0x6f, 0x72, 0x61, 0x74, 0x69
.byte 0x6f, 0x6e, 0x3a, 0x20, 0x6e, 0x6f, 0x6e, 0x65, 0x3b, 0x0d, 0x0a, 0x20, 0x20, 0x74, 0x72, 0x61
.byte 0x6e, 0x73, 0x69, 0x74, 0x69, 0x6f, 0x6e, 0x3a, 0x20, 0x63, 0x6f, 0x6c, 0x6f, 0x72, 0x20, 0x30
.byte 0x2e, 0x31, 0x35, 0x73, 0x3b, 0x0d, 0x0a, 0x7d, 0x0d, 0x0a, 0x0d, 0x0a, 0x2e, 0x66, 0x6f, 0x6f
.byte 0x74, 0x65, 0x72, 0x2d, 0x74, 0x65, 0x78, 0x74, 0x20, 0x61, 0x3a, 0x68, 0x6f, 0x76, 0x65, 0x72
.byte 0x20, 0x7b, 0x0d, 0x0a, 0x20, 0x20, 0x63, 0x6f, 0x6c, 0x6f, 0x72, 0x3a, 0x20, 0x76, 0x61, 0x72
.byte 0x28, 0x2d, 0x2d, 0x74, 0x65, 0x78, 0x74, 0x2d, 0x73, 0x65, 0x63, 0x6f, 0x6e, 0x64, 0x61, 0x72
.byte 0x79, 0x29, 0x3b, 0x0d, 0x0a, 0x7d, 0x0d, 0x0a, 0x0d, 0x0a, 0x2e, 0x66, 0x6f, 0x6f, 0x74, 0x65
.byte 0x72, 0x2d, 0x68, 0x69, 0x67, 0x68, 0x6c, 0x69, 0x67, 0x68, 0x74, 0x20, 0x7b, 0x0d, 0x0a, 0x20
.byte 0x20, 0x66, 0x6f, 0x6e, 0x74, 0x2d, 0x77, 0x65, 0x69, 0x67, 0x68, 0x74, 0x3a, 0x20, 0x36, 0x30
.byte 0x30, 0x3b, 0x0d, 0x0a, 0x7d, 0x0d, 0x0a, 0x0d, 0x0a, 0x2f, 0x2a, 0x20, 0xe2, 0x94, 0x80, 0xe2
.byte 0x94, 0x80, 0x20, 0x55, 0x74, 0x69, 0x6c, 0x69, 0x74, 0x79, 0x20, 0xe2, 0x94, 0x80, 0xe2, 0x94
.byte 0x80, 0x20, 0x2a, 0x2f, 0x0d, 0x0a, 0x2e, 0x68, 0x69, 0x64, 0x64, 0x65, 0x6e, 0x20, 0x7b, 0x0d
.byte 0x0a, 0x20, 0x20, 0x64, 0x69, 0x73, 0x70, 0x6c, 0x61, 0x79, 0x3a, 0x20, 0x6e, 0x6f, 0x6e, 0x65
.byte 0x20, 0x21, 0x69, 0x6d, 0x70, 0x6f, 0x72, 0x74, 0x61, 0x6e, 0x74, 0x3b, 0x0d, 0x0a, 0x7d, 0x0d
.byte 0x0a, 0x0d, 0x0a, 0x2f, 0x2a, 0x20, 0xe2, 0x94, 0x80, 0xe2, 0x94, 0x80, 0x20, 0x53, 0x63, 0x72
.byte 0x6f, 0x6c, 0x6c, 0x62, 0x61, 0x72, 0x20, 0xe2, 0x94, 0x80, 0xe2, 0x94, 0x80, 0x20, 0x2a, 0x2f
.byte 0x0d, 0x0a, 0x3a, 0x3a, 0x2d, 0x77, 0x65, 0x62, 0x6b, 0x69, 0x74, 0x2d, 0x73, 0x63, 0x72, 0x6f
.byte 0x6c, 0x6c, 0x62, 0x61, 0x72, 0x20, 0x7b, 0x0d, 0x0a, 0x20, 0x20, 0x77, 0x69, 0x64, 0x74, 0x68
.byte 0x3a, 0x20, 0x36, 0x70, 0x78, 0x3b, 0x0d, 0x0a, 0x20, 0x20, 0x68, 0x65, 0x69, 0x67, 0x68, 0x74
.byte 0x3a, 0x20, 0x36, 0x70, 0x78, 0x3b, 0x0d, 0x0a, 0x7d, 0x0d, 0x0a, 0x0d, 0x0a, 0x3a, 0x3a, 0x2d
.byte 0x77, 0x65, 0x62, 0x6b, 0x69, 0x74, 0x2d, 0x73, 0x63, 0x72, 0x6f, 0x6c, 0x6c, 0x62, 0x61, 0x72
.byte 0x2d, 0x74, 0x72, 0x61, 0x63, 0x6b, 0x20, 0x7b, 0x0d, 0x0a, 0x20, 0x20, 0x62, 0x61, 0x63, 0x6b
.byte 0x67, 0x72, 0x6f, 0x75, 0x6e, 0x64, 0x3a, 0x20, 0x74, 0x72, 0x61, 0x6e, 0x73, 0x70, 0x61, 0x72
.byte 0x65, 0x6e, 0x74, 0x3b, 0x0d, 0x0a, 0x7d, 0x0d, 0x0a, 0x0d, 0x0a, 0x3a, 0x3a, 0x2d, 0x77, 0x65
.byte 0x62, 0x6b, 0x69, 0x74, 0x2d, 0x73, 0x63, 0x72, 0x6f, 0x6c, 0x6c, 0x62, 0x61, 0x72, 0x2d, 0x74
.byte 0x68, 0x75, 0x6d, 0x62, 0x20, 0x7b, 0x0d, 0x0a, 0x20, 0x20, 0x62, 0x61, 0x63, 0x6b, 0x67, 0x72
.byte 0x6f, 0x75, 0x6e, 0x64, 0x3a, 0x20, 0x72, 0x67, 0x62, 0x61, 0x28, 0x32, 0x35, 0x35, 0x2c, 0x20
.byte 0x32, 0x35, 0x35, 0x2c, 0x20, 0x32, 0x35, 0x35, 0x2c, 0x20, 0x30, 0x2e, 0x31, 0x32, 0x29, 0x3b
.byte 0x0d, 0x0a, 0x20, 0x20, 0x62, 0x6f, 0x72, 0x64, 0x65, 0x72, 0x2d, 0x72, 0x61, 0x64, 0x69, 0x75
.byte 0x73, 0x3a, 0x20, 0x39, 0x70, 0x78, 0x3b, 0x0d, 0x0a, 0x7d, 0x0d, 0x0a, 0x0d, 0x0a, 0x2f, 0x2a
.byte 0x20, 0xe2, 0x94, 0x80, 0xe2, 0x94, 0x80, 0x20, 0x52, 0x65, 0x73, 0x70, 0x6f, 0x6e, 0x73, 0x69
.byte 0x76, 0x65, 0x20, 0xe2, 0x94, 0x80, 0xe2, 0x94, 0x80, 0x20, 0x2a, 0x2f, 0x0d, 0x0a, 0x40, 0x6d
.byte 0x65, 0x64, 0x69, 0x61, 0x20, 0x28, 0x6d, 0x61, 0x78, 0x2d, 0x77, 0x69, 0x64, 0x74, 0x68, 0x3a
.byte 0x20, 0x37, 0x30, 0x30, 0x70, 0x78, 0x29, 0x20, 0x7b, 0x0d, 0x0a, 0x20, 0x20, 0x6e, 0x61, 0x76
.byte 0x20, 0x7b, 0x0d, 0x0a, 0x20, 0x20, 0x20, 0x20, 0x70, 0x61, 0x64, 0x64, 0x69, 0x6e, 0x67, 0x3a
.byte 0x20, 0x30, 0x20, 0x31, 0x72, 0x65, 0x6d, 0x3b, 0x0d, 0x0a, 0x20, 0x20, 0x7d, 0x0d, 0x0a, 0x0d
.byte 0x0a, 0x20, 0x20, 0x2e, 0x70, 0x61, 0x67, 0x65, 0x2d, 0x68, 0x65, 0x61, 0x64, 0x65, 0x72, 0x20
.byte 0x7b, 0x0d, 0x0a, 0x20, 0x20, 0x20, 0x20, 0x70, 0x61, 0x64, 0x64, 0x69, 0x6e, 0x67, 0x3a, 0x20
.byte 0x32, 0x72, 0x65, 0x6d, 0x20, 0x31, 0x2e, 0x35, 0x72, 0x65, 0x6d, 0x3b, 0x0d, 0x0a, 0x20, 0x20
.byte 0x7d, 0x0d, 0x0a, 0x0d, 0x0a, 0x20, 0x20, 0x6d, 0x61, 0x69, 0x6e, 0x20, 0x7b, 0x0d, 0x0a, 0x20
.byte 0x20, 0x20, 0x20, 0x70, 0x61, 0x64, 0x64, 0x69, 0x6e, 0x67, 0x3a, 0x20, 0x31, 0x2e, 0x32, 0x35
.byte 0x72, 0x65, 0x6d, 0x20, 0x31, 0x72, 0x65, 0x6d, 0x20, 0x33, 0x72, 0x65, 0x6d, 0x3b, 0x0d, 0x0a
.byte 0x20, 0x20, 0x7d, 0x0d, 0x0a, 0x0d, 0x0a, 0x20, 0x20, 0x2e, 0x73, 0x74, 0x61, 0x74, 0x75, 0x73
.byte 0x2d, 0x62, 0x61, 0x72, 0x20, 0x7b, 0x0d, 0x0a, 0x20, 0x20, 0x20, 0x20, 0x70, 0x61, 0x64, 0x64
.byte 0x69, 0x6e, 0x67, 0x3a, 0x20, 0x30, 0x2e, 0x37, 0x35, 0x72, 0x65, 0x6d, 0x20, 0x31, 0x72, 0x65
.byte 0x6d, 0x3b, 0x0d, 0x0a, 0x20, 0x20, 0x20, 0x20, 0x66, 0x6c, 0x65, 0x78, 0x2d, 0x64, 0x69, 0x72
.byte 0x65, 0x63, 0x74, 0x69, 0x6f, 0x6e, 0x3a, 0x20, 0x63, 0x6f, 0x6c, 0x75, 0x6d, 0x6e, 0x3b, 0x0d
.byte 0x0a, 0x20, 0x20, 0x20, 0x20, 0x61, 0x6c, 0x69, 0x67, 0x6e, 0x2d, 0x69, 0x74, 0x65, 0x6d, 0x73
.byte 0x3a, 0x20, 0x66, 0x6c, 0x65, 0x78, 0x2d, 0x73, 0x74, 0x61, 0x72, 0x74, 0x3b, 0x0d, 0x0a, 0x20
.byte 0x20, 0x7d, 0x0d, 0x0a, 0x0d, 0x0a, 0x20, 0x20, 0x2e, 0x73, 0x65, 0x63, 0x74, 0x69, 0x6f, 0x6e
.byte 0x2d, 0x68, 0x65, 0x61, 0x64, 0x65, 0x72, 0x20, 0x7b, 0x0d, 0x0a, 0x20, 0x20, 0x20, 0x20, 0x70
.byte 0x61, 0x64, 0x64, 0x69, 0x6e, 0x67, 0x3a, 0x20, 0x30, 0x2e, 0x38, 0x35, 0x72, 0x65, 0x6d, 0x20
.byte 0x31, 0x72, 0x65, 0x6d, 0x3b, 0x0d, 0x0a, 0x20, 0x20, 0x7d, 0x0d, 0x0a, 0x0d, 0x0a, 0x20, 0x20
.byte 0x2e, 0x73, 0x65, 0x63, 0x74, 0x69, 0x6f, 0x6e, 0x2d, 0x62, 0x6f, 0x64, 0x79, 0x20, 0x7b, 0x0d
.byte 0x0a, 0x20, 0x20, 0x20, 0x20, 0x70, 0x61, 0x64, 0x64, 0x69, 0x6e, 0x67, 0x3a, 0x20, 0x30, 0x20
.byte 0x31, 0x72, 0x65, 0x6d, 0x20, 0x31, 0x72, 0x65, 0x6d, 0x3b, 0x0d, 0x0a, 0x20, 0x20, 0x7d, 0x0d
.byte 0x0a, 0x0d, 0x0a, 0x20, 0x20, 0x2e, 0x66, 0x6f, 0x72, 0x6d, 0x2d, 0x67, 0x72, 0x69, 0x64, 0x20
.byte 0x7b, 0x0d, 0x0a, 0x20, 0x20, 0x20, 0x20, 0x67, 0x72, 0x69, 0x64, 0x2d, 0x74, 0x65, 0x6d, 0x70
.byte 0x6c, 0x61, 0x74, 0x65, 0x2d, 0x63, 0x6f, 0x6c, 0x75, 0x6d, 0x6e, 0x73, 0x3a, 0x20, 0x31, 0x66
.byte 0x72, 0x3b, 0x0d, 0x0a, 0x20, 0x20, 0x7d, 0x0d, 0x0a, 0x0d, 0x0a, 0x20, 0x20, 0x2e, 0x66, 0x6f
.byte 0x72, 0x6d, 0x2d, 0x67, 0x72, 0x6f, 0x75, 0x70, 0x2e, 0x66, 0x75, 0x6c, 0x6c, 0x20, 0x7b, 0x0d
.byte 0x0a, 0x20, 0x20, 0x20, 0x20, 0x67, 0x72, 0x69, 0x64, 0x2d, 0x63, 0x6f, 0x6c, 0x75, 0x6d, 0x6e
.byte 0x3a, 0x20, 0x61, 0x75, 0x74, 0x6f, 0x3b, 0x0d, 0x0a, 0x20, 0x20, 0x7d, 0x0d, 0x0a, 0x0d, 0x0a
.byte 0x20, 0x20, 0x2e, 0x63, 0x6f, 0x6e, 0x66, 0x69, 0x67, 0x2d, 0x62, 0x61, 0x6e, 0x6e, 0x65, 0x72
.byte 0x2d, 0x77, 0x72, 0x61, 0x70, 0x20, 0x7b, 0x0d, 0x0a, 0x20, 0x20, 0x20, 0x20, 0x70, 0x61, 0x64
.byte 0x64, 0x69, 0x6e, 0x67, 0x3a, 0x20, 0x31, 0x72, 0x65, 0x6d, 0x20, 0x31, 0x72, 0x65, 0x6d, 0x20
.byte 0x30, 0x3b, 0x0d, 0x0a, 0x20, 0x20, 0x7d, 0x0d, 0x0a, 0x0d, 0x0a, 0x20, 0x20, 0x2e, 0x63, 0x6f
.byte 0x6e, 0x66, 0x69, 0x67, 0x2d, 0x61, 0x63, 0x74, 0x69, 0x6f, 0x6e, 0x73, 0x20, 0x7b, 0x0d, 0x0a
.byte 0x20, 0x20, 0x20, 0x20, 0x70, 0x61, 0x64, 0x64, 0x69, 0x6e, 0x67, 0x3a, 0x20, 0x31, 0x72, 0x65
.byte 0x6d, 0x3b, 0x0d, 0x0a, 0x20, 0x20, 0x20, 0x20, 0x66, 0x6c, 0x65, 0x78, 0x2d, 0x64, 0x69, 0x72
.byte 0x65, 0x63, 0x74, 0x69, 0x6f, 0x6e, 0x3a, 0x20, 0x63, 0x6f, 0x6c, 0x75, 0x6d, 0x6e, 0x3b, 0x0d
.byte 0x0a, 0x20, 0x20, 0x20, 0x20, 0x61, 0x6c, 0x69, 0x67, 0x6e, 0x2d, 0x69, 0x74, 0x65, 0x6d, 0x73
.byte 0x3a, 0x20, 0x73, 0x74, 0x72, 0x65, 0x74, 0x63, 0x68, 0x3b, 0x0d, 0x0a, 0x20, 0x20, 0x7d, 0x0d
.byte 0x0a, 0x0d, 0x0a, 0x20, 0x20, 0x2e, 0x66, 0x69, 0x6c, 0x65, 0x2d, 0x70, 0x61, 0x6e, 0x65, 0x6c
.byte 0x20, 0x7b, 0x0d, 0x0a, 0x20, 0x20, 0x20, 0x20, 0x70, 0x61, 0x64, 0x64, 0x69, 0x6e, 0x67, 0x3a
.byte 0x20, 0x31, 0x72, 0x65, 0x6d, 0x3b, 0x0d, 0x0a, 0x20, 0x20, 0x7d, 0x0d, 0x0a, 0x0d, 0x0a, 0x20
.byte 0x20, 0x2e, 0x74, 0x61, 0x62, 0x2d, 0x62, 0x74, 0x6e, 0x20, 0x7b, 0x0d, 0x0a, 0x20, 0x20, 0x20
.byte 0x20, 0x70, 0x61, 0x64, 0x64, 0x69, 0x6e, 0x67, 0x3a, 0x20, 0x30, 0x2e, 0x36, 0x72, 0x65, 0x6d
.byte 0x20, 0x31, 0x72, 0x65, 0x6d, 0x3b, 0x0d, 0x0a, 0x20, 0x20, 0x20, 0x20, 0x66, 0x6f, 0x6e, 0x74
.byte 0x2d, 0x73, 0x69, 0x7a, 0x65, 0x3a, 0x20, 0x30, 0x2e, 0x38, 0x32, 0x72, 0x65, 0x6d, 0x3b, 0x0d
.byte 0x0a, 0x20, 0x20, 0x7d, 0x0d, 0x0a, 0x0d, 0x0a, 0x20, 0x20, 0x66, 0x6f, 0x6f, 0x74, 0x65, 0x72
.byte 0x20, 0x7b, 0x0d, 0x0a, 0x20, 0x20, 0x20, 0x20, 0x66, 0x6c, 0x65, 0x78, 0x2d, 0x64, 0x69, 0x72
.byte 0x65, 0x63, 0x74, 0x69, 0x6f, 0x6e, 0x3a, 0x20, 0x63, 0x6f, 0x6c, 0x75, 0x6d, 0x6e, 0x3b, 0x0d
.byte 0x0a, 0x20, 0x20, 0x20, 0x20, 0x67, 0x61, 0x70, 0x3a, 0x20, 0x30, 0x2e, 0x37, 0x35, 0x72, 0x65
.byte 0x6d, 0x3b, 0x0d, 0x0a, 0x20, 0x20, 0x20, 0x20, 0x74, 0x65, 0x78, 0x74, 0x2d, 0x61, 0x6c, 0x69
.byte 0x67, 0x6e, 0x3a, 0x20, 0x63, 0x65, 0x6e, 0x74, 0x65, 0x72, 0x3b, 0x0d, 0x0a, 0x20, 0x20, 0x7d
.byte 0x0d, 0x0a, 0x7d, 0x0d, 0x0a, 0x00

.global _binary_styles_css_end
_binary_styles_css_end: /* for objcopy compatibility */


.global styles_css_length
styles_css_length: /* not including null byte */
.long 22501

#if defined (__linux__)
.section .note.GNU-stack,"",@progbits
#endif
